CO_PESSOA_FISICA;ID_TURMA;ID_MATRICULA;NU_ANO;NU_IDADE_REFERENCIA;TP_SEXO;TP_COR_RACA;TP_NACIONALIDADE;CO_UF_NASC;CO_MUNICIPIO_NASC;CO_PAIS_RESIDENCIA;CO_UF_END;CO_MUNICIPIO_END;TP_ZONA_RESIDENCIAL;IN_NECESSIDADE_ESPECIAL;IN_TRANSPORTE_PUBLICO;IN_TRANSP_BICICLETA;IN_TRANSP_MICRO_ONIBUS;IN_TRANSP_ONIBUS;IN_TRANSP_TR_ANIMAL;IN_TRANSP_VANS_KOMBI;IN_TRANSP_OUTRO_VEICULO;IN_TRANSP_EMBAR_ATE5;IN_TRANSP_EMBAR_5A15;IN_TRANSP_EMBAR_15A35;IN_TRANSP_EMBAR_35;IN_ESPECIAL_EXCLUSIVA;IN_REGULAR;IN_EJA;IN_PROFISSIONALIZANTE;CO_ENTIDADE;TP_SITUACAO;TP_ETAPA_ENSINO;NU_DIAS_ATIVIDADE;QT_ESCOLAS_ANO;IN_TRANSFERIDO;IN_CONCLUINTE_FINAL;IN_FALECIDO;N_MATRICULAS_REG;IN_TROCA_ESCOLA;evadiu
1000000000;34;1;2019;19;1;1;1;;00004171;00000001;00000003;00004089;1;0;0;;;;;;;;;;;0;1;0;0;11000004;5;2;5;1;0;0;0;1;0;0
1000000003;11;4;2019;4;2;0;1;;00002237;00000001;00000019;;1;0;0;;;;0;;;;;;;0;1;0;0;11000001;2;1;5;1;1;0;0;1;0;1
1000000004;137;5;2019;6;1;3;1;;00000652;00000001;00000013;00000075;2;0;1;;0;;;;0;;;0;0;0;1;1;0;11000019;9;21;5;1;0;0;0;1;0;0
1000000006;131;7;2019;4;2;3;1;;00005506;00000001;00000001;00004977;1;0;0;;;;0;;0;;;;;0;1;0;1;11000018;5;2;5;1;0;0;0;1;0;0
1000000007;158;8;2019;14;2;3;1;;00005441;00000002;;00002257;1;0;1;0;;;;;;;;;;0;1;0;0;11000022;5;41;5;1;0;0;0;1;0;0
1000000008;174;9;2019;6;1;3;1;;00003571;00000002;;00003522;2;0;0;;;;0;;0;;;;;0;1;0;0;11000024;5;2;5;1;0;0;0;1;0;0
1000000009;164;10;2019;5;1;0;1;;00001155;00000001;00000017;;2;0;0;;;;;;;0;0;0;0;0;1;0;0;11000023;9;56;5;1;0;0;0;1;0;0
1000000010;4;11;2019;8;2;1;1;;00003246;00000001;00000010;00005340;2;0;0;0;;;;;;;0;;;0;1;0;0;11000000;9;19;5;1;0;0;0;1;0;0
1000000012;165;13;2019;20;2;1;1;;00002617;00000001;00000011;00005049;1;0;0;;;;;;0;0;;0;;0;1;0;0;11000023;5;26;1;1;0;0;0;1;0;0
1000000014;66;15;2019;8;1;3;1;;00002925;00000002;00000017;00004801;1;0;0;0;;;;;;;;;0;;1;0;0;11000009;2;70;5;1;0;0;0;1;0;1
1000000015;50;16;2019;21;1;0;1;;00004126;00000002;00000004;00001205;2;0;0;0;;;0;;0;;;;0;0;1;0;0;11000007;5;25;5;1;0;0;0;1;0;0
1000000016;57;17;2019;35;2;3;1;;00003481;00000001;;00000240;1;0;0;;0;;;;;;;;;0;1;0;0;11000008;5;16;5;1;0;0;0;1;0;0
1000000017;82;18;2019;12;1;0;1;;00002012;00000001;00000019;00002486;1;0;0;;;;;0;;;;;;0;1;0;0;11000011;9;19;5;1;0;0;0;1;0;0
1000000018;66;19;2019;8;1;0;1;;00005526;00000002;00000004;;1;0;1;;;1;;;;;;;;0;1;0;0;11000009;5;70;5;1;0;0;0;1;0;0
1000000019;11;20;2019;16;1;1;1;;00004687;00000001;00000009;;1;0;0;;;1;;0;;;;;;0;1;0;0;11000001;9;1;5;1;0;0;0;1;0;0
1000000020;159;21;2019;19;2;3;1;;00004085;00000002;00000017;00004519;2;0;0;;0;;0;;;;0;;0;0;1;0;0;11000022;9;19;5;1;0;0;0;1;0;0
1000000022;103;23;2019;45;2;0;1;;00001148;00000002;;00001679;1;0;0;;;;;;;;;;;0;1;0;0;11000014;4;2;5;1;0;0;0;1;0;0
1000000023;58;24;2019;23;1;1;1;;00001037;00000002;00000006;00001654;1;0;0;;1;;;;;;;;;0;1;0;0;11000008;;;5;1;0;0;0;1;0;0
1000000025;72;26;2019;7;1;3;1;;00002318;00000002;;;1;0;0;0;;;;;;;0;;;0;1;0;0;11000010;9;18;5;1;0;0;0;1;0;0
1000000026;127;27;2019;15;2;3;1;;00004566;00000002;00000010;00003227;1;0;0;;0;;;;;;;;;0;1;;0;11000018;9;41;5;1;0;0;0;1;0;0
1000000027;87;28;2019;19;2;0;1;;00004643;00000001;00000013;00005466;1;0;0;;;;;0;;;0;;0;0;1;0;0;11000012;5;;5;1;0;0;0;1;0;0
1000000028;9;29;2019;8;1;1;1;;00001366;00000002;00000001;00003906;2;0;0;;;;;;;;;;;0;1;0;0;11000001;9;2;3;1;0;0;0;1;0;0
1000000029;49;30;2019;4;1;1;1;;00004998;00000001;;00002395;1;0;0;;;;;;;;;;0;0;1;0;0;11000006;9;15;5;1;0;0;0;1;0;0
1000000030;210;31;2019;4;2;0;1;;00002126;00000001;00000015;00002055;1;0;0;;;;;;0;;;;;0;1;0;0;11000029;5;;5;1;0;0;0;1;0;0
1000000031;206;32;2019;17;2;0;1;;00000770;00000002;00000012;00001688;2;0;1;;;;0;;;;0;0;;0;1;0;0;11000029;5;1;5;1;0;0;0;1;0;0
1000000032;31;33;2019;15;2;0;1;;00002854;00000002;00000017;00001181;1;0;0;;;;;;;;;;;0;1;;0;11000004;5;;5;1;0;0;0;1;0;0
1000000033;168;34;2019;5;2;0;1;;00005063;00000002;00000009;;1;0;0;;;;;;;;0;;;0;1;0;0;11000023;5;15;5;1;0;0;0;1;0;0
1000000034;68;35;2019;13;1;0;1;;00000783;00000002;00000027;;2;0;0;;;1;;0;;0;;;;0;1;0;;11000009;2;21;5;1;0;0;0;1;0;1
1000000035;177;36;2019;4;2;1;1;;00002280;00000001;00000020;00003796;2;0;1;;0;;;0;;;;;;0;1;0;0;11000025;5;16;1;1;0;0;0;1;0;0
1000000036;48;37;2019;13;2;1;1;;;00000001;00000026;;1;0;1;;0;;0;;;;;0;0;0;1;0;0;11000006;5;70;5;1;0;0;0;1;0;0
1000000039;13;40;2019;16;1;1;1;;00001398;00000001;;00003026;1;0;1;0;;;;;;;;;;;1;0;0;11000001;5;17;2;1;0;0;0;1;0;0
1000000040;187;41;2019;15;1;1;1;;00003350;00000002;00000026;00003361;1;1;0;;;;;0;0;;0;;0;0;1;;0;11000026;4;26;5;1;0;0;0;1;0;0
1000000041;193;42;2019;15;2;3;1;;00003564;00000002;00000023;00002056;1;0;0;;;;0;;0;0;;;;0;1;0;0;11000027;;;5;1;0;0;0;1;0;0
1000000042;82;43;2019;13;2;1;1;;00000683;00000002;00000003;00004243;1;0;0;;;;;;;;;;;0;1;0;0;11000011;5;19;5;1;0;0;0;1;0;0
1000000043;134;44;2019;36;1;3;1;;00002309;00000002;00000024;00002770;2;0;0;0;;1;;;;0;;;;0;1;0;0;11000019;9;14;6;1;0;0;0;1;0;1
1000000044;87;45;2019;15;2;3;1;;00000436;00000001;00000020;00002431;1;0;0;;0;;;;0;;;;;0;1;0;0;11000012;5;;5;1;0;0;0;1;0;0
1000000045;74;46;2019;4;2;1;1;;00001000;00000001;00000026;;1;0;0;;;;;;0;;0;;;0;1;1;1;11000010;2;3;1;1;0;0;0;1;0;0
1000000046;72;47;2019;4;1;0;1;;00005350;00000001;;;1;0;1;;;;;;;;;;;0;1;;;11000010;5;18;5;1;0;0;0;1;0;0
1000000047;118;48;2019;6;2;1;1;;00002779;00000002;00000007;00004263;1;0;0;;;;;;;;;;;0;1;0;0;11000016;5;21;5;1;0;0;0;1;0;0
1000000051;165;52;2019;9;2;1;1;;00002029;00000001;00000021;00003465;1;0;0;0;;1;;0;;;;0;;0;1;0;0;11000023;5;26;1;1;0;0;0;1;0;0
1000000052;159;53;2019;15;2;0;1;;00003627;00000002;;00004670;1;0;0;;;;0;0;0;;;;;0;1;;0;11000022;5;19;5;1;0;0;0;1;0;0
1000000054;172;55;2019;13;1;0;1;;00003076;00000001;;00005438;1;0;0;;;;;;;;;;;;1;1;0;11000024;2;71;1;1;0;0;0;1;0;0
1000000055;40;56;2019;4;1;1;1;;00003489;00000001;;;2;0;0;;0;1;;;0;;;;;0;1;0;0;11000005;9;41;5;1;0;0;0;1;0;0
1000000056;162;57;2019;5;1;0;1;;00005565;00000001;;00002308;1;1;0;;;;;;;;;;;0;1;0;0;11000023;5;16;5;1;0;0;0;1;0;0
1000000057;186;58;2019;14;2;3;1;;00001563;00000001;;00000534;1;0;0;;0;;;;;0;;;;0;1;0;0;11000026;5;17;5;1;0;0;0;1;0;0
1000000058;88;59;2019;11;2;1;1;;00003161;00000001;00000008;00005450;1;0;0;0;;;0;;;0;;;;0;1;0;0;11000012;5;27;5;1;0;0;0;1;0;0
1000000059;168;60;2019;7;1;0;1;;00003869;00000001;;00000136;1;0;0;0;;;;;0;;;;0;0;1;0;0;11000023;5;15;5;1;0;0;0;1;0;0
1000000061;31;62;2019;40;2;0;1;;00001871;00000001;00000014;00000583;1;0;0;0;;;;0;0;;;;;0;1;0;0;11000004;5;;5;1;0;0;0;1;0;0
1000000063;179;64;2019;16;1;3;1;;00002826;00000001;;00000064;1;1;0;;;;;;;;;;;0;1;0;0;11000025;9;2;5;1;0;0;0;1;0;0
1000000064;215;65;2019;4;1;3;1;;00000425;00000001;;00001029;2;0;0;;;;;;;;;;;0;1;0;0;11000030;5;41;5;1;0;0;0;1;0;0
1000000065;70;66;2019;14;1;3;1;;00000967;00000002;00000027;00000808;1;0;1;;;;;0;;;;;;0;1;;0;11000009;5;18;5;1;0;0;0;1;0;0
1000000066;118;67;2019;11;2;3;1;;00003928;00000002;00000019;00000486;2;0;0;;;;0;;;;;0;;0;1;0;0;11000016;5;21;5;1;0;0;0;1;0;0
1000000067;93;68;2019;4;1;3;1;;00000513;00000001;00000019;00002635;1;0;0;;;;;;;;;;;0;1;0;0;11000013;5;26;5;1;0;0;0;1;0;0
1000000069;175;70;2019;10;1;0;1;;00001328;00000001;00000001;00001418;1;0;0;0;;;;0;1;;;;;0;1;0;0;11000024;5;1;5;1;0;0;0;1;0;0
1000000070;72;71;2019;13;2;1;1;;00002078;00000001;00000017;00001459;1;0;0;;;;0;;;;;;;0;1;1;0;11000010;4;18;5;1;0;0;0;1;0;0
1000000071;213;72;2019;14;2;0;1;;00001527;00000001;00000004;00000386;1;0;0;;;;;;0;;;;;0;1;0;0;11000030;9;18;5;1;0;0;0;1;0;0
1000000072;89;73;2019;10;2;3;1;;00002520;00000002;;;1;0;1;;;;;;;;0;0;;0;1;0;0;11000012;9;16;1;1;0;0;0;1;0;0
1000000073;92;74;2019;8;1;3;1;;00003404;00000002;00000017;00001277;2;0;0;;;;;;;;;;;;1;;;11000013;5;1;5;1;0;0;0;1;0;0
1000000075;112;76;2019;5;2;2;1;;00004972;00000001;00000015;00001408;1;0;1;;;;;;;0;;0;;0;1;;0;11000015;9;18;5;1;0;0;0;1;0;0
1000000076;5;77;2019;13;2;0;1;;00004822;00000001;;00001095;1;0;0;;;1;;;;;;;;0;1;0;0;11000000;5;21;5;1;0;0;0;1;0;0
1000000077;131;78;2019;9;1;0;1;;00000625;00000002;00000016;00004715;1;0;0;;;;;;0;;;;;0;1;0;;11000018;9;2;5;1;0;0;0;1;0;0
1000000079;80;80;2019;13;2;0;1;;00002218;00000001;00000008;00001103;1;0;0;0;;;;;;;;;0;0;1;0;0;11000011;2;20;5;1;0;0;0;1;0;0
1000000080;3;81;2019;16;1;3;1;;00000905;00000002;00000015;00001944;1;0;0;;;;;;;;;;;0;1;0;0;11000000;5;16;5;1;0;0;0;1;0;0
1000000081;184;82;2019;14;2;1;1;;00004581;00000001;00000002;;1;0;0;0;;;;;;;;0;;0;1;0;1;11000026;9;21;5;1;0;0;0;1;0;0
1000000082;136;83;2019;9;2;3;1;;00001282;00000001;00000004;00002832;1;0;0;;;;;;;;;;0;0;1;1;0;11000019;9;2;5;1;0;0;0;1;0;0
1000000083;160;84;2019;6;2;0;1;;00001077;00000001;00000023;00002669;1;0;0;;;;;;0;;;;;0;1;0;0;11000022;5;;5;1;0;0;0;1;0;0
1000000084;63;85;2019;17;1;3;1;;00001965;00000002;00000020;00002922;2;0;0;;;;;0;0;;;;;0;1;1;0;11000008;4;25;5;1;0;0;0;1;0;0
1000000085;39;86;2019;16;1;0;1;;00000067;00000001;;00003601;1;0;0;;;;;;;;;0;;0;1;1;0;11000005;5;27;5;1;1;0;0;1;0;0
1000000086;39;87;2019;10;1;3;1;;00002865;00000001;00000001;;1;0;0;;;1;;0;;;;;;0;1;0;0;11000005;9;27;5;1;0;0;0;1;0;0
1000000087;164;88;2019;12;1;3;1;;00004317;00000001;00000013;;1;0;0;0;;;;;;0;;;;0;1;0;0;11000023;5;56;5;1;0;0;0;1;0;0
1000000088;176;89;2019;12;1;3;1;;00004744;00000001;00000001;00002169;1;0;0;;;;;;;;;;;0;1;0;0;11000025;5;26;5;1;0;0;0;1;0;0
1000000090;31;91;2019;6;1;3;1;;00002549;00000002;;;1;0;0;;;;;;;;;0;;0;1;0;0;11000004;5;;5;1;0;0;0;1;0;0
1000000091;111;92;2019;13;2;3;1;;00000928;00000001;00000003;00005119;2;0;1;;;;;;;;;;;0;1;0;0;11000015;;14;3;1;0;0;0;1;0;0
1000000092;5;93;2019;10;1;3;1;;00002047;00000001;00000007;00003002;1;0;0;;;1;;;;0;0;;;0;1;0;0;11000000;4;21;5;1;0;0;0;1;0;0
1000000093;106;94;2019;20;1;3;1;;00004350;00000001;00000001;;2;0;0;;0;;;;;;0;;;0;1;0;0;11000015;5;16;5;1;0;0;0;1;0;0
1000000094;197;95;2019;4;2;3;1;;00001120;00000001;00000019;;2;0;0;;;;;0;;;;;0;0;1;0;0;11000028;5;2;5;1;0;0;0;1;0;0
1000000096;43;97;2019;9;1;1;1;;00004668;00000001;00000003;;1;0;0;;;1;;;;;;;;0;1;0;;11000006;2;2;5;1;0;0;0;1;0;0
1000000097;145;98;2019;7;1;0;1;;00003087;00000001;;00004437;1;0;0;;;;;0;;0;;;;0;1;0;0;11000020;5;26;1;1;0;0;0;1;0;0
1000000098;153;99;2019;4;1;1;1;;00004345;00000002;00000010;00004857;1;0;0;;;1;;;;;;0;;0;1;1;0;11000021;5;15;5;1;0;0;0;1;0;0
1000000099;127;100;2019;6;2;1;1;;00000201;00000001;;00003641;1;0;0;;;;;;;;;;0;0;1;0;0;11000018;4;41;5;1;0;0;0;1;0;0
1000000100;107;101;2019;6;2;0;1;;00002027;00000002;;;1;0;1;0;;;0;;;0;;;;0;1;0;0;11000015;5;20;5;1;0;0;0;1;0;0
1000000101;35;102;2019;10;1;3;1;;00001844;00000002;;;1;0;;0;0;1;;;;;0;;;0;1;0;0;11000004;5;15;5;1;0;0;0;1;0;0
1000000102;79;103;2019;10;2;0;1;;00000627;00000002;00000012;;1;0;0;;;;;;;0;;0;;0;1;0;0;11000011;5;21;5;1;0;0;0;1;0;0
1000000103;88;104;2019;15;1;1;1;;00000632;00000002;00000021;00003463;1;0;0;0;;;0;;;;;;;0;1;0;;11000012;5;27;5;1;0;0;0;1;0;0
1000000104;49;105;2019;22;1;3;1;;00000779;00000001;00000026;00001217;1;0;0;;;;;0;;;;;;0;1;0;0;11000006;2;15;5;1;0;0;0;1;0;0
1000000106;23;107;2019;4;1;1;1;;00004103;00000001;00000015;00004084;2;0;0;;;;;;;;;;;0;1;0;1;11000003;5;;5;1;0;0;0;1;0;0
1000000107;152;108;2019;4;2;0;1;;00003213;00000001;00000009;;2;0;0;;;;;;;0;;;;0;1;1;0;11000021;5;19;5;1;0;0;0;1;0;0
1000000108;153;109;2019;7;1;5;1;;00004152;00000001;00000021;00000342;1;0;0;;;;;;;0;;;;0;1;0;0;11000021;4;15;5;1;0;0;0;1;0;0
1000000109;109;110;2019;13;1;3;1;;00004523;00000001;00000016;00002239;1;0;1;0;0;;0;;;0;;0;0;0;1;0;0;11000015;9;25;5;1;0;0;0;1;0;0
1000000110;91;111;2019;16;1;3;1;;00000141;00000002;;;2;0;0;0;;;;0;;;0;;0;0;1;0;;11000012;5;2;5;1;0;0;0;1;0;0
1000000111;146;112;2019;4;1;1;1;;00003079;00000001;00000013;00000863;1;0;0;;;;;0;;;;;;0;1;0;0;11000020;5;70;1;1;0;0;0;1;0;0
1000000113;123;114;2019;8;2;3;1;;00003165;00000001;00000025;00005197;1;0;0;;;;;;;;;0;;0;1;0;0;11000017;5;14;5;1;0;0;0;1;0;0
1000000114;115;115;2019;7;1;3;1;;00005441;00000002;00000003;00003794;1;0;0;;;;;;;0;0;;;0;1;0;0;11000016;;2;5;1;0;0;0;1;0;0
1000000116;11;117;2019;13;1;0;1;;00002467;00000001;;00004044;2;0;0;;;;;0;;0;;0;;0;1;0;0;11000001;9;1;5;1;0;0;0;1;0;0
1000000117;142;118;2019;9;2;3;1;;00002772;00000001;;00002443;1;0;0;;;;;0;0;;;;0;0;1;;;11000020;4;2;5;1;0;0;0;1;0;1
1000000119;208;120;2019;4;1;1;1;;00005019;00000002;00000022;00000170;1;0;0;;;1;;0;;;;;;0;1;0;;11000029;5;16;5;1;0;0;0;1;0;0
1000000120;154;121;2019;9;2;3;1;;00000297;00000002;00000008;;1;0;0;0;;;0;;;;;0;0;0;1;0;0;11000021;5;2;5;1;0;0;0;1;0;0
1000000121;69;122;2019;15;1;3;1;;00001475;00000001;00000017;00003352;1;0;0;;;;0;;;;;;;0;1;0;1;11000009;5;21;5;1;0;0;0;1;0;0
1000000122;193;123;2019;16;1;0;1;;00001491;00000001;00000003;;1;0;0;;;;0;;;;0;0;;;1;0;0;11000027;5;;5;1;0;0;0;1;0;0
1000000123;35;124;2019;16;2;1;1;;00001787;00000002;;00005054;1;0;0;0;;;;1;;;;;;0;1;0;0;11000004;5;15;5;1;0;0;0;1;0;0
1000000124;201;125;2019;5;1;0;1;;00000532;00000001;;00002178;1;0;0;0;0;;;0;0;;;;;0;1;0;;11000028;5;14;5;1;0;0;0;1;0;0
1000000125;167;126;2019;15;1;1;1;;00002690;00000001;;00005034;1;0;1;;;;;;;0;;;;0;1;0;0;11000023;9;17;5;1;0;0;0;1;0;0
1000000126;90;127;2019;4;2;0;1;;00004304;00000001;00000005;00002273;1;0;;;;;;;0;;0;;;0;1;0;0;11000012;5;25;5;1;0;0;0;1;0;0
1000000127;27;128;2019;28;1;0;1;;00005436;00000002;;00005308;2;0;0;0;0;;;;;;;;0;0;1;0;0;11000003;5;;6;1;0;0;0;1;0;0
1000000128;137;129;2019;10;2;3;1;;00005486;00000001;00000006;00001131;1;0;0;;;;;;;;;0;;0;1;0;0;11000019;;21;5;1;0;0;0;1;0;0
1000000129;16;130;2019;4;2;1;1;;00001748;00000002;00000016;00001413;1;0;0;0;;1;;;;;;;;0;1;0;0;11000002;5;18;5;1;0;0;0;1;0;0
1000000130;71;131;2019;19;2;1;1;;00000163;00000002;;00003617;1;0;0;;;;;;;;;;;0;1;0;0;11000010;4;14;5;1;0;0;0;1;0;0
1000000131;183;132;2019;16;2;3;1;;00000201;00000001;00000006;00002146;1;0;0;0;;;;;0;;;0;0;0;1;0;;11000026;4;19;5;1;0;0;0;1;0;0
1000000132;74;133;2019;6;1;0;1;;00000805;00000002;00000011;00000776;1;0;0;;;;;;;;;;;;1;0;0;11000010;5;3;1;1;0;0;0;1;0;0
1000000133;98;134;2019;21;1;2;1;;00000133;00000002;00000014;;1;0;0;0;;;0;;0;;0;;;0;1;0;0;11000013;9;2;5;1;0;0;0;1;0;0
1000000134;22;135;2019;4;2;1;1;;00002084;00000001;00000025;00001305;1;0;1;;;1;;;;0;;0;;0;1;0;0;11000003;5;14;6;1;0;0;0;1;0;0
1000000136;170;137;2019;17;1;3;1;;00001905;00000001;00000018;;1;0;1;;;;;;;;0;;0;0;1;1;;11000024;5;26;5;1;0;0;0;1;0;0
1000000137;113;138;2019;12;2;1;1;;00004230;00000001;00000019;00005018;1;0;1;;;;;;;0;0;;0;0;1;0;0;11000016;5;15;5;1;0;0;0;1;0;0
1000000139;176;140;2019;6;2;3;1;;00002742;00000001;00000022;00002295;1;0;0;;;1;;;;;;;;0;1;0;0;11000025;4;26;5;1;0;0;0;1;0;0
1000000140;7;141;2019;14;1;3;1;;00004305;00000001;;;1;0;0;0;;;0;;;;;;;0;1;0;0;11000000;9;14;5;1;0;0;0;1;0;0
1000000142;136;143;2019;8;1;3;1;;00003058;00000001;00000026;00003946;1;0;0;;;;0;;0;;;;;0;1;0;0;11000019;9;2;5;1;0;0;0;1;0;0
1000000144;129;145;2019;4;2;1;1;;00003299;00000002;;00003765;1;0;1;;;;;;;0;;;;0;1;0;;11000018;4;20;5;1;0;0;0;1;0;0
1000000146;117;147;2019;14;2;0;1;;00000056;00000002;00000012;00004143;2;0;1;;;;;;;;;;;0;1;0;0;11000016;5;18;5;1;0;0;0;1;0;0
1000000147;183;148;2019;22;2;1;1;;00004489;00000002;00000001;00002610;1;0;0;;;;;1;;;;;;0;1;0;0;11000026;;19;5;1;0;0;0;1;0;0
1000000148;65;149;2019;11;1;1;1;;00004424;00000001;00000002;00001217;1;0;0;0;;1;;;;;;;;0;1;;;11000009;5;1;5;1;0;0;0;1;0;0
1000000149;46;150;2019;14;2;1;1;;00002324;00000002;00000024;00003103;2;0;1;0;;;;0;0;;;;;0;1;0;0;11000006;5;18;5;1;0;0;0;1;0;0
1000000150;8;151;2019;5;2;0;1;;00004510;00000002;00000024;00004448;1;0;0;;;;0;0;;0;;;;0;1;0;0;11000001;5;17;5;1;0;0;0;1;0;0
1000000152;191;153;2019;17;1;3;1;;00003915;00000001;;;1;0;0;;;0;;;;0;;;;0;1;0;0;11000027;5;18;5;1;0;0;0;1;0;0
1000000153;157;154;2019;15;1;1;1;;00000706;00000001;00000015;00004115;1;0;0;;;;;;0;;;;;0;1;0;0;11000022;9;14;5;1;0;0;0;1;0;0
1000000154;71;155;2019;5;2;0;1;;00003571;00000001;00000014;00001919;1;0;0;;;;;;;;;0;0;0;1;1;0;11000010;5;14;5;1;0;0;0;1;0;0
1000000155;61;156;2019;17;1;1;1;;00001456;00000002;00000009;00003529;1;0;0;0;;;;;0;;;;;;1;0;0;11000008;2;68;5;1;0;0;0;1;0;1
1000000156;26;157;2019;14;1;0;1;;00004313;00000001;00000013;;1;0;0;;;;;;;;;0;;0;1;0;0;11000003;5;17;5;1;0;0;0;1;0;0
1000000158;69;159;2019;14;2;0;1;;00004084;00000001;00000006;;1;0;0;;;;;0;;;;;0;0;1;0;0;11000009;9;21;5;1;0;0;0;1;0;0
1000000159;117;160;2019;5;1;3;1;;00000770;00000001;00000022;00003243;1;0;0;;;;0;0;;;;;;0;1;1;0;11000016;4;18;5;1;0;0;0;1;0;0
1000000161;57;162;2019;7;2;0;1;;00000627;00000002;00000004;00004812;1;0;0;;;;;;;;0;;;0;1;;0;11000008;9;16;5;1;0;0;0;1;0;1
1000000163;37;164;2019;10;1;1;1;;00004079;00000001;;00001105;1;0;0;;;1;0;;;;;;;0;1;0;1;11000005;5;;5;1;0;0;0;1;0;0
1000000164;164;165;2019;7;2;3;1;;00000620;00000002;00000015;00002209;1;0;0;;;;;;;;;0;;0;1;;0;11000023;5;56;5;1;0;0;0;1;0;0
1000000165;144;166;2019;14;2;0;1;;00002867;00000002;00000008;00000189;1;0;0;;0;;;;;0;;;;;1;;0;11000020;5;21;5;1;0;0;0;1;0;0
1000000166;146;167;2019;8;2;3;1;;00001240;00000002;;;2;0;0;;;;;;;0;0;;;0;1;0;0;11000020;9;70;1;1;0;0;0;1;0;1
1000000168;137;169;2019;12;1;3;1;;00002062;00000002;00000016;00003127;1;0;0;;;;;;;;0;;;0;1;0;0;11000019;5;21;5;1;0;0;0;1;0;0
1000000169;193;170;2019;14;1;1;1;;00004430;00000002;00000018;;2;0;0;0;;;;0;;0;0;;;0;1;0;0;11000027;5;;5;1;0;0;0;1;0;0
1000000170;28;171;2019;4;1;1;1;;00001436;00000001;00000022;00003404;1;0;0;;;;;;0;0;;;;0;1;0;;11000003;5;;5;1;0;0;0;1;0;0
1000000171;197;172;2019;15;1;0;1;;00000012;00000001;00000002;00005255;2;0;0;0;;;0;;0;;0;;;;1;0;0;11000028;5;2;5;1;0;0;0;1;0;0
1000000172;3;173;2019;15;1;3;1;;00002501;00000001;00000011;00000846;1;0;0;;1;;;;;;;;;0;1;0;0;11000000;5;16;5;1;0;0;0;1;0;0
1000000173;182;174;2019;8;2;0;1;;00001708;00000001;00000017;;2;0;0;;;;;;;;;0;;0;1;0;0;11000025;5;;5;1;0;0;0;1;0;0
1000000174;69;175;2019;15;1;1;1;;00002423;00000001;00000022;;1;0;0;0;;;;;;0;;;;0;1;0;0;11000009;2;21;5;1;0;0;0;1;0;1
1000000175;213;176;2019;14;1;1;1;;00004092;00000001;;;1;0;0;;;1;;;;;0;0;;0;1;0;0;11000030;9;18;5;1;0;0;0;1;0;0
1000000176;202;177;2019;4;2;1;1;;00004519;00000002;00000016;;1;0;0;;;;;;;0;;;;0;1;0;0;11000028;5;25;5;1;0;0;0;1;0;0
1000000177;10;178;2019;16;1;1;1;;00001632;00000001;00000013;00002660;1;0;0;;;;;;;0;;0;;0;1;0;0;11000001;5;2;5;1;0;0;0;1;0;0
1000000178;154;179;2019;17;2;0;1;;00003355;00000002;00000014;00002487;2;0;0;;;;;;;;;;;0;1;0;0;11000021;5;2;5;1;0;0;0;1;0;0
1000000179;159;180;2019;4;1;0;1;;00003193;00000002;00000021;00003356;2;0;0;;0;;;;;;;;;0;1;0;;11000022;9;19;5;1;0;0;0;1;0;0
1000000180;16;181;2019;4;2;0;1;;00001981;00000002;00000007;00003529;2;0;1;;;;;;;0;;0;1;0;1;0;0;11000002;5;18;5;1;0;0;0;1;0;0
1000000181;166;182;2019;18;2;1;1;;00003116;00000002;00000004;00003733;1;0;;;0;;;;;;;0;;0;1;0;0;11000023;9;26;5;1;0;0;0;1;0;0
1000000182;139;183;2019;11;2;0;1;;00004680;00000001;00000013;;1;0;0;;;;;;;;;;;0;1;;;11000019;5;16;5;1;0;0;0;1;0;1
1000000184;144;185;2019;4;1;3;1;;00004468;00000002;00000002;00005138;1;0;0;;;1;;;;0;;;0;0;1;0;0;11000020;5;21;5;1;0;0;0;1;0;0
1000000185;144;186;2019;4;2;2;1;;00000927;00000001;00000024;00001882;1;0;1;0;;0;0;;;0;;;;;1;0;0;11000020;5;21;5;1;0;0;0;1;0;0
1000000186;189;187;2019;4;1;0;1;;00002635;00000002;00000017;;1;0;0;;;;;;;;;;0;0;1;0;0;11000026;5;19;2;1;0;0;0;1;0;0
1000000187;190;188;2019;17;1;1;1;;00003602;00000002;00000015;;1;0;0;;0;;;;;0;;;;0;1;0;0;11000027;9;27;5;1;0;0;0;1;0;0
1000000188;179;189;2019;14;2;1;1;;00001935;00000001;;;1;0;0;;;;;;;;0;0;;0;1;0;0;11000025;;2;5;1;0;0;0;1;0;0
1000000189;74;190;2019;11;1;0;1;;00000607;00000001;;00004911;1;0;0;;;;;;;;;;;0;1;0;0;11000010;9;3;1;1;0;0;0;1;0;0
1000000190;192;191;2019;10;1;3;1;;00000452;00000002;;;1;0;1;;0;;;;;;;;0;0;1;0;0;11000027;5;26;5;1;0;0;0;1;0;0
1000000191;116;192;2019;17;1;0;1;;00004996;00000001;;00000836;1;0;0;;;;0;0;;;0;0;;0;1;0;0;11000016;;14;5;1;0;0;0;1;0;0
1000000192;146;193;2019;14;1;1;1;;00004932;00000001;00000023;00004072;1;0;0;;;1;;;;;0;;;0;1;0;0;11000020;5;70;1;1;0;0;0;1;0;0
1000000193;103;194;2019;14;2;0;1;;00004092;00000002;00000001;;1;0;0;;;;;;;;0;0;;0;1;0;0;11000014;9;2;5;1;0;0;0;1;0;1
1000000194;6;195;2019;12;1;3;1;;00004172;00000001;;00004392;1;0;0;;;;;;;;;;;0;1;0;0;11000000;5;1;5;1;0;0;0;1;0;0
1000000195;203;196;2019;13;1;0;1;;00002914;00000002;00000024;00001275;1;0;0;;0;;;;;;;;0;0;1;0;0;11000028;5;21;5;1;0;0;0;1;0;0
1000000196;77;197;2019;7;2;3;1;;00001502;00000001;00000004;00004537;1;0;0;0;0;;;;0;;;;;0;1;0;0;11000010;;15;5;1;0;0;0;1;0;0
1000000197;142;198;2019;12;1;3;1;;00003650;00000002;00000017;00002364;1;0;0;0;;;;0;;;;;;0;1;0;0;11000020;2;2;5;1;0;0;0;1;0;0
1000000198;141;199;2019;4;1;3;1;;00004974;00000001;;;1;0;0;;;;;;;;;;;;1;0;0;11000020;5;27;5;1;0;0;0;1;0;0
1000000200;118;201;2019;4;2;3;1;;00001109;00000002;00000014;;1;0;0;;;;;;;;;0;;0;1;0;0;11000016;9;21;5;1;0;0;0;1;0;0
1000000201;117;202;2019;7;1;3;1;;00004813;00000001;00000004;00000872;1;0;0;0;;;;0;;;;;;0;1;0;0;11000016;9;18;5;1;0;0;0;1;0;0
1000000202;176;203;2019;4;2;0;1;;00001413;00000002;00000024;;1;0;0;0;;;;1;;;;0;;0;1;0;0;11000025;2;26;5;1;0;0;0;1;0;1
1000000203;102;204;2019;8;1;0;1;;00001515;00000001;00000023;;1;0;0;;;1;0;;;0;;;;0;1;0;0;11000014;5;22;5;1;0;0;0;1;0;0
1000000204;93;205;2019;14;2;1;1;;00001852;00000002;00000018;00001402;1;0;0;;;;;;;;;;;0;1;0;0;11000013;2;26;5;1;0;0;0;1;0;0
1000000206;16;207;2019;30;1;3;1;;00001579;00000001;00000019;00000702;1;1;0;;;;;0;;;;;;0;1;0;0;11000002;5;18;5;1;0;0;0;1;0;0
1000000207;119;208;2019;8;1;0;1;;00004342;00000001;;00002394;1;0;0;;;0;;;;;;;;0;1;0;0;11000016;5;18;4;1;0;0;0;1;0;0
1000000208;80;209;2019;10;2;3;1;;00005201;00000001;00000003;;2;1;0;;;;0;;;0;;;;0;1;0;0;11000011;5;20;5;1;0;0;0;1;0;0
1000000209;53;210;2019;11;2;0;1;;00003608;00000002;00000003;;1;1;1;;;;0;;;;;0;0;0;1;0;0;11000007;9;20;5;1;0;0;0;1;0;0
1000000210;128;211;2019;7;2;3;1;;00005095;00000001;00000018;;1;0;0;;;;0;0;;0;;;;0;1;0;0;11000018;9;26;1;1;0;0;0;1;0;0
1000000211;149;212;2019;6;1;0;1;;00003201;00000002;;00002102;2;0;0;;;;0;;;;0;;;0;1;0;0;11000021;9;19;5;1;0;0;0;1;0;0
1000000212;132;213;2019;9;2;1;1;;00003664;00000001;00000003;;1;0;0;;;;;;;;0;;;0;1;0;0;11000018;2;;5;1;0;0;0;1;0;0
1000000214;202;215;2019;8;1;0;1;;00003015;00000001;00000021;00004087;1;0;1;0;;;;;;;;;;0;1;0;0;11000028;4;25;5;1;0;0;0;1;0;0
1000000217;162;218;2019;9;2;3;1;;00004973;00000001;00000005;00005189;1;0;0;0;;;;;;0;;;;0;1;0;0;11000023;5;16;5;1;0;0;0;1;0;0
1000000218;38;219;2019;7;2;1;1;;00002361;00000002;;;1;0;0;;;;;0;;;;;;0;1;0;0;11000005;5;18;3;1;0;0;0;1;0;0
1000000219;164;220;2019;4;2;3;1;;00001640;00000001;00000003;00001016;2;0;1;;;;;;;;0;0;;;1;0;0;11000023;5;56;5;1;0;0;0;1;0;0
1000000220;151;221;2019;8;1;0;1;;00001071;00000002;00000025;00000459;1;0;0;;;;;;;;;0;;0;1;0;0;11000021;5;20;5;1;0;0;0;1;0;0
1000000221;196;222;2019;14;1;3;1;;00000928;00000001;00000015;;1;1;0;;;;;;;;;;;0;1;0;0;11000027;5;15;5;1;0;0;0;1;0;0
1000000222;166;223;2019;7;2;3;1;;00001125;00000001;00000020;;2;0;0;;;0;0;;;0;;;;0;1;0;0;11000023;5;26;5;1;1;0;0;1;0;0
1000000223;127;224;2019;27;2;3;1;;00003912;00000002;;00001788;1;0;0;;;1;;0;;;0;;;0;1;0;0;11000018;4;41;5;1;0;0;0;1;0;1
1000000225;109;226;2019;17;1;0;1;;00002300;00000001;;00000225;1;0;0;;0;;;;;;;;;0;1;0;0;11000015;5;25;5;1;0;0;0;1;0;0
1000000227;146;228;2019;14;1;3;1;;00002452;00000001;00000014;00005391;1;0;0;;;;;;;;;;;0;1;0;0;11000020;9;70;1;1;0;0;0;1;0;0
1000000228;76;229;2019;13;2;3;1;;00003588;00000001;00000010;;1;0;0;;0;;;;;;;;;0;1;0;0;11000010;5;2;5;1;0;0;0;1;0;0
1000000230;108;231;2019;9;1;3;1;;00004575;00000001;00000023;00003460;1;0;0;;;0;;;;;;0;0;0;1;0;0;11000015;5;22;5;1;0;0;0;1;0;0
1000000231;142;232;2019;14;2;3;1;;00004304;00000002;;;1;0;0;0;;1;0;;;;;;;0;1;0;0;11000020;5;2;5;1;0;0;0;1;0;0
1000000232;14;233;2019;11;2;1;1;;00002087;00000002;00000012;00000802;1;0;0;;;;;;;;;;;0;1;0;0;11000001;5;2;5;1;0;0;0;1;0;0
1000000234;69;235;2019;57;1;3;1;;00002369;00000001;00000008;00004554;1;0;0;;;;;;;;;;;0;1;0;0;11000009;2;21;5;1;0;0;0;1;0;1
1000000236;204;237;2019;12;1;1;1;;00001743;00000001;00000024;;1;0;0;;;;;;;;;;0;0;1;0;0;11000029;5;16;5;1;0;0;0;1;0;0
1000000238;69;239;2019;7;2;3;1;;00005102;00000001;00000009;00001079;1;0;1;;;;0;;;;;;;0;1;0;0;11000009;9;21;5;1;0;0;0;1;0;0
1000000239;181;240;2019;15;1;3;1;;00004874;00000002;00000027;;1;0;0;;;;;0;;0;;0;;0;1;0;0;11000025;5;;5;1;0;0;0;1;0;0
1000000240;96;241;2019;12;2;1;1;;00001410;00000002;;00001301;1;0;0;;;;;;;0;;;;0;1;0;1;11000013;5;56;5;1;0;0;0;1;0;0
1000000242;157;243;2019;12;1;3;1;;00000712;00000001;00000025;00002591;1;0;0;;0;;;;;;;;0;0;1;0;0;11000022;4;14;5;1;0;0;0;1;0;1
1000000243;117;244;2019;10;1;3;1;;00002688;00000002;;;1;0;0;;;;;;;;;;;0;1;0;0;11000016;;18;5;1;0;0;0;1;0;0
1000000244;81;245;2019;7;1;0;1;;00002007;00000002;00000007;;1;0;0;;;;;;;;;0;;;1;0;0;11000011;5;14;5;1;0;0;0;1;0;0
1000000245;76;246;2019;8;1;3;1;;00003501;00000001;00000009;00004586;1;0;1;0;;;;;;;;;;0;1;0;0;11000010;4;2;5;1;0;0;0;1;0;0
1000000246;17;247;2019;14;1;1;1;;00004288;00000002;00000008;;1;1;1;;0;;;;;;;;;0;1;0;0;11000002;5;14;5;1;0;0;0;1;0;0
1000000247;198;248;2019;14;1;0;1;;00004301;00000001;00000004;00004456;2;0;0;0;;;;;;;;;;;1;0;0;11000028;5;18;5;1;0;0;0;1;0;0
1000000248;164;249;2019;7;2;3;1;;00002248;00000002;00000016;00003687;1;0;0;;;;;;;;;0;;0;1;0;0;11000023;5;56;5;1;0;0;0;1;0;0
1000000249;45;250;2019;21;2;0;1;;00003477;00000002;;00000968;1;0;0;;;;;;0;;0;;;0;1;0;0;11000006;9;;5;1;0;0;0;1;0;0
1000000250;182;251;2019;9;1;1;1;;00002795;00000001;00000010;00002942;1;0;0;0;;;;;;;;0;;0;1;0;0;11000025;5;;5;1;0;0;0;1;0;0
1000000251;110;252;2019;14;2;1;1;;00000669;00000002;00000025;00004568;1;0;0;;;1;;;;0;0;;0;0;1;0;0;11000015;9;1;5;1;0;0;0;1;0;0
1000000252;86;253;2019;11;2;0;1;;00004197;00000001;00000004;;1;0;0;;0;;;;;;;;;0;1;0;;11000012;2;14;1;1;0;0;0;1;0;0
1000000253;165;254;2019;7;2;3;1;;00005196;00000002;00000005;00000378;1;0;0;;;;;;;0;0;;;0;1;0;;11000023;9;26;1;1;0;0;0;1;0;0
1000000255;143;256;2019;17;1;1;1;;00002867;00000001;00000021;00000266;1;0;0;0;;0;;;;;;;;0;1;0;0;11000020;5;16;1;1;0;0;0;1;0;0
1000000256;42;257;2019;12;1;0;1;;00000894;00000001;;00002810;1;0;0;;0;;;;;;;;;0;1;0;0;11000005;5;;1;1;0;0;0;1;0;0
1000000257;88;258;2019;7;1;1;1;;00005141;00000002;;;1;0;1;;;;;;;;;;;0;1;0;0;11000012;5;27;5;1;0;0;0;1;0;0
1000000258;32;259;2019;16;2;1;1;;00001071;00000002;00000009;00005170;1;0;1;0;;;;;;;;;;0;1;0;0;11000004;5;16;5;1;0;0;0;1;0;0
1000000259;51;260;2019;6;1;1;1;;00004994;00000001;;;1;0;0;;;;;;;;;;;0;1;0;0;11000007;5;14;5;1;0;0;0;1;0;0
1000000260;104;261;2019;5;1;3;1;;00002922;00000002;00000017;;1;0;0;;;;;;;;;;;0;1;0;0;11000014;5;;5;1;0;0;0;1;0;0
1000000261;17;262;2019;12;2;0;1;;00000079;00000002;00000012;00001720;1;1;1;;;;;;;;;;;0;1;0;0;11000002;5;14;5;1;0;0;0;1;0;0
1000000262;68;263;2019;11;1;1;1;;00000013;00000001;00000016;;1;0;0;;;;;0;;0;;;;0;1;0;0;11000009;5;21;5;1;0;0;0;1;0;0
1000000263;92;264;2019;23;2;1;1;;00004402;00000001;;;1;1;0;;;;;;;;;;;0;1;0;0;11000013;4;1;5;1;0;0;0;1;0;1
1000000265;194;266;2019;14;2;0;1;;00001968;00000001;00000010;;1;0;1;0;0;;;;;0;0;;;0;1;0;0;11000027;5;1;5;1;0;0;0;1;0;0
1000000266;185;267;2019;18;2;1;1;;00004116;00000002;00000020;00001182;2;0;1;;0;;;;;;;0;;0;1;0;0;11000026;2;17;5;1;0;0;0;1;0;1
1000000267;68;268;2019;10;1;0;1;;00000129;00000002;00000002;00003787;1;0;0;;;;;;;;0;0;0;0;1;0;0;11000009;9;21;5;1;0;0;0;1;0;0
1000000268;140;269;2019;4;2;3;1;;00001781;00000002;;00005386;1;0;0;0;;;0;0;;;;;;0;1;1;0;11000019;5;70;5;1;0;0;0;1;0;0
1000000269;21;270;2019;4;2;0;1;;00004178;00000002;;;1;1;0;;;1;;;;;;;;;1;;0;11000002;5;17;5;1;0;0;0;1;0;0
1000000270;172;271;2019;14;2;1;1;;00002915;00000002;00000014;00001261;1;0;0;;0;;;;0;;;0;;0;1;1;0;11000024;5;71;1;1;0;0;0;1;0;0
1000000271;206;272;2019;17;2;0;1;;00005003;00000001;;00000608;1;0;0;;;;;;;;0;0;;0;1;0;0;11000029;5;1;5;1;0;0;0;1;0;0
1000000272;201;273;2019;8;1;3;1;;00000269;00000002;;00005075;1;0;0;;;;;;0;0;;;0;;1;0;0;11000028;9;14;5;1;0;0;0;1;0;0
1000000275;88;276;2019;9;1;0;1;;00000237;00000001;00000014;00003004;1;0;0;0;;;;;;;;;;0;1;0;0;11000012;9;27;5;1;0;0;0;1;0;0
1000000276;130;277;2019;9;2;0;1;;00001772;00000001;;;1;0;1;0;;;;0;0;;0;0;;0;1;0;0;11000018;5;;5;1;0;0;0;1;0;0
1000000277;150;278;2019;15;1;3;1;;00001669;00000002;;00003664;1;0;0;0;;;;;;;;;0;;1;;0;11000021;9;69;5;1;0;0;0;1;0;0
1000000280;102;281;2019;8;2;3;1;;00001428;00000001;00000021;;1;0;0;;0;;;;;;0;;;0;1;0;0;11000014;5;22;5;1;0;0;0;1;0;0
1000000281;86;282;2019;13;2;0;1;;00002631;00000001;00000001;;1;0;0;0;;;0;;;;;;;0;1;0;0;11000012;5;14;1;1;0;0;0;1;0;0
1000000282;84;283;2019;14;1;3;1;;00003431;00000002;00000010;00003574;1;0;0;;;;;;;;;;0;0;1;1;0;11000011;;27;2;1;0;0;0;1;0;0
1000000283;160;284;2019;40;2;3;1;;;00000001;00000024;;1;0;0;0;;;;;0;0;;0;;0;1;1;0;11000022;9;;5;1;0;0;0;1;0;0
1000000284;184;285;2019;9;1;3;1;;00001859;00000002;;;2;0;0;0;;;;;;;;0;;0;1;0;0;11000026;5;21;5;1;0;0;0;1;0;0
1000000286;91;287;2019;8;2;3;1;;00003456;00000001;00000019;;2;0;0;;;;;;0;;;;;0;1;0;0;11000012;5;2;5;1;0;0;0;1;0;0
1000000287;79;288;2019;13;1;1;1;;00001607;00000001;00000022;;1;0;1;;;;;;;;;;;0;1;0;0;11000011;5;21;5;1;0;0;0;1;0;0
1000000290;170;291;2019;18;2;0;1;;00002875;00000002;00000025;;1;0;0;;;;;;;;;;0;0;1;0;0;11000024;;26;5;1;0;0;0;1;0;0
1000000291;2;292;2019;4;1;1;1;;00005300;00000001;00000022;00004560;1;0;1;;0;;;;;;;;;0;1;0;0;11000000;4;30;5;1;0;0;0;1;0;0
1000000292;22;293;2019;11;2;1;1;;00005012;00000002;00000012;00000118;1;0;0;0;;;;;;;;;;0;1;0;0;11000003;5;14;6;1;0;0;0;1;0;0
1000000293;201;294;2019;15;1;0;1;;00004171;00000001;;00002277;1;0;1;;;;;;;;;;0;0;1;0;0;11000028;5;14;5;1;0;0;0;1;0;0
1000000294;24;295;2019;9;1;0;1;;00004572;00000001;00000017;;1;0;1;;;;;;;;0;0;;0;1;0;0;11000003;5;1;5;1;0;0;0;1;0;0
1000000295;28;296;2019;12;2;1;1;;00002355;00000001;00000010;00004376;1;0;0;;;;;0;;;;;;0;1;0;0;11000003;5;;5;1;0;0;0;1;0;0
1000000296;205;297;2019;4;1;2;1;;00004932;00000001;00000011;00001505;1;0;0;;;;;;;;;0;;0;1;0;0;11000029;;26;5;1;0;0;0;1;0;0
1000000298;132;299;2019;14;1;0;1;;00000241;00000002;00000010;00000591;1;1;0;0;;;;;;;;;0;0;1;0;0;11000018;5;;5;1;0;0;0;1;0;0
1000000299;31;300;2019;13;1;0;1;;00003326;00000002;00000002;00004995;1;0;0;;;;;;;;;;0;0;1;0;0;11000004;9;;5;1;0;0;0;1;0;0
1000000300;161;301;2019;8;2;2;1;;00002928;00000001;00000020;;1;0;0;;;;;0;;;;;;0;1;0;0;11000022;4;15;5;1;0;0;0;1;0;0
1000000302;13;303;2019;13;1;3;1;;00004925;00000002;;00003187;1;0;0;;;;;;;;;;0;0;1;0;0;11000001;9;17;2;1;0;0;0;1;0;0
1000000303;30;304;2019;9;2;3;1;;00004954;00000002;00000012;00000272;1;0;1;;;;;;;;;;;0;1;0;0;11000004;5;27;5;1;0;0;0;1;0;0
1000000304;86;305;2019;18;1;3;1;;00004787;00000001;;00002457;1;0;0;;;;;;;;;;;0;1;0;0;11000012;5;14;1;1;0;0;0;1;0;0
1000000305;12;306;2019;20;1;1;1;;00000331;00000002;;;2;0;0;;;;;;;0;0;;;0;1;0;0;11000001;5;;5;1;0;0;0;1;0;0
1000000306;25;307;2019;15;1;0;1;;00001234;00000002;00000016;;2;0;0;;0;1;0;;0;;;;;0;1;0;0;11000003;5;70;;1;0;0;0;1;0;0
1000000307;16;308;2019;14;1;0;1;;00000710;00000002;00000007;;1;0;0;;0;;;;0;0;;;;0;1;1;0;11000002;5;18;5;1;0;0;0;1;0;0
1000000309;146;310;2019;11;1;1;1;;00003994;00000001;00000025;00000134;1;0;0;;;;;;;0;;;;;1;1;0;11000020;4;70;1;1;0;0;0;1;0;0
1000000310;140;311;2019;12;1;0;1;;00000804;00000002;;;1;0;0;;;;;;;;;;0;0;1;0;0;11000019;4;70;5;1;0;0;0;1;0;1
1000000311;204;312;2019;35;1;0;1;;00000038;00000002;;;1;0;0;;;;;0;0;;;;0;0;1;0;0;11000029;5;16;5;1;0;0;0;1;0;0
1000000312;213;313;2019;8;2;0;1;;00000894;00000002;;00004256;1;0;1;;0;;0;;0;;;;;0;1;1;0;11000030;5;18;5;1;0;0;0;1;0;0
1000000313;15;314;2019;12;1;5;1;;00003722;00000001;00000005;00003105;1;0;0;;;;;;;;;;;0;1;0;;11000002;5;2;5;1;0;0;0;1;0;0
1000000315;87;316;2019;20;2;1;1;;00000783;00000002;;00001900;1;0;0;;;;;;;;;;;0;1;0;0;11000012;9;;5;1;0;0;0;1;0;0
1000000316;206;317;2019;11;1;0;1;;00001938;00000001;;00001034;1;0;0;;0;1;0;0;;;;;0;0;1;1;0;11000029;5;1;5;1;0;0;0;1;0;0
1000000317;99;318;2019;6;1;3;1;;00005274;00000002;00000014;00005006;1;0;0;;;;0;;;;;0;;0;1;0;0;11000014;5;;5;1;0;0;0;1;0;0
1000000321;121;322;2019;15;1;3;1;;00001837;00000002;00000026;00005286;1;0;0;;;1;;0;;;;;;;1;0;;11000017;9;71;5;1;0;0;0;1;0;0
1000000322;202;323;2019;14;2;3;1;;00004085;00000001;00000024;;1;0;1;0;;1;;;0;;;;0;0;1;0;0;11000028;5;25;5;1;0;0;0;1;0;0
1000000323;128;324;2019;11;2;0;1;;00000833;00000001;00000018;;1;0;1;0;0;;;0;0;;;;0;0;1;;0;11000018;2;26;1;1;0;0;0;1;0;1
1000000324;104;325;2019;16;2;0;1;;00003449;00000002;00000007;00002204;2;0;1;;;;;;;;;;;0;1;0;1;11000014;5;;5;1;0;0;0;1;0;0
1000000325;1;326;2019;21;2;3;1;;00001258;00000002;;00004979;1;0;1;;1;;;;;;;;;0;1;0;0;11000000;5;;5;1;1;0;0;1;0;0
1000000326;106;327;2019;9;2;1;1;;00003385;00000001;00000001;;1;0;0;;;;;;;;;;0;;1;0;0;11000015;5;16;5;1;0;0;0;1;0;0
1000000328;20;329;2019;5;1;1;1;;00002426;00000001;00000007;;1;0;0;;;;;;;;;;;0;1;0;0;11000002;4;26;5;1;0;0;0;1;0;0
1000000329;47;330;2019;4;2;2;1;;00004557;00000001;00000005;00001798;1;0;0;;;;0;;;0;;;;0;1;0;0;11000006;5;;1;1;0;0;0;1;0;0
1000000330;174;331;2019;4;2;1;1;;00003573;00000002;00000021;00004900;1;0;0;0;;;0;;;0;;;;0;1;0;1;11000024;5;2;5;1;0;0;0;1;0;0
1000000331;55;332;2019;13;2;3;1;;00001340;00000001;00000008;00004023;1;0;0;;;;;;;;;;;0;1;0;0;11000007;9;1;5;1;0;0;0;1;0;0
1000000332;55;333;2019;14;2;3;1;;00000807;00000002;;00004895;1;0;0;;;;;;;;;;;0;1;0;0;11000007;9;1;5;1;0;0;0;1;0;0
1000000333;88;334;2019;15;1;1;1;;00003556;00000001;00000016;00001548;1;0;0;;;;;;;0;;;;0;1;0;0;11000012;5;27;5;1;0;0;0;1;0;0
1000000334;136;335;2019;5;2;1;1;;00000590;00000001;;;2;0;0;;;;0;;;;;;0;0;1;0;0;11000019;5;2;5;1;0;0;0;1;0;0
1000000335;129;336;2019;8;2;3;1;;00000715;00000002;00000016;;1;0;0;;;1;;;;;;;;0;1;0;0;11000018;;20;5;1;0;0;0;1;0;0
1000000336;165;337;2019;7;1;0;1;;00004766;00000001;;;1;0;0;;;;0;;0;;;;;0;1;0;0;11000023;5;26;1;1;0;0;0;1;0;0
1000000338;208;339;2019;17;1;0;1;;00001679;00000001;00000005;00005136;1;0;0;;;;;;;;;;;0;1;0;0;11000029;2;16;5;1;0;0;0;1;0;1
1000000339;66;340;2019;11;2;3;1;;00003615;00000002;00000008;00000216;2;0;1;;1;;;;;;;;;0;1;0;0;11000009;9;70;5;1;0;0;0;1;0;0
1000000340;28;341;2019;15;2;0;1;;00002779;00000001;00000022;00003107;1;0;0;;;;;;0;;;;;0;1;0;0;11000003;4;;5;1;0;0;0;1;0;0
1000000341;179;342;2019;12;1;0;1;;00003363;00000001;;00003844;1;0;0;;;0;;;;;;;;0;1;0;;11000025;5;2;5;1;0;0;0;1;0;0
1000000342;110;343;2019;17;1;3;1;;00005044;00000001;00000015;00004160;1;0;0;;;;;;;;0;;;0;1;0;0;11000015;2;1;5;1;0;0;0;1;0;0
1000000343;23;344;2019;9;2;3;1;;00001633;00000002;;00002120;1;0;0;0;;;0;0;0;;;;;0;1;0;0;11000003;5;;5;1;0;0;0;1;0;0
1000000344;91;345;2019;13;1;3;1;;00002116;00000001;00000013;00002912;1;0;0;;;;;;;;0;;;0;1;0;0;11000012;5;2;5;1;0;0;0;1;0;0
1000000345;54;346;2019;13;2;1;1;;00002162;00000001;00000008;00003286;1;0;0;0;0;1;;;;0;;;;;1;0;0;11000007;4;26;5;1;0;0;0;1;0;0
1000000346;74;347;2019;25;2;3;1;;00005165;00000002;00000003;;1;0;0;;0;;0;;;;;;;0;1;0;0;11000010;5;3;1;1;0;0;0;1;0;0
1000000348;76;349;2019;17;1;0;1;;00002584;00000001;00000010;00003429;2;0;0;;;;;;;;;;;0;1;0;;11000010;2;2;5;1;0;0;0;1;0;1
1000000349;210;350;2019;19;2;1;1;;00004305;00000001;;00000709;1;0;0;;;;0;0;;;;;;0;1;1;0;11000029;9;;5;1;0;0;0;1;0;0
1000000350;214;351;2019;8;1;1;1;;00000604;00000001;;;1;0;0;0;0;;;;;0;;;;0;1;0;0;11000030;5;20;2;1;0;0;0;1;0;0
1000000351;23;352;2019;16;1;0;1;;00004171;00000001;00000005;00002460;1;0;0;0;;;;;;;;;;0;1;0;0;11000003;4;;5;1;0;0;0;1;0;1
1000000352;206;353;2019;12;1;4;1;;00003480;00000002;;00004829;1;0;0;;;;;0;0;;;;;0;1;0;;11000029;5;1;5;1;0;0;0;1;0;0
1000000353;131;354;2019;14;1;1;1;;00005249;00000001;00000017;;1;0;0;;;;;;;;;;;0;1;0;0;11000018;5;2;5;1;0;0;0;1;0;0
1000000354;8;355;2019;4;2;1;1;;00002498;00000001;00000003;00003074;1;0;0;;;;;0;;;;0;;0;1;1;0;11000001;5;17;5;1;0;0;0;1;0;0
1000000355;21;356;2019;8;1;1;1;;00002638;00000001;;00001789;1;0;0;;;1;;;0;;;;;;1;0;0;11000002;5;17;5;1;0;0;0;1;0;0
1000000356;183;357;2019;5;1;1;1;;00004518;00000002;00000022;;1;0;0;;;;;;;;;;;0;1;0;0;11000026;9;19;5;1;0;0;0;1;0;0
1000000357;185;358;2019;24;1;1;1;;00001019;00000002;00000007;;1;0;0;;1;;0;;0;;;;;0;1;0;0;11000026;5;17;5;1;0;0;0;1;0;0
1000000358;135;359;2019;8;2;1;1;;00003380;00000001;00000018;;1;0;0;0;;;;;;;;;;0;1;0;0;11000019;5;19;5;1;0;0;0;1;0;1
1000000359;100;360;2019;8;2;3;1;;00003762;00000001;00000006;00001687;1;0;0;;;;;;;;;;;0;1;;0;11000014;5;17;5;1;0;0;0;1;0;0
1000000360;52;361;2019;16;2;3;1;;00001594;00000002;;;2;0;0;;0;;;;;0;;;;0;1;0;0;11000007;5;30;5;1;0;0;0;1;0;0
1000000361;156;362;2019;6;1;0;1;;00001171;00000002;00000002;00002363;2;0;0;;;;;;0;;;;;0;1;0;0;11000022;5;20;5;1;0;0;0;1;0;0
1000000362;200;363;2019;11;1;0;1;;00003755;00000002;00000027;;1;0;0;;0;;;;;;;;;0;1;0;0;11000028;9;17;5;1;0;0;0;1;0;0
1000000363;169;364;2019;38;1;1;1;;00002411;00000002;00000025;00001353;1;0;0;;;;;;0;;;;;0;1;0;0;11000024;9;71;5;1;0;0;0;1;0;0
1000000364;27;365;2019;6;1;3;1;;00004581;00000002;;;1;0;0;;;;;;;;;0;;0;1;0;0;11000003;5;;6;1;0;0;0;1;0;0
1000000365;33;366;2019;16;2;1;1;;00004910;00000001;00000006;;2;0;0;;;0;;;;;0;;0;0;1;0;0;11000004;5;16;5;1;0;0;0;1;0;0
1000000366;88;367;2019;6;2;1;1;;00000455;00000002;00000023;00000066;1;0;0;;;;0;0;;;;;;0;1;0;0;11000012;9;27;5;1;0;0;0;1;0;1
1000000368;142;369;2019;15;2;1;1;;00005037;00000002;00000001;00000374;2;0;0;0;;;0;0;;0;;;0;0;1;0;0;11000020;5;2;5;1;0;0;0;1;0;0
1000000369;1;370;2019;11;1;3;1;;00004356;00000002;00000024;;1;0;1;;;;0;0;;;0;;;0;1;0;0;11000000;;;5;1;0;0;0;1;0;0
1000000372;46;373;2019;4;1;0;1;;00003101;00000001;00000025;;1;0;0;0;;;;;;;;;0;0;1;0;0;11000006;5;18;5;1;0;0;0;1;0;0
1000000373;189;374;2019;12;1;1;1;;00004179;00000001;00000023;;1;0;0;;0;;;0;;;0;;;0;1;;0;11000026;;19;2;1;0;0;0;1;0;0
1000000374;96;375;2019;5;2;1;1;;00003875;00000001;00000010;00002659;1;0;1;0;;;;;;;;;;0;1;0;0;11000013;4;56;5;1;0;0;0;1;0;0
1000000376;141;377;2019;10;2;3;1;;00004733;00000001;00000004;00003677;1;0;1;;;;;;;;;0;;0;1;0;0;11000020;9;27;5;1;0;0;0;1;0;0
1000000378;196;379;2019;13;2;0;1;;00002760;00000001;00000023;00002500;1;0;0;;;;;;;;;;;0;1;0;0;11000027;9;15;5;1;0;0;0;1;0;0
1000000379;105;380;2019;4;2;0;3;;00003070;00000001;;00003837;1;0;0;0;;;;;;;;;;0;1;1;;11000014;9;15;5;1;0;0;0;1;0;0
1000000380;139;381;2019;16;2;3;1;;00004503;00000001;;;2;0;0;;;0;;;;0;;;;0;1;0;0;11000019;5;16;5;1;0;0;0;1;0;0
1000000381;27;382;2019;8;2;1;1;;00002403;00000002;;;1;0;0;;;;;;;;;;0;0;1;0;1;11000003;5;;6;1;0;0;0;1;0;0
1000000382;188;383;2019;9;2;3;1;;00000447;00000001;;00004403;1;0;1;;0;;;;;;;0;;0;1;0;0;11000026;;19;5;1;0;0;0;1;0;0
1000000383;179;384;2019;11;1;3;1;;00001939;00000002;00000005;;2;0;1;;;;0;;;;;;;;1;0;;11000025;5;2;5;1;0;0;0;1;0;0
1000000384;80;385;2019;16;2;3;1;;00005383;00000002;;00002533;1;0;0;;;;;1;0;;0;;;0;1;0;0;11000011;9;20;5;1;0;0;0;1;0;1
1000000387;172;388;2019;28;2;0;1;;00003045;00000001;00000005;;1;0;0;;;;;;;;;;;0;1;0;0;11000024;2;71;1;1;0;0;0;1;0;1
1000000388;175;389;2019;14;2;0;1;;00003523;00000002;;;1;0;1;;;;0;0;;;;;;0;1;0;0;11000024;5;1;5;1;0;0;0;1;0;0
1000000390;132;391;2019;18;1;1;1;;00000080;00000002;;00000922;1;0;1;;;;0;;;;;;;0;1;0;0;11000018;9;;5;1;0;0;0;1;0;0
1000000392;25;393;2019;6;2;3;1;;00002247;00000001;;00001915;1;0;0;;;;;;;;;;0;0;1;1;0;11000003;5;70;;1;0;0;0;1;0;0
1000000393;82;394;2019;10;1;1;1;;00003384;00000001;00000013;;1;0;0;;0;;0;;;0;;;;0;1;0;0;11000011;5;19;5;1;0;0;0;1;0;0
1000000394;109;395;2019;5;2;1;1;;00000260;00000002;00000020;00001813;2;0;1;0;;1;;;0;;;;0;0;1;0;0;11000015;5;25;5;1;0;0;0;1;0;0
1000000395;24;396;2019;8;1;0;1;;00001122;00000002;00000024;00001981;1;0;0;;;;;;;;;;;0;1;0;0;11000003;9;1;5;1;0;0;0;1;0;1
1000000396;3;397;2019;29;2;3;1;;00002710;00000002;00000007;;1;0;0;;;;;;;;;;;0;1;0;0;11000000;5;16;5;1;0;0;0;1;0;1
1000000398;78;399;2019;7;1;1;1;;00003539;00000001;;00005419;1;0;0;;;;;;;;;;;0;1;;0;11000011;5;2;5;1;0;0;0;1;0;0
1000000399;166;400;2019;12;1;0;1;;00003703;00000002;00000015;00001325;1;0;0;;0;;;;;0;;;;0;1;0;0;11000023;;26;5;1;0;0;0;1;0;0
1000000402;210;403;2019;6;1;1;1;;00003600;00000001;;;1;0;0;;;1;;;;;0;;;0;1;0;0;11000029;9;;5;1;0;0;0;1;0;0
1000000403;192;404;2019;15;1;0;1;;00001751;00000002;00000016;00004813;2;0;0;;;;;;;;;;;0;1;0;0;11000027;5;26;5;1;0;0;0;1;0;0
1000000404;5;405;2019;18;1;1;1;;00001714;00000001;00000002;00004295;1;0;0;;0;;;;;;;;;0;1;0;;11000000;5;21;5;1;0;0;0;1;0;0
1000000405;155;406;2019;12;2;3;1;;00005437;00000001;00000002;00001230;1;0;0;0;;1;;;;;;;0;0;1;0;;11000022;5;17;5;1;0;0;0;1;0;0
1000000406;49;407;2019;38;2;3;1;;00002516;00000002;00000024;00001944;1;0;0;;;;;0;;;;0;;0;1;0;0;11000006;9;15;5;1;0;0;0;1;0;0
1000000408;164;409;2019;12;2;0;1;;00000070;00000001;00000001;;1;0;0;0;;;;;;0;;0;;0;1;0;0;11000023;5;56;5;1;0;0;0;1;0;0
1000000409;125;410;2019;15;1;3;1;;00000987;00000001;;00002121;1;0;0;;;;;;;;;;0;0;1;0;0;11000017;5;1;5;1;0;0;0;1;0;0
1000000410;13;411;2019;12;2;3;1;;00002472;00000001;00000015;00002076;2;0;0;;;;;;;;;;;0;1;0;1;11000001;9;17;2;1;0;0;0;1;0;0
1000000413;10;414;2019;5;1;1;1;;00003517;00000002;00000004;00000200;1;0;;;;;;0;;;0;0;;;1;0;0;11000001;5;2;5;1;0;0;0;1;0;0
1000000414;56;415;2019;14;2;0;1;;00005538;00000001;;00001149;1;0;0;;0;;;;;;;;0;0;1;0;0;11000007;9;1;5;1;0;0;0;1;0;0
1000000415;106;416;2019;14;1;1;1;;00005321;00000002;;;2;0;0;0;;;0;;;0;0;;;0;1;0;0;11000015;;16;5;1;0;0;0;1;0;0
1000000416;27;417;2019;11;1;0;1;;00004993;00000002;;00004619;1;0;0;;0;;;;;0;;;;0;1;;0;11000003;5;;6;1;0;0;0;1;0;0
1000000417;38;418;2019;17;2;1;1;;00003989;00000001;;00001078;1;0;0;;0;;;;;;;;;0;1;0;0;11000005;9;18;3;1;0;0;0;1;0;0
1000000418;52;419;2019;15;1;3;1;;00003597;00000001;00000006;00002902;2;0;0;;;;;;;;;0;;0;1;0;0;11000007;5;30;5;1;0;0;0;1;0;0
1000000420;187;421;2019;12;1;1;1;;00005000;00000002;00000011;00002861;1;0;0;;;;;1;;;;;;0;1;0;0;11000026;5;26;5;1;0;0;0;1;0;0
1000000421;159;422;2019;8;1;0;1;;00001117;00000001;00000007;;1;0;0;;;0;;;;;;0;;0;1;0;0;11000022;5;19;5;1;0;0;0;1;0;0
1000000422;134;423;2019;35;1;3;1;;00001386;00000002;;00004879;1;0;1;;0;;;0;;0;;;;;1;;0;11000019;9;14;6;1;0;0;0;1;0;0
1000000423;97;424;2019;17;1;1;1;;00001827;00000002;00000006;00003861;1;0;0;;;;;;;;;;;0;1;0;0;11000013;9;;1;1;0;0;0;1;0;0
1000000424;173;425;2019;7;2;1;1;;00004071;00000002;;00005363;1;0;0;;;;;0;0;;;;;0;1;0;0;11000024;5;17;5;1;0;0;0;1;0;0
1000000426;73;427;2019;8;1;0;1;;00002781;00000002;00000019;00005455;2;0;1;;;;;;;;;;;0;1;0;1;11000010;5;2;5;1;0;0;0;1;0;0
1000000427;11;428;2019;9;2;3;1;;00001051;00000001;00000026;;2;0;0;0;;;;;;0;;;;0;1;0;0;11000001;5;1;5;1;0;0;0;1;0;0
1000000429;197;430;2019;7;2;3;1;;00005065;00000001;00000008;00000488;1;0;0;;;1;;;;0;;;;0;1;0;0;11000028;9;2;5;1;0;0;0;1;0;0
1000000430;150;431;2019;7;2;1;1;;00001866;00000001;;00003857;1;0;0;0;0;;;;1;0;;;;;1;0;0;11000021;5;69;5;1;0;0;0;1;0;0
1000000431;182;432;2019;7;1;1;1;;00002499;00000001;00000008;00002271;1;0;0;;;;;0;;;;;;0;1;0;0;11000025;5;;5;1;0;0;0;1;0;0
1000000432;200;433;2019;8;2;1;1;;00000651;00000001;00000022;;1;0;0;0;;0;0;1;;;;0;0;0;1;0;0;11000028;5;17;5;1;0;0;0;1;0;0
1000000433;89;434;2019;12;1;0;1;;00003589;00000002;00000015;;1;0;1;;;;;;;0;;;;0;1;0;0;11000012;5;16;1;1;0;0;0;1;0;0
1000000434;109;435;2019;20;1;1;1;;00001713;00000001;00000011;;1;0;1;0;;;;;;;0;;;0;1;0;;11000015;5;25;5;1;0;0;0;1;0;0
1000000436;118;437;2019;15;1;3;1;;00000769;00000001;;00001764;1;0;0;;0;;;;;;;0;;0;1;0;;11000016;5;21;5;1;0;0;0;1;0;0
1000000437;44;438;2019;10;2;0;1;;00001681;00000001;00000002;;1;0;0;;0;;0;;;;;;;0;1;0;0;11000006;9;18;5;1;0;0;0;1;0;0
1000000438;173;439;2019;12;2;3;1;;00003455;00000002;00000002;;1;0;0;;;1;0;;;;;;;0;1;;0;11000024;9;17;5;1;0;0;0;1;0;0
1000000440;116;441;2019;6;1;2;1;;00001928;00000001;;00003849;1;0;1;;;;;0;;;;;;;1;0;0;11000016;5;14;5;1;0;0;0;1;0;0
1000000441;12;442;2019;4;1;1;1;;00004368;00000002;00000001;;1;0;0;;0;;;;;;0;0;;0;1;0;0;11000001;9;;5;1;0;0;0;1;0;0
1000000442;20;443;2019;9;2;3;1;;00005374;00000001;00000017;;1;0;0;;;;0;;;;;;;0;1;0;0;11000002;4;26;5;1;0;0;0;1;0;1
1000000443;57;444;2019;4;2;0;1;;00001028;00000002;;00000684;1;0;0;0;;0;0;;;;;;;0;1;0;0;11000008;5;16;5;1;0;0;0;1;0;0
1000000445;103;446;2019;8;2;1;1;;00005342;00000002;00000025;;1;0;0;;;;;;;;;;0;0;1;0;0;11000014;2;2;5;1;0;0;0;1;0;1
1000000446;59;447;2019;14;2;0;1;;00000355;00000002;00000003;00003425;1;0;0;;;1;;;;;;0;0;0;1;0;0;11000008;5;1;5;1;0;0;0;1;0;0
1000000447;204;448;2019;17;1;1;1;;00005424;00000002;;00001561;1;0;0;;;;;;0;;;;;0;1;0;0;11000029;9;16;5;1;0;0;0;1;0;0
1000000448;179;449;2019;6;1;3;1;;00000879;00000001;00000024;00004178;1;0;0;;;;;;;;;;;0;1;0;0;11000025;4;2;5;1;0;0;0;1;0;0
1000000450;94;451;2019;15;1;2;1;;00002309;00000002;00000005;00003103;1;0;0;;;;;;;;;;0;0;1;;0;11000013;5;14;5;1;0;0;0;1;0;0
1000000452;166;453;2019;5;1;1;1;;00002479;00000002;00000015;;1;0;0;;0;;0;;;;;;0;0;1;1;0;11000023;5;26;5;1;0;0;0;1;0;0
1000000453;43;454;2019;6;2;4;1;;00002282;00000001;00000025;00004154;1;0;0;;;;;0;;0;;;;0;1;;0;11000006;5;2;5;1;0;0;0;1;0;0
1000000454;107;455;2019;15;2;2;1;;00001813;00000002;00000012;;2;0;0;;;;;;1;;0;;;0;1;0;0;11000015;5;20;5;1;0;0;0;1;0;0
1000000455;182;456;2019;11;2;3;1;;00000130;00000001;00000017;00000919;1;0;0;;;;;;;;;;0;0;1;0;0;11000025;4;;5;1;0;0;0;1;0;1
1000000456;50;457;2019;10;2;1;1;;00000842;00000001;;00001017;1;0;0;;;;0;;0;;;;;0;1;0;0;11000007;9;25;5;1;0;0;0;1;0;0
1000000457;24;458;2019;5;1;0;1;;00002495;00000002;00000017;00000979;1;0;0;;;;;;0;;;0;;0;1;0;0;11000003;9;1;5;1;0;0;0;1;0;1
1000000458;130;459;2019;4;1;0;1;;00001518;00000002;00000007;;1;0;0;;;;0;;0;;;;;0;1;0;0;11000018;9;;5;1;0;0;0;1;0;0
1000000459;123;460;2019;4;2;5;1;;00004116;00000001;00000015;;1;0;0;;;;0;;;;0;;;0;1;0;0;11000017;9;14;5;1;0;0;0;1;0;0
1000000460;122;461;2019;15;1;3;1;;00003321;00000002;00000016;;1;0;0;;;1;;;;;;1;;0;1;0;0;11000017;9;16;5;1;0;0;0;1;0;0
1000000461;94;462;2019;12;2;1;1;;00000411;00000002;00000006;00000051;1;0;1;;;;;;;;;;;0;1;0;0;11000013;5;14;5;1;0;0;0;1;0;0
1000000463;131;464;2019;12;1;0;1;;00005237;00000001;00000006;;1;0;0;0;;;;1;;;;;;0;1;0;0;11000018;5;2;5;1;0;0;0;1;0;0
1000000464;186;465;2019;12;1;3;1;;00003439;00000002;00000013;00000210;1;0;0;;;;0;0;;0;;;;0;1;0;0;11000026;2;17;5;1;0;0;0;1;0;1
1000000465;108;466;2019;6;1;3;1;;00005232;00000001;00000020;00003372;1;0;0;;;;;;;0;;0;;0;1;;0;11000015;5;22;5;1;0;0;0;1;0;0
1000000466;145;467;2019;9;1;3;1;;00000937;00000002;00000014;;1;0;0;;;;;;;0;;;;0;1;0;0;11000020;5;26;1;1;0;0;0;1;0;0
1000000468;214;469;2019;15;1;0;1;;00003318;00000002;00000003;00003553;1;0;0;;;;;;;;0;;;0;1;0;0;11000030;5;20;2;1;0;0;0;1;0;0
1000000469;41;470;2019;18;2;0;1;;00003396;00000002;00000018;;1;0;1;;;;;;;;;;;0;1;0;0;11000005;5;2;5;1;0;0;0;1;0;0
1000000470;91;471;2019;9;1;3;1;;00004958;00000001;00000021;;1;0;0;;;;;;0;;0;;;0;1;1;0;11000012;5;2;5;1;0;0;0;1;0;0
1000000471;126;472;2019;13;2;3;1;;00003714;00000002;;;1;0;0;;;;0;;;;0;;;0;1;0;0;11000017;5;16;5;1;0;0;0;1;0;0
1000000472;145;473;2019;19;1;3;1;;00000765;00000002;00000010;00003812;1;1;1;;;;;;;;;;;0;1;0;1;11000020;5;26;1;1;0;0;0;1;0;0
1000000473;35;474;2019;24;2;3;1;;00000106;00000002;;;1;0;0;;;;;;;;;0;;0;1;0;0;11000004;2;15;5;1;0;0;0;1;0;1
1000000474;135;475;2019;8;2;3;1;;00004894;00000002;;00003723;1;0;0;0;;;;0;;;0;;;0;1;0;0;11000019;9;19;5;1;0;0;0;1;0;0
1000000475;212;476;2019;8;2;1;1;;00003308;00000001;00000004;;1;0;1;;;;;;0;;;;;0;1;0;0;11000030;5;2;5;1;0;0;0;1;0;0
1000000479;194;480;2019;17;2;0;1;;00004108;00000002;;00000197;1;0;1;;;1;;;;;0;;0;0;1;0;0;11000027;5;1;5;1;0;0;0;1;0;0
1000000480;99;481;2019;10;1;0;1;;00003539;00000001;;;1;0;0;;0;0;;;;;;;;1;1;;0;11000014;5;;5;1;0;0;0;1;0;0
1000000481;148;482;2019;16;1;0;1;;00000627;00000001;00000010;00005321;1;0;0;;;;;;;;;;;0;1;0;0;11000021;5;22;5;1;0;0;0;1;0;0
1000000482;66;483;2019;4;2;1;1;;00000853;00000001;;00000453;1;0;0;;0;;;;;;;;;0;1;0;0;11000009;5;70;5;1;0;0;0;1;0;0
1000000483;200;484;2019;14;2;0;1;;00003254;00000001;;00004572;1;0;0;;;;0;;;;;;;0;1;0;0;11000028;9;17;5;1;0;0;0;1;0;1
1000000485;20;486;2019;8;1;1;1;;00002593;00000001;00000002;00001586;1;0;1;;0;;;;;0;;;;0;1;;0;11000002;4;26;5;1;0;0;0;1;0;0
1000000486;71;487;2019;4;1;3;1;;00001686;00000002;;00002439;2;0;0;;;;;;;;;0;0;0;1;0;0;11000010;9;14;5;1;0;0;0;1;0;0
1000000487;113;488;2019;10;2;1;1;;00001499;00000002;00000015;;1;0;0;;0;;;;0;;0;;;0;1;;0;11000016;9;15;5;1;0;0;0;1;0;1
1000000488;142;489;2019;12;2;3;1;;00002259;00000002;00000023;00004254;1;0;0;;;;0;;;;;;;0;1;0;0;11000020;9;2;5;1;0;0;0;1;0;0
1000000489;211;490;2019;13;1;0;1;;00001997;00000002;00000003;;1;0;0;;0;;;;;;;;0;0;1;0;0;11000030;9;21;5;1;0;0;0;1;0;0
1000000490;150;491;2019;38;1;1;1;;00000556;00000002;;00001604;1;0;1;;;1;0;;;;;;;0;1;0;0;11000021;2;69;5;1;0;0;0;1;0;1
1000000491;210;492;2019;8;2;1;1;;00004823;00000001;00000007;00000644;1;0;0;;;;0;;;;;;0;0;1;0;0;11000029;5;;5;1;0;0;0;1;0;0
1000000493;26;494;2019;15;1;1;1;;00004928;00000002;00000024;00003201;1;0;1;;;;;;;0;;0;;0;1;0;0;11000003;4;17;5;1;0;0;0;1;0;0
1000000494;143;495;2019;8;1;0;1;;00003165;00000002;00000020;00002793;1;0;0;;;1;;;;;;;0;0;1;0;0;11000020;9;16;1;1;0;0;0;1;0;0
1000000495;96;496;2019;14;1;1;1;;00002361;00000002;00000003;;1;0;0;;;;0;0;;;;;;0;1;0;0;11000013;5;56;5;1;0;0;0;1;0;0
1000000496;7;497;2019;4;2;3;1;;00001628;00000002;;00002172;1;0;0;;;;0;;;;;0;;0;1;1;0;11000000;9;14;5;1;0;0;0;1;0;0
1000000497;176;498;2019;11;2;0;1;;00004605;00000002;00000005;00005063;1;0;0;0;;1;;0;;;;0;;;1;0;0;11000025;5;26;5;1;0;0;0;1;0;0
1000000499;25;500;2019;13;1;3;1;;00000427;00000001;00000022;;1;0;0;;;;0;;0;;;;;0;1;0;0;11000003;5;70;;1;0;0;0;1;0;0
1000000500;74;501;2019;14;1;3;1;;00003260;00000001;;;1;0;0;;;1;;;;;;;;0;1;0;0;11000010;5;3;1;1;0;0;0;1;0;0
1000000501;62;502;2019;14;2;3;1;;00004318;00000001;00000007;00005082;1;0;0;;;;;;;;;;;;1;0;0;11000008;5;15;5;1;0;0;0;1;0;0
1000000502;212;503;2019;7;1;0;1;;00002680;00000002;;00002685;1;0;0;;0;1;;;;;;;;0;1;0;0;11000030;9;2;5;1;0;0;0;1;0;0
1000000503;176;504;2019;17;2;1;1;;00000205;00000001;;00002047;1;0;1;0;;;;;0;0;0;;0;0;1;0;0;11000025;5;26;5;1;0;0;0;1;0;0
1000000504;14;505;2019;12;1;1;1;;00001061;00000002;00000014;;1;0;0;0;;1;;;0;;;;;0;1;0;;11000001;5;2;5;1;0;0;0;1;0;0
1000000505;115;506;2019;4;1;3;1;;00001034;00000001;00000014;;1;0;1;;;;;;;0;0;;;0;1;0;0;11000016;5;2;5;1;0;0;0;1;0;0
1000000507;117;508;2019;14;1;3;1;;00003677;00000002;;;2;0;0;;;1;;;0;;;;;0;1;0;0;11000016;5;18;5;1;0;0;0;1;0;0
1000000508;63;509;2019;19;1;3;1;;00002031;00000001;;;1;0;0;;;;;;0;0;;;0;0;1;0;0;11000008;4;25;5;1;0;0;0;1;0;1
1000000509;36;510;2019;10;2;1;1;;00002958;00000001;00000008;;1;0;1;;;1;;;;0;;;;0;1;0;0;11000005;5;;5;1;0;0;0;1;0;0
1000000510;169;511;2019;14;2;1;1;;00000077;00000002;00000012;00000097;2;0;0;0;;1;0;;;;;;;0;1;0;0;11000024;9;71;5;1;0;0;0;1;0;0
1000000511;181;512;2019;4;2;3;1;;00003763;00000001;00000024;;1;0;0;0;;;;;;;0;;;0;1;0;0;11000025;9;;5;1;0;0;0;1;0;0
1000000512;59;513;2019;10;1;1;1;;00000277;00000001;00000002;;2;0;0;;;;;;;;;;;0;1;;0;11000008;9;1;5;1;0;0;0;1;0;1
1000000513;37;514;2019;11;2;0;1;;00005188;00000002;00000007;00004867;1;0;0;;;;;;;;;;;;1;1;0;11000005;5;;5;1;0;0;0;1;0;0
1000000514;35;515;2019;7;1;1;1;;00000392;00000001;;;1;0;0;;;1;;;;;;;;0;1;1;0;11000004;9;15;5;1;0;0;0;1;0;0
1000000515;21;516;2019;9;1;1;1;;00004518;00000001;00000011;00004042;1;0;1;;;;;0;;;;0;;0;1;0;0;11000002;5;17;5;1;0;0;0;1;0;0
1000000516;217;517;2019;14;2;1;1;;00003032;00000002;00000022;;2;0;0;;;;0;0;;;;;;0;1;0;0;11000030;5;1;1;1;0;0;0;1;0;0
1000000517;168;518;2019;11;2;3;1;;00004185;00000001;00000022;00005103;1;0;0;0;0;;;;;;;;;0;1;0;0;11000023;5;15;5;1;0;0;0;1;0;0
1000000518;62;519;2019;9;1;0;1;;00004126;00000002;00000025;00004100;2;0;1;;;;;0;;;;;;0;1;0;;11000008;9;15;5;1;0;0;0;1;0;0
1000000521;49;522;2019;20;1;3;1;;00003149;00000001;00000008;00000158;1;0;0;0;;;;;;;;;;0;1;0;0;11000006;2;15;5;1;0;0;0;1;0;1
1000000522;29;523;2019;4;1;4;1;;00002913;00000002;00000027;00004844;1;0;0;;0;;0;;0;;;0;;0;1;0;0;11000004;5;18;5;1;0;0;0;1;0;0
1000000523;31;524;2019;12;2;0;1;;00000828;00000001;;;2;0;0;;;;;;0;0;;;;0;1;0;0;11000004;9;;5;1;0;0;0;1;0;1
1000000524;21;525;2019;6;2;1;1;;00000269;00000002;;00003436;1;0;1;;0;;0;;;;0;0;;0;1;0;0;11000002;9;17;5;1;0;0;0;1;0;0
1000000525;146;526;2019;5;1;1;1;;00003025;00000002;00000004;;1;0;0;;;1;;;;;;0;;0;1;0;0;11000020;5;70;1;1;0;0;0;1;0;0
1000000526;20;527;2019;13;2;3;1;;00004723;00000002;;00000977;1;0;0;0;;;;0;0;;;;0;0;1;1;;11000002;9;26;5;1;0;0;0;1;0;0
1000000527;180;528;2019;4;2;1;1;;00003589;00000002;00000007;00003488;1;0;0;;;;;;;;;;;0;1;0;0;11000025;5;15;5;1;0;0;0;1;0;0
1000000528;126;529;2019;8;2;1;1;;00003245;00000001;00000004;00001632;1;0;0;;;;;;;0;;;;0;1;0;0;11000017;5;16;5;1;0;0;0;1;0;1
1000000529;187;530;2019;11;1;3;1;;00002775;00000001;;;1;0;1;;;1;;;;;;;;0;1;0;0;11000026;5;26;5;1;0;0;0;1;0;0
1000000530;156;531;2019;4;1;0;1;;00002309;00000002;00000012;00003910;1;1;0;;;;;;;;;;;0;1;0;0;11000022;5;20;5;1;0;0;0;1;0;0
1000000531;13;532;2019;10;2;3;1;;00000465;00000002;00000023;00000468;1;0;0;;;;;;;;0;;0;0;1;0;0;11000001;4;17;2;1;0;0;0;1;0;0
1000000532;51;533;2019;17;2;0;1;;00001617;00000002;00000010;00000229;1;0;0;;;0;;;;;;;0;0;1;1;0;11000007;9;14;5;1;0;0;0;1;0;0
1000000533;65;534;2019;6;1;3;1;;00000170;00000001;00000011;;1;0;0;;0;;;;;;;;0;0;1;0;0;11000009;5;1;5;1;0;0;0;1;0;0
1000000534;165;535;2019;15;2;3;1;;00005498;00000002;00000019;00001980;1;0;0;;;;0;;;;;;0;0;1;0;0;11000023;5;26;1;1;0;0;0;1;0;0
1000000535;77;536;2019;12;2;3;1;;00001725;00000002;00000018;00004682;1;0;0;;;1;;;;;;;;0;1;0;1;11000010;5;15;5;1;0;0;0;1;0;0
1000000536;152;537;2019;13;1;3;1;;00003789;00000001;;;2;0;0;;;;;;;0;;;;0;1;;0;11000021;9;19;5;1;0;0;0;1;0;0
1000000537;19;538;2019;7;2;3;1;;00002407;00000002;00000011;;1;0;1;;;1;;;;;;;;0;1;0;0;11000002;5;71;5;1;0;0;0;1;0;0
1000000538;25;539;2019;7;2;1;1;;00005456;00000001;00000007;00004798;1;0;0;;;;0;;0;;;;;;1;0;0;11000003;9;70;;1;1;0;0;1;0;0
1000000539;62;540;2019;10;2;0;1;;00001115;00000001;;;1;0;0;;;;;;0;0;;0;;0;1;0;0;11000008;9;15;5;1;0;0;0;1;0;0
1000000540;115;541;2019;5;1;0;1;;00001342;00000002;;;1;0;0;;;0;;;;0;;;;0;1;0;0;11000016;4;2;5;1;0;0;0;1;0;0
1000000541;208;542;2019;27;2;3;1;;00005525;00000002;;00000095;1;0;0;;;;;;;;;;;0;1;0;0;11000029;5;16;5;1;0;0;0;1;0;0
1000000542;128;543;2019;7;1;1;1;;00000835;00000001;00000026;00002440;1;1;0;;;0;;0;;;;;;0;1;;0;11000018;5;26;1;1;0;0;0;1;0;0
1000000546;33;547;2019;6;2;1;1;;00001012;00000001;00000018;00002395;1;0;0;;0;;;;;;;;;0;1;0;0;11000004;5;16;5;1;0;0;0;1;0;0
1000000547;2;548;2019;10;1;1;1;;00003325;00000002;00000024;00002840;1;0;0;;;;;;;;;;;;1;0;0;11000000;5;30;5;1;0;0;0;1;0;0
1000000548;65;549;2019;9;1;1;1;;00000788;00000001;00000026;00002280;2;0;0;;;;;;;;;;;0;1;0;;11000009;5;1;5;1;0;0;0;1;0;0
1000000549;47;550;2019;9;2;1;1;;00000052;00000002;00000025;;1;0;0;;0;;;;;0;0;;;0;1;0;0;11000006;5;;1;1;0;0;0;1;0;1
1000000550;90;551;2019;19;2;0;1;;00005252;00000001;00000024;00001499;1;0;0;;;;;;;;;;;0;1;0;0;11000012;2;25;5;1;0;0;0;1;0;1
1000000551;84;552;2019;10;1;3;1;;00001508;00000001;00000010;00000305;1;0;0;;;;;;;0;0;;;0;1;0;0;11000011;;27;2;1;0;0;0;1;0;0
1000000553;14;554;2019;14;2;3;1;;00000707;00000001;00000012;00003919;2;0;0;;;;;;0;;;;;0;1;0;1;11000001;2;2;5;1;0;0;0;1;0;1
1000000554;151;555;2019;12;1;3;1;;00000898;00000001;;;1;0;1;;;;;0;;;;;;0;1;0;0;11000021;5;20;5;1;0;0;0;1;0;0
1000000555;146;556;2019;12;1;1;1;;00000488;00000002;00000012;00004977;2;0;1;0;;0;;;;;;;;0;1;0;0;11000020;5;70;1;1;0;0;0;1;0;0
1000000556;81;557;2019;4;2;1;1;;00004188;00000001;00000005;00004840;1;0;0;;;;0;;0;;;;;0;1;0;0;11000011;9;14;5;1;0;0;0;1;0;0
1000000557;167;558;2019;11;1;3;1;;00003643;00000002;00000012;00002079;1;0;0;;;;;;;;;;;0;1;0;0;11000023;5;17;5;1;0;0;0;1;0;0
1000000558;185;559;2019;4;1;1;1;;00000928;00000001;;00002809;1;0;0;;;;;;;;;;;0;1;0;0;11000026;9;17;5;1;0;0;0;1;0;0
1000000559;95;560;2019;4;2;1;1;;00003358;00000002;00000012;00002349;1;0;0;;;;;;;;;;0;0;1;0;0;11000013;5;14;5;1;0;0;0;1;0;0
1000000560;38;561;2019;17;2;3;1;;00000209;00000002;00000015;;1;0;0;;;;;;;;;;;;1;0;0;11000005;;18;3;1;0;0;0;1;0;0
1000000561;183;562;2019;10;2;0;1;;00001915;00000001;00000011;00004227;1;0;0;0;;;;0;;;0;0;;0;1;0;;11000026;5;19;5;1;0;0;0;1;0;0
1000000562;196;563;2019;13;2;0;1;;00001527;00000001;00000003;;2;0;1;0;0;0;;;;;;;;0;1;1;0;11000027;5;15;5;1;0;0;0;1;0;0
1000000563;36;564;2019;13;1;1;1;;00001386;00000001;;00001190;2;0;0;;;;0;;;;;;;0;1;0;0;11000005;5;;5;1;0;0;0;1;0;0
1000000564;137;565;2019;11;2;3;1;;00004596;00000001;;00001952;2;0;0;0;;;;;;;;;;0;1;0;0;11000019;9;21;5;1;0;0;0;1;0;0
1000000565;89;566;2019;9;1;1;1;;00003901;00000001;;00004119;1;0;0;;;;;;0;;;;;0;1;0;0;11000012;5;16;1;1;0;0;0;1;0;0
1000000566;112;567;2019;4;2;3;1;;00003578;00000001;00000015;;1;0;0;;0;;;;;;;;0;0;1;0;0;11000015;5;18;5;1;0;0;0;1;0;0
1000000567;78;568;2019;10;2;0;1;;00000705;00000002;00000020;;1;0;0;;;;;;0;;;0;;0;1;0;0;11000011;5;2;5;1;0;0;0;1;0;0
1000000568;64;569;2019;7;1;2;1;;00001943;00000001;00000017;00003862;1;0;1;;;;;;;;0;;;0;1;0;0;11000009;5;16;5;1;0;0;0;1;0;0
1000000569;21;570;2019;4;2;3;1;;00002998;00000001;00000021;;1;0;0;;;;;;;;;;;0;1;0;0;11000002;5;17;5;1;0;0;0;1;0;0
1000000571;109;572;2019;10;2;3;1;;00004485;00000001;;00003954;1;0;0;;;;;;0;;;;;0;1;0;0;11000015;5;25;5;1;0;0;0;1;0;0
1000000572;80;573;2019;51;1;3;1;;00000955;00000001;00000004;00001927;1;1;0;;;;;;;;;;0;0;1;0;;11000011;5;20;5;1;0;0;0;1;0;0
1000000573;116;574;2019;13;1;1;1;;00001150;00000002;00000023;00001384;1;0;0;;;;;0;;0;;;;0;1;0;;11000016;;14;5;1;0;0;0;1;0;0
1000000575;61;576;2019;6;1;3;1;;00002111;00000002;00000017;;1;0;0;;;;0;;;0;0;;;0;1;0;0;11000008;5;68;5;1;0;0;0;1;0;0
1000000576;80;577;2019;13;1;3;1;;00005346;00000002;00000019;;1;0;0;;;;;0;;;0;;;0;1;0;0;11000011;5;20;5;1;0;0;0;1;0;0
1000000577;208;578;2019;13;2;3;1;;00004444;00000001;00000011;;1;0;0;;;1;;;0;0;;;;0;1;0;0;11000029;2;16;5;1;0;0;0;1;0;1
1000000578;106;579;2019;16;2;0;1;;00003532;00000002;00000007;00000680;1;0;0;;0;;;;;;;;;0;1;0;0;11000015;5;16;5;1;0;0;0;1;0;0
1000000580;115;581;2019;10;2;0;1;;00003832;00000002;00000016;00003616;1;0;0;;;;;;;0;;;;0;1;0;0;11000016;5;2;5;1;0;0;0;1;0;0
1000000581;66;582;2019;4;1;3;1;;00001005;00000002;00000019;00005047;1;0;0;;;;;;;;;;;0;1;0;0;11000009;5;70;5;1;0;0;0;1;0;0
1000000582;45;583;2019;5;1;0;1;;00003382;00000001;00000026;00004576;1;0;0;;;;;0;;;;;;0;1;0;0;11000006;5;;5;1;0;0;0;1;0;0
1000000583;18;584;2019;6;2;0;1;;00005337;00000001;00000003;;1;0;0;;;1;;1;;;0;;0;0;1;0;;11000002;2;3;5;1;0;0;0;1;0;1
1000000584;19;585;2019;10;1;0;1;;00002327;00000002;00000021;00004010;1;0;0;;;0;;;0;;0;;0;0;1;0;;11000002;5;71;5;1;0;0;0;1;0;0
1000000585;104;586;2019;8;2;0;1;;00000801;00000001;00000017;00004917;2;0;0;;;;0;0;0;;;;;0;1;1;0;11000014;4;;5;1;0;0;0;1;0;0
1000000586;157;587;2019;43;1;1;1;;00001855;00000002;00000022;00001130;1;0;0;;;;0;;;;;;;0;1;0;0;11000022;2;14;5;1;0;0;0;1;0;1
1000000587;217;588;2019;51;2;3;1;;00000030;00000001;00000004;00003748;1;0;0;;;1;0;;;;;;;0;1;0;0;11000030;5;1;1;1;0;0;0;1;0;0
1000000588;101;589;2019;8;2;3;1;;00001582;00000002;;;1;1;0;;;;;;;;;0;;0;1;1;0;11000014;5;17;5;1;0;0;0;1;0;0
1000000590;57;591;2019;11;2;0;1;;00001239;00000002;00000015;00005190;2;0;0;0;;;0;0;;;;;;0;1;0;0;11000008;9;16;5;1;0;0;0;1;0;0
1000000591;176;592;2019;4;1;3;1;;00001131;00000002;00000022;00002128;1;0;0;;;;0;;;;;;;0;1;0;0;11000025;9;26;5;1;0;0;0;1;0;0
1000000593;171;594;2019;56;1;3;1;;00001106;00000001;00000008;00000737;1;0;0;;;;;;;0;;;;0;1;0;0;11000024;5;18;5;1;0;0;0;1;0;0
1000000594;172;595;2019;17;1;3;1;;00001077;00000002;00000021;;2;0;0;;;;;;0;;;0;0;0;1;1;0;11000024;9;71;1;1;0;0;0;1;0;0
1000000596;108;597;2019;7;1;3;1;;00004380;00000001;00000011;00003325;2;0;0;;;;;;0;0;;;;0;1;0;0;11000015;5;22;5;1;0;0;0;1;0;0
1000000597;54;598;2019;9;2;0;1;;00005477;00000001;;00002774;1;0;0;;;;;;;;;;;0;1;0;0;11000007;5;26;5;1;0;0;0;1;0;0
1000000598;112;599;2019;13;1;0;1;;00000832;00000002;00000005;;1;0;1;;;;;;0;;;;;0;1;0;0;11000015;5;18;5;1;0;0;0;1;0;0
1000000599;49;600;2019;8;2;1;1;;00003275;00000001;00000019;00001712;2;0;1;;;;;;;;;;;0;1;0;0;11000006;5;15;5;1;0;0;0;1;0;0
1000000600;78;601;2019;8;1;0;1;;00003778;00000002;00000005;;1;0;0;;;1;;;;;;;0;0;1;0;0;11000011;5;2;5;1;0;0;0;1;0;0
1000000601;63;602;2019;11;2;1;1;;00005357;00000002;;00000882;2;0;0;;;;;;;;;;;0;1;0;0;11000008;5;25;5;1;0;0;0;1;0;0
1000000602;68;603;2019;17;1;0;1;;00001882;00000002;;00005394;2;0;0;;;;;;;;;1;;0;1;0;0;11000009;5;21;5;1;0;0;0;1;0;0
1000000603;156;604;2019;11;2;3;1;;00004099;00000001;00000015;00005357;1;0;0;;;;0;;;;;;0;0;1;0;0;11000022;9;20;5;1;0;0;0;1;0;0
1000000604;96;605;2019;7;1;3;1;;00003702;00000001;00000001;00002963;1;0;0;;;;;;;;;;0;0;1;0;;11000013;4;56;5;1;0;0;0;1;0;0
1000000605;124;606;2019;8;1;1;1;;00001537;00000002;00000002;00004960;1;0;0;0;;;;;;;;;;0;1;0;1;11000017;5;;5;1;0;0;0;1;0;0
1000000607;128;608;2019;14;2;1;1;;00000828;00000002;00000001;00001104;2;0;0;;;;;;0;;;0;;0;1;0;0;11000018;5;26;1;1;0;0;0;1;0;1
1000000608;168;609;2019;8;1;3;1;;00003151;00000001;00000002;;1;0;0;;;;;;;;;;0;;1;0;0;11000023;4;15;5;1;0;0;0;1;0;0
1000000609;157;610;2019;7;1;0;1;;00000319;00000001;;00005156;2;0;0;;;;;;;;0;;;0;1;0;0;11000022;5;14;5;1;0;0;0;1;0;0
1000000611;128;612;2019;7;2;3;1;;00002300;00000002;00000009;00004082;1;0;1;;;;;0;;;;;0;0;1;0;0;11000018;2;26;1;1;0;0;0;1;0;1
1000000612;196;613;2019;5;2;3;1;;00001629;00000002;00000001;;1;0;0;;;;0;;0;;;;;0;1;0;0;11000027;5;15;5;1;0;0;0;1;0;0
1000000613;67;614;2019;9;2;1;1;;00003612;00000001;00000022;00003268;1;0;0;;;;;;;;;;0;0;1;0;0;11000009;5;1;5;1;0;0;0;1;0;0
1000000614;131;615;2019;4;2;1;1;;00000943;00000001;00000018;;1;0;0;;;;;;;0;;0;;0;1;0;0;11000018;5;2;5;1;0;0;0;1;0;0
1000000615;45;616;2019;4;1;1;1;;00005253;00000002;;;2;0;0;;;;0;;;0;;;;0;1;0;0;11000006;5;;5;1;0;0;0;1;0;0
1000000616;98;617;2019;12;2;1;1;;00000416;00000002;00000024;00003482;1;0;0;0;;0;;;;0;;;;0;1;0;0;11000013;5;2;5;1;0;0;0;1;0;0
1000000617;63;618;2019;10;2;3;1;;00003773;00000001;00000021;;1;0;0;;;;;;;;;0;;0;1;0;0;11000008;5;25;5;1;0;0;0;1;0;0
1000000620;30;621;2019;8;1;1;1;;00001474;00000002;;00003248;1;0;0;;0;;;;0;;;;0;0;1;0;0;11000004;5;27;5;1;0;0;0;1;0;0
1000000622;202;623;2019;10;2;3;1;;00005135;00000001;00000005;00000713;1;0;0;;;;;;;;;;;0;1;0;0;11000028;5;25;5;1;0;0;0;1;0;0
1000000623;133;624;2019;4;1;0;1;;00000515;00000002;00000014;00001281;1;0;0;;;;;;;;;0;;0;1;0;0;11000018;5;1;5;1;0;0;0;1;0;0
1000000624;211;625;2019;14;2;3;1;;00001533;00000001;;;1;0;0;;;;;0;;;;;;0;1;0;0;11000030;9;21;5;1;0;0;0;1;0;0
1000000625;216;626;2019;5;2;1;1;;00004947;00000002;00000020;;2;0;0;;;1;0;;0;;;;;0;1;0;0;11000030;2;1;5;1;0;0;0;1;0;0
1000000626;121;627;2019;11;2;3;1;;00001921;00000002;;;2;0;1;;;;;;;;;0;;0;1;0;0;11000017;5;71;5;1;0;0;0;1;0;0
1000000629;103;630;2019;8;2;0;1;;00002085;00000002;00000003;00000938;1;0;0;;0;;;;;;;;;0;1;0;0;11000014;;2;5;1;0;0;0;1;0;0
1000000630;127;631;2019;9;2;0;1;;00001161;00000001;00000015;00000765;1;0;0;;;;;;0;;;;;0;1;0;0;11000018;2;41;5;1;0;0;0;1;0;1
1000000631;128;632;2019;10;1;0;1;;00004996;00000002;;00001981;1;0;1;;;;;;;;;;;;1;0;0;11000018;5;26;1;1;0;0;0;1;0;0
1000000632;125;633;2019;10;2;1;1;;00001725;00000002;;00000148;1;0;0;;;0;;;;;;;;0;1;0;0;11000017;9;1;5;1;0;0;0;1;0;0
1000000633;210;634;2019;10;1;1;1;;00002623;00000002;00000003;00001399;1;0;0;;0;;;;;0;;;;0;1;0;0;11000029;5;;5;1;0;0;0;1;0;0
1000000634;118;635;2019;16;1;3;1;;00000723;00000002;;00001332;2;0;0;0;;;;;;0;;;0;;1;0;0;11000016;5;21;5;1;0;0;0;1;0;0
1000000635;190;636;2019;5;1;0;1;;00003452;00000001;;00000283;1;0;0;;;;;;;;;;;0;1;0;0;11000027;5;27;5;1;0;0;0;1;0;1
1000000636;102;637;2019;12;1;1;1;;00001334;00000002;00000001;00000270;1;0;0;;;;0;;;;;;;0;1;0;0;11000014;9;22;5;1;0;0;0;1;0;0
1000000638;161;639;2019;4;2;1;1;;00005200;00000002;;00003180;1;0;0;;;1;;;0;;;;;0;1;0;0;11000022;9;15;5;1;0;0;0;1;0;0
1000000639;100;640;2019;5;1;3;1;;00004390;00000002;00000026;;1;0;0;;;;0;;;;;;;;1;0;0;11000014;5;17;5;1;0;0;0;1;0;0
1000000641;7;642;2019;12;1;2;1;;00004656;00000001;00000019;00005356;1;0;0;0;;;;0;;0;;;;0;1;0;0;11000000;5;14;5;1;0;0;0;1;0;0
1000000642;191;643;2019;16;1;1;1;;00005195;00000001;;00004187;1;0;0;;1;;0;;0;;;;;0;1;0;0;11000027;5;18;5;1;0;0;0;1;0;0
1000000643;133;644;2019;4;2;1;1;;00002178;00000001;00000018;00001608;1;0;0;;;;;;;;;;0;0;1;0;0;11000018;;1;5;1;0;0;0;1;0;0
1000000644;9;645;2019;7;1;0;1;;00004576;00000001;00000020;00000618;1;0;0;;;;0;0;;;;;;0;1;0;0;11000001;5;2;3;1;0;0;0;1;0;0
1000000645;97;646;2019;5;1;3;1;;;00000001;;00000337;1;0;0;;;;;0;;;;;;0;1;0;0;11000013;5;;1;1;0;0;0;1;0;0
1000000646;191;647;2019;7;1;0;1;;00001344;00000002;;00001170;1;0;0;;;;;;;;;;;0;1;0;0;11000027;5;18;5;1;0;0;0;1;0;0
1000000648;29;649;2019;29;2;3;1;;00004166;00000001;00000004;00002520;1;0;0;;;;;;;0;;;;0;1;;0;11000004;5;18;5;1;0;0;0;1;0;0
1000000649;108;650;2019;4;2;3;1;;00003541;00000002;00000015;;1;0;0;;0;;;0;0;0;;;0;0;1;0;0;11000015;5;22;5;1;0;0;0;1;0;0
1000000650;215;651;2019;10;1;0;1;;00003199;00000001;00000020;;1;0;0;;;;0;;;0;;0;;0;1;1;0;11000030;5;41;5;1;0;0;0;1;0;0
1000000651;83;652;2019;25;1;3;1;;00000234;00000002;00000007;00003079;1;0;0;;;;;;;;;;;0;1;0;0;11000011;5;2;5;1;0;0;0;1;0;0
1000000652;172;653;2019;18;1;3;1;;00001001;00000002;00000025;00000659;1;0;0;;;1;;;;0;;0;;0;1;0;0;11000024;4;71;1;1;0;0;0;1;0;0
1000000653;19;654;2019;5;2;1;1;;00003278;00000001;00000011;00004351;1;0;1;0;0;;0;;;;;;;0;1;;0;11000002;5;71;5;1;0;0;0;1;0;0
1000000655;17;656;2019;8;1;0;1;;00001470;00000002;00000001;00003354;1;0;1;;0;;;0;;;;;;0;1;1;0;11000002;5;14;5;1;0;0;0;1;0;0
1000000656;160;657;2019;10;1;0;1;;00005310;00000001;;00000437;1;1;0;;0;;;;;;;0;;0;1;0;0;11000022;4;;5;1;0;0;0;1;0;1
1000000657;111;658;2019;12;2;0;1;;00000548;00000001;;00001085;1;0;0;;;0;;0;;0;;;;0;1;0;0;11000015;5;14;3;1;0;0;0;1;0;0
1000000658;217;659;2019;8;2;0;1;;00004164;00000001;;00000926;1;0;0;;0;1;;;;;;0;;0;1;0;0;11000030;5;1;1;1;0;0;0;1;0;0
1000000659;121;660;2019;11;1;1;1;;00005531;00000002;00000023;00000455;1;0;0;;1;;;;;;;;;0;1;0;0;11000017;5;71;5;1;0;0;0;1;0;0
1000000660;211;661;2019;4;1;1;1;;00003648;00000001;00000004;00003034;1;0;0;0;;;0;;;0;;;;0;1;0;0;11000030;5;21;5;1;0;0;0;1;0;0
1000000661;20;662;2019;4;2;2;1;;00001437;00000001;00000025;00004841;1;0;0;;;;;;;;;0;;0;1;0;0;11000002;5;26;5;1;0;0;0;1;0;0
1000000662;214;663;2019;9;2;1;1;;00001894;00000001;00000024;00000970;1;0;1;0;;;;;;;0;;;0;1;0;0;11000030;9;20;2;1;0;0;0;1;0;0
1000000663;196;664;2019;4;2;1;1;;00000190;00000001;00000015;00000619;1;0;0;;;0;0;;;;;;0;0;1;0;0;11000027;5;15;5;1;0;0;0;1;0;0
1000000664;110;665;2019;10;2;2;1;;00001193;00000002;;;1;0;0;;;;;;;;;0;;0;1;0;0;11000015;5;1;5;1;0;0;0;1;0;0
1000000665;109;666;2019;4;1;3;1;;00001686;00000002;00000010;00003741;1;0;0;;;1;;0;;;;0;;0;1;0;0;11000015;5;25;5;1;0;0;0;1;0;0
1000000666;39;667;2019;16;2;0;1;;00002441;00000001;;00001123;1;0;0;;;;;;;;;0;;0;1;0;0;11000005;9;27;5;1;0;0;0;1;0;0
1000000667;8;668;2019;15;1;0;1;;00002529;00000001;00000015;;1;0;0;;;;;;;;;;;;1;0;0;11000001;5;17;5;1;0;0;0;1;0;0
1000000668;61;669;2019;4;2;1;1;;00004404;00000002;;;1;0;1;0;;;;;;;;;;0;1;0;0;11000008;5;68;5;1;0;0;0;1;0;0
1000000670;148;671;2019;8;1;1;1;;00002789;00000001;;00003616;1;0;0;;;;;;;;;;;0;1;0;0;11000021;4;22;5;1;0;0;0;1;0;1
1000000672;42;673;2019;12;2;2;1;;00004490;00000001;00000012;00003071;1;0;0;;0;;;0;;;;;;0;1;0;0;11000005;9;;1;1;0;0;0;1;0;0
1000000673;51;674;2019;15;2;1;1;;00004925;00000001;00000017;00005068;2;0;0;0;;;;;;;;0;0;0;1;0;0;11000007;9;14;5;1;0;0;0;1;0;0
1000000676;134;677;2019;10;1;1;1;;00000476;00000001;;00004990;2;0;0;;0;;;;;;;;0;0;1;0;0;11000019;2;14;6;1;0;0;0;1;0;0
1000000677;42;678;2019;11;2;3;1;;00000269;00000002;00000001;00003842;2;0;0;;;;;;0;;;;;0;1;0;0;11000005;9;;1;1;0;0;0;1;0;1
1000000678;123;679;2019;11;1;0;1;;00000441;00000001;00000018;00002124;1;0;1;;;1;;;;;;;;0;1;0;0;11000017;;14;5;1;0;0;0;1;0;0
1000000679;28;680;2019;9;2;1;1;;00004557;00000001;;00005126;1;0;0;;;;;;;;;;;0;1;0;0;11000003;5;;5;1;1;0;0;1;0;0
1000000680;29;681;2019;8;2;3;1;;00003548;00000001;00000025;00001455;2;0;0;;0;;;;;0;;;;0;1;0;0;11000004;5;18;5;1;0;0;0;1;0;0
1000000681;7;682;2019;18;1;3;1;;00001136;00000001;00000023;;1;0;0;;0;;;;0;;;;;;1;0;0;11000000;5;14;5;1;0;0;0;1;0;0
1000000683;119;684;2019;4;2;1;1;;00004261;00000002;00000018;00000290;1;0;0;;;1;;;;;0;;0;;1;;0;11000016;5;18;4;1;0;0;0;1;0;0
1000000684;139;685;2019;9;1;3;1;;00000294;00000002;;;1;0;0;;0;;0;;;;;;;0;1;0;0;11000019;9;16;5;1;0;0;0;1;0;0
1000000685;196;686;2019;4;1;0;1;;00002510;00000001;00000027;00002263;1;0;0;;0;;;;;0;;;;0;1;0;0;11000027;5;15;5;1;0;0;0;1;0;0
1000000686;198;687;2019;14;2;1;1;;00004678;00000001;;00001976;2;0;0;;;;;;;;;;0;;1;0;0;11000028;5;18;5;1;0;0;0;1;0;0
1000000687;60;688;2019;12;2;1;1;;00000469;00000001;00000022;00003880;1;0;0;;;;;;;;;;;0;1;;0;11000008;5;18;5;1;1;0;0;1;0;0
1000000688;204;689;2019;4;1;3;1;;00004618;00000002;;00001678;1;0;1;;;;;;;;;;;0;1;0;0;11000029;5;16;5;1;0;0;0;1;0;0
1000000689;167;690;2019;7;2;0;1;;00004673;00000001;00000018;00002059;2;0;0;;;;;0;;0;;;;0;1;0;0;11000023;5;17;5;1;0;0;0;1;0;0
1000000691;116;692;2019;12;2;0;1;;00004553;00000002;;00003453;1;0;0;;;;0;;;;;;;0;1;1;0;11000016;9;14;5;1;0;0;0;1;0;0
1000000693;160;694;2019;4;1;0;1;;00001429;00000002;00000017;00004384;1;0;0;;;;;0;;;;;;0;1;0;0;11000022;5;;5;1;0;0;0;1;0;0
1000000694;195;695;2019;13;1;1;1;;00004428;00000002;00000012;00004038;1;0;0;;;;;1;;0;0;;;0;1;0;0;11000027;5;18;5;1;0;0;0;1;0;0
1000000695;193;696;2019;5;1;0;1;;00004122;00000001;00000003;;1;0;0;;;;;;;;;;;0;1;0;1;11000027;5;;5;1;0;0;0;1;0;0
1000000696;137;697;2019;7;1;1;1;;00004756;00000001;00000013;00002516;1;0;0;0;0;;;;;;0;;;0;1;0;0;11000019;9;21;5;1;0;0;0;1;0;0
1000000699;56;700;2019;8;2;1;1;;00002806;00000001;00000025;00001392;1;0;0;;;;;;;;0;;;0;1;0;0;11000007;;1;5;1;0;0;0;1;0;0
1000000702;148;703;2019;10;2;1;1;;00004606;00000001;00000009;00002951;1;0;0;;;;0;0;;0;;;;0;1;0;0;11000021;5;22;5;1;0;0;0;1;0;0
1000000703;18;704;2019;5;2;0;1;;00001576;00000001;00000003;00001525;1;0;0;;0;1;;;;0;0;0;;0;1;0;0;11000002;;3;5;1;0;0;0;1;0;0
1000000704;15;705;2019;4;2;1;1;;00005527;00000001;;00000805;1;0;1;0;;;;;0;;0;;;0;1;0;0;11000002;9;2;5;1;0;0;0;1;0;0
1000000705;62;706;2019;5;1;3;1;;00002201;00000002;;00000620;2;0;0;0;;;;;;;;0;;0;1;0;0;11000008;5;15;5;1;0;0;0;1;0;0
1000000706;97;707;2019;14;2;0;1;;00004553;00000002;00000006;;1;0;0;;0;;;;;;;;0;0;1;0;0;11000013;5;;1;1;1;0;0;1;0;0
1000000707;92;708;2019;11;1;3;1;;00001460;00000001;;00004481;2;0;0;0;0;;0;;;;;;0;0;1;1;0;11000013;5;1;5;1;0;0;0;1;0;0
1000000708;68;709;2019;9;2;0;1;;00003022;00000001;;;1;0;0;;;;;;;;;;;0;1;0;;11000009;2;21;5;1;0;0;0;1;0;0
1000000709;41;710;2019;16;2;1;1;;00003814;00000001;;00004467;1;0;0;;;;;;;0;0;;;0;1;0;0;11000005;5;2;5;1;0;0;0;1;0;0
1000000710;191;711;2019;4;2;1;1;;00002807;00000002;;;1;0;0;;0;;;;;;;;0;0;1;0;0;11000027;5;18;5;1;0;0;0;1;0;0
1000000711;116;712;2019;18;2;1;1;;00001018;00000001;00000017;00004556;2;0;0;;;;;;;;0;;;0;1;0;0;11000016;5;14;5;1;0;0;0;1;0;0
1000000712;93;713;2019;15;1;3;1;;00001290;00000001;00000015;00004533;2;0;0;;;;;;0;;;;0;;1;0;0;11000013;4;26;5;1;0;0;0;1;0;0
1000000713;18;714;2019;4;2;3;1;;00004883;00000001;00000015;00004381;1;0;0;;;;;;;;;;;0;1;0;0;11000002;5;3;5;1;0;0;0;1;0;0
1000000714;162;715;2019;17;2;1;1;;00004504;00000002;00000014;;1;0;0;;;;;;;;;;;0;1;0;;11000023;5;16;5;1;0;0;0;1;0;0
1000000715;199;716;2019;4;1;1;1;;00000398;00000002;00000024;;2;0;1;;;;;;;;;;;0;1;0;0;11000028;5;19;5;1;0;0;0;1;0;0
1000000716;47;717;2019;15;2;0;1;;00005043;00000002;00000010;00001150;1;0;0;;;;;;0;;;;0;0;1;0;0;11000006;5;;1;1;0;0;0;1;0;0
1000000717;37;718;2019;11;2;0;1;;00004484;00000002;00000004;;1;0;0;;;;;;;;;0;;0;1;0;0;11000005;9;;5;1;0;0;0;1;0;0
1000000719;74;720;2019;5;2;1;1;;00002928;00000001;00000019;;2;0;0;;;1;;;0;;;;0;0;1;0;0;11000010;5;3;1;1;0;0;0;1;0;0
1000000720;64;721;2019;10;2;3;1;;00000412;00000001;00000013;00001847;1;0;1;;;;;;;;;;;;1;0;0;11000009;9;16;5;1;0;0;0;1;0;0
1000000721;124;722;2019;6;2;3;1;;00004594;00000001;;00001150;1;0;0;;;;;0;;;;;;0;1;0;0;11000017;9;;5;1;0;0;0;1;0;0
1000000722;90;723;2019;14;2;1;1;;00004133;00000002;;00004889;1;0;0;;1;;;;;;;;;0;1;0;0;11000012;2;25;5;1;0;0;0;1;0;0
1000000723;23;724;2019;9;1;0;3;;00000581;00000002;00000015;00003889;1;0;1;;;;;;;;0;;;0;1;0;0;11000003;5;;5;1;0;0;0;1;0;0
1000000724;82;725;2019;11;2;0;1;;00002289;00000001;00000027;00001158;1;0;0;;;;;;0;0;0;;0;0;1;0;1;11000011;5;19;5;1;0;0;0;1;0;0
1000000726;5;727;2019;9;1;3;1;;00001474;00000001;00000027;;1;0;0;;;;;;;;0;0;;0;1;0;0;11000000;5;21;5;1;0;0;0;1;0;0
1000000727;189;728;2019;8;2;1;1;;00001360;00000001;;;2;0;0;;;;;0;;0;;;;0;1;0;0;11000026;5;19;2;1;0;0;0;1;0;0
1000000731;157;732;2019;26;1;2;1;;00002967;00000002;00000023;;1;0;0;;0;0;0;;;0;;;;0;1;0;0;11000022;5;14;5;1;0;0;0;1;0;0
1000000732;173;733;2019;32;2;2;1;;00002679;00000001;00000018;00005279;1;0;0;;;1;;;;;;;;0;1;0;0;11000024;5;17;5;1;0;0;0;1;0;0
1000000734;86;735;2019;12;1;3;1;;00002815;00000001;00000015;00005297;1;0;0;0;;;;;;;;;0;0;1;;0;11000012;5;14;1;1;0;0;0;1;0;0
1000000735;171;736;2019;8;1;1;1;;00003487;00000001;00000024;;1;0;0;;;;;;;;;;0;1;1;0;0;11000024;5;18;5;1;0;0;0;1;0;0
1000000736;170;737;2019;9;2;0;1;;00001898;00000002;00000022;00001049;1;0;0;;;;0;;;;;;;0;1;0;0;11000024;2;26;5;1;0;0;0;1;0;0
1000000738;146;739;2019;6;2;1;1;;00003535;00000001;;;1;0;1;0;0;;;;;;0;;;0;1;0;0;11000020;5;70;1;1;0;0;0;1;0;0
1000000740;138;741;2019;23;2;1;1;;00004078;00000002;;00005327;1;0;0;;;;;;;;;;0;0;1;0;0;11000019;2;;2;1;0;0;0;1;0;1
1000000741;122;742;2019;16;2;0;1;;00004105;00000002;00000003;;1;0;0;;;1;;;;;;;;0;1;0;0;11000017;5;16;5;1;0;0;0;1;0;0
1000000743;139;744;2019;22;2;3;1;;00003472;00000002;00000002;;1;0;0;;0;;;;;;0;;;0;1;0;0;11000019;5;16;5;1;0;0;0;1;0;0
1000000744;35;745;2019;4;1;3;1;;00004254;00000001;00000009;;1;0;0;;;;;0;;;;;;0;1;0;;11000004;9;15;5;1;0;0;0;1;0;0
1000000745;215;746;2019;15;2;1;1;;00001020;00000001;00000018;;1;0;0;;;;;0;;0;;;;;1;0;0;11000030;4;41;5;1;0;0;0;1;0;0
1000000747;204;748;2019;17;1;0;1;;00004388;00000001;00000025;;1;0;0;;;;;;;;;0;0;0;1;0;0;11000029;5;16;5;1;0;0;0;1;0;0
1000000748;154;749;2019;4;1;0;1;;00002822;00000002;;;1;0;0;;;;;;;;;;;0;1;0;0;11000021;5;2;5;1;0;0;0;1;0;0
1000000749;201;750;2019;9;1;1;1;;00004609;00000002;00000023;00003572;1;0;1;;;;0;;;;;;;0;1;;0;11000028;5;14;5;1;0;0;0;1;0;0
1000000750;51;751;2019;10;2;1;1;;00002589;00000002;00000024;;2;0;0;;;;;;;;0;0;;0;1;0;0;11000007;2;14;5;1;0;0;0;1;0;0
1000000751;12;752;2019;12;1;1;1;;00005370;00000001;;00003431;1;0;0;;;0;;;;;0;;;;1;0;0;11000001;5;;5;1;0;0;0;1;0;0
1000000752;201;753;2019;15;1;3;1;;00001287;00000002;00000024;00001351;1;0;0;;;;;;;;;;;0;1;1;0;11000028;2;14;5;1;0;0;0;1;0;1
1000000753;197;754;2019;14;2;1;1;;00000899;00000001;00000026;;1;0;0;;;;;;;;0;;;0;1;0;;11000028;5;2;5;1;0;0;0;1;0;0
1000000756;193;757;2019;7;2;0;1;;00000454;00000002;00000015;;1;0;1;0;;;;;;0;;;0;0;1;0;0;11000027;5;;5;1;0;0;0;1;0;0
1000000757;214;758;2019;14;2;1;1;;00002869;00000002;00000013;00002580;1;0;0;;;;0;;;0;;0;;;1;0;0;11000030;9;20;2;1;0;0;0;1;0;0
1000000758;62;759;2019;28;2;3;1;;00003023;00000001;;00000928;1;0;0;;0;;;;;;0;;;0;1;;0;11000008;2;15;5;1;0;0;0;1;0;1
1000000759;139;760;2019;22;1;3;1;;00003690;00000001;00000018;00005316;1;0;0;;;;;;;;;;;0;1;1;;11000019;5;16;5;1;0;0;0;1;0;0
1000000761;34;762;2019;5;1;3;1;;00001461;00000001;;;1;0;1;;;;;;;;;0;0;0;1;0;0;11000004;9;2;5;1;0;0;0;1;0;0
1000000762;36;763;2019;14;2;0;1;;00002010;00000002;00000016;00001163;1;0;0;;;;;0;;;;0;;0;1;0;0;11000005;2;;5;1;0;0;0;1;0;1
1000000763;103;764;2019;13;2;1;1;;00001119;00000002;00000016;;2;0;0;0;;1;;;;;;;0;0;1;0;0;11000014;5;2;5;1;0;0;0;1;0;0
1000000766;23;767;2019;4;2;3;1;;00005416;00000002;00000010;00001007;1;1;0;0;;1;;;;0;;;;0;1;;0;11000003;5;;5;1;0;0;0;1;0;0
1000000767;136;768;2019;15;1;1;1;;00003201;00000001;00000024;00005217;1;0;1;;;;0;;0;;;;;0;1;0;0;11000019;4;2;5;1;0;0;0;1;0;0
1000000768;48;769;2019;15;1;0;1;;00003289;00000002;00000020;00000688;1;0;0;;;;0;;;;;0;0;0;1;0;;11000006;5;70;5;1;0;0;0;1;0;0
1000000769;187;770;2019;7;2;3;1;;00001358;00000002;;;1;0;1;;;;;;0;;;;;0;1;1;0;11000026;9;26;5;1;0;0;0;1;0;0
1000000770;10;771;2019;15;2;3;1;;00003095;00000001;;;2;0;1;;;;;;0;;0;;0;0;1;0;0;11000001;4;2;5;1;0;0;0;1;0;1
1000000771;175;772;2019;12;1;1;1;;00002610;00000002;00000026;;1;0;0;0;;;;;;;;;0;0;1;0;0;11000024;;1;5;1;0;0;0;1;0;0
1000000772;29;773;2019;15;1;0;1;;00002688;00000001;00000002;;1;0;0;;;;;;;;;0;;0;1;1;0;11000004;4;18;5;1;0;0;0;1;0;1
1000000773;171;774;2019;10;1;2;1;;00000749;00000002;;00001990;1;0;0;;;;;;;0;;;;0;1;0;0;11000024;9;18;5;1;0;0;0;1;0;0
1000000774;112;775;2019;4;2;0;1;;00005302;00000001;00000013;;1;0;0;;0;;;;;;;;0;0;1;0;0;11000015;5;18;5;1;0;0;0;1;0;0
1000000775;18;776;2019;13;1;5;2;;00003364;00000001;;00005282;1;0;0;;0;;;;;;;;;0;1;0;0;11000002;4;3;5;1;0;0;0;1;0;1
1000000776;216;777;2019;4;2;3;1;;00003503;00000001;00000004;00003477;1;0;0;;1;;;;;;;;;0;1;0;0;11000030;9;1;5;1;0;0;0;1;0;0
1000000777;162;778;2019;4;1;1;1;;00002571;00000001;00000001;;1;0;1;;1;;;;;;;;;0;1;0;0;11000023;5;16;5;1;0;0;0;1;0;0
1000000778;127;779;2019;4;1;1;1;;00004108;00000001;;;1;0;1;;1;;;;;;;0;;0;1;0;0;11000018;;41;5;1;0;0;0;1;0;0
1000000779;3;780;2019;24;1;3;1;;00001038;00000001;00000015;00002931;1;0;0;;0;;;;;;;;;0;1;0;0;11000000;9;16;5;1;0;0;0;1;0;0
1000000780;56;781;2019;6;1;0;1;;00004731;00000001;00000027;00002044;2;0;0;;;;;0;;0;;;;0;1;1;0;11000007;9;1;5;1;0;0;0;1;0;0
1000000781;70;782;2019;6;2;0;1;;00004892;00000002;;00001609;2;0;0;;;1;;;;;;;;0;1;0;0;11000009;5;18;5;1;0;0;0;1;0;0
1000000782;44;783;2019;15;1;3;1;;00004574;00000001;00000020;00003089;1;0;0;;0;;;;;;;0;;0;1;0;0;11000006;;18;5;1;0;0;0;1;0;0
1000000783;26;784;2019;12;1;5;1;;00005328;00000002;00000022;00000190;1;0;1;;;;;;;;;;;0;1;0;1;11000003;5;17;5;1;0;0;0;1;0;0
1000000784;25;785;2019;5;2;1;1;;00000668;00000001;00000015;;1;0;0;;;;0;;0;;0;0;;0;1;0;0;11000003;5;70;;1;0;0;0;1;0;0
1000000785;184;786;2019;12;2;1;1;;00005257;00000001;00000014;;1;0;0;;;;;;;;;;;0;1;0;0;11000026;2;21;5;1;0;0;0;1;0;0
1000000786;90;787;2019;11;1;3;1;;00001317;00000002;00000023;;1;0;0;;0;1;0;0;;;0;;;0;1;1;0;11000012;5;25;5;1;0;0;0;1;0;0
1000000787;161;788;2019;6;1;2;1;;00005471;00000002;00000006;00004130;1;1;0;0;0;;0;;;;;;;0;1;0;0;11000022;5;15;5;1;0;0;0;1;0;0
1000000788;92;789;2019;15;1;3;1;;00004701;00000001;00000019;;1;0;0;;;;;;;;;;;0;1;0;0;11000013;;1;5;1;0;0;0;1;0;0
1000000789;69;790;2019;12;1;0;1;;00002611;00000002;00000021;00001788;1;0;0;;;;;;1;;;;;0;1;0;1;11000009;2;21;5;1;0;0;0;1;0;0
1000000790;170;791;2019;18;1;1;1;;00004604;00000002;00000007;00000034;1;0;0;;;;;;0;0;;;;0;1;0;0;11000024;5;26;5;1;0;0;0;1;0;0
1000000791;60;792;2019;15;2;3;1;;00002758;00000001;00000021;;2;0;1;;;;;;;0;;;;0;1;0;0;11000008;5;18;5;1;0;0;0;1;0;0
1000000792;186;793;2019;6;1;1;1;;00005533;00000002;;;1;0;0;;;;;;;;;0;0;0;1;0;0;11000026;9;17;5;1;0;0;0;1;0;0
1000000793;185;794;2019;13;2;3;1;;00001152;00000002;;;2;0;0;;;;;;;;;;;0;1;0;0;11000026;9;17;5;1;0;0;0;1;0;0
1000000794;100;795;2019;16;1;1;1;;00005127;00000001;00000004;00001022;1;0;0;;;;;;0;;;;;0;1;0;0;11000014;4;17;5;1;0;0;0;1;0;0
1000000795;179;796;2019;11;1;0;1;;00003270;00000001;;00004083;1;0;0;;;;0;;;;;;;;1;0;0;11000025;9;2;5;1;0;0;0;1;0;0
1000000796;23;797;2019;15;1;3;1;;00005534;00000001;;00005285;1;0;0;;;;;;;;;;;0;1;0;0;11000003;9;;5;1;0;0;0;1;0;0
1000000797;57;798;2019;14;1;0;1;;00005483;00000002;00000016;00000209;1;0;0;;;;;;;;;;0;0;1;0;0;11000008;5;16;5;1;0;0;0;1;0;0
1000000798;198;799;2019;4;2;0;1;;00000476;00000002;00000014;00000364;1;0;0;;;0;;;;;0;;;0;1;0;0;11000028;5;18;5;1;0;0;0;1;0;0
1000000799;126;800;2019;14;1;1;1;;00003139;00000001;;00004873;1;0;1;;;;;0;;;;;;0;1;0;0;11000017;;16;5;1;0;0;0;1;0;0
1000000800;186;801;2019;19;2;0;1;;00004877;00000002;;;1;0;0;;;;0;;;;;;;0;1;0;0;11000026;2;17;5;1;0;0;0;1;0;0
1000000801;45;802;2019;4;1;3;1;;00003230;00000001;00000004;;1;0;0;;0;;;;;;;;;0;1;0;0;11000006;9;;5;1;0;0;0;1;0;0
1000000802;139;803;2019;14;2;3;1;;00005097;00000001;;00004581;1;0;0;;0;;;;;;;;0;0;1;0;;11000019;4;16;5;1;0;0;0;1;0;1
1000000803;159;804;2019;7;2;1;1;;00003766;00000001;00000005;00002329;1;0;0;;;1;;;;0;;1;;0;1;0;0;11000022;5;19;5;1;0;0;0;1;0;0
1000000804;113;805;2019;7;2;1;1;;00005041;00000002;00000009;00003681;1;0;1;;;;;;;;;;;0;1;0;0;11000016;5;15;5;1;0;0;0;1;0;0
1000000805;174;806;2019;14;1;1;1;;00000041;00000001;;;1;0;0;;;;;;;;;;;0;1;0;0;11000024;9;2;5;1;0;0;0;1;0;0
1000000806;103;807;2019;7;2;3;1;;00003509;00000001;00000016;00005026;1;0;1;0;;;0;;;;0;;;0;1;0;0;11000014;9;2;5;1;0;0;0;1;0;0
1000000807;145;808;2019;10;2;3;1;;00003613;00000001;00000024;00000019;2;0;0;;;1;;;;;;0;;0;1;0;0;11000020;2;26;1;1;0;0;0;1;0;1
1000000808;75;809;2019;11;1;1;1;;00004829;00000002;;;2;0;0;0;;;;;;;0;;;0;1;0;0;11000010;5;;5;1;0;0;0;1;0;0
1000000809;154;810;2019;7;1;1;1;;00003670;00000002;00000018;;1;0;0;;;;;;;;;;0;0;1;0;0;11000021;9;2;5;1;0;0;0;1;0;0
1000000811;155;812;2019;4;1;0;1;;00000782;00000001;00000008;;2;0;0;;;1;;;;;;;;0;1;0;0;11000022;5;17;5;1;0;0;0;1;0;0
1000000812;186;813;2019;8;1;1;1;;00001120;00000002;00000022;;2;1;0;;;1;;;0;0;;;;0;1;0;0;11000026;9;17;5;1;0;0;0;1;0;0
1000000814;112;815;2019;4;1;3;1;;00003111;00000001;;00004895;1;0;1;;;;0;;;;;;;0;1;0;1;11000015;5;18;5;1;0;0;0;1;0;0
1000000815;134;816;2019;6;1;1;1;;00000630;00000002;;;1;0;0;;0;;;;;;;0;;0;1;0;0;11000019;5;14;6;1;0;0;0;1;0;0
1000000816;129;817;2019;20;1;3;1;;00002700;00000002;00000014;00004992;1;0;0;;;1;;;0;;;;;0;1;0;0;11000018;5;20;5;1;0;0;0;1;0;0
1000000818;79;819;2019;13;2;1;1;;00003964;00000001;00000009;00000671;1;0;0;;;;;;;;;;0;;1;0;0;11000011;5;21;5;1;0;0;0;1;0;0
1000000821;172;822;2019;6;2;3;1;;00001134;00000002;00000004;00001129;1;0;0;0;;;;;0;0;;;;0;1;0;0;11000024;4;71;1;1;0;0;0;1;0;0
1000000822;63;823;2019;9;1;3;1;;00002911;00000002;;;1;0;0;;;;;;;;0;;;0;1;0;0;11000008;9;25;5;1;0;0;0;1;0;0
1000000823;205;824;2019;13;1;0;1;;00002366;00000002;00000014;00002980;2;0;0;;;;0;;;;;;;0;1;0;;11000029;5;26;5;1;0;0;0;1;0;0
1000000824;65;825;2019;13;2;1;1;;00000839;00000001;00000001;;1;0;0;;;;;;;;;;0;0;1;0;0;11000009;5;1;5;1;0;0;0;1;0;0
1000000825;142;826;2019;28;2;1;1;;00003938;00000001;00000015;00000277;1;0;0;;;1;;;;;;;;0;1;0;0;11000020;;2;5;1;0;0;0;1;0;0
1000000826;133;827;2019;10;2;1;1;;00003129;00000001;00000011;00003771;2;0;0;;;;;0;0;;0;;;0;1;;0;11000018;5;1;5;1;0;0;0;1;0;0
1000000827;126;828;2019;13;1;3;1;;00000225;00000002;;00003574;1;0;0;0;;;;;0;0;;;;0;1;0;0;11000017;4;16;5;1;0;0;0;1;0;1
1000000828;160;829;2019;10;1;1;1;;00005398;00000002;00000018;;1;0;0;;;;;0;;;;;;0;1;0;1;11000022;5;;5;1;0;0;0;1;0;0
1000000829;63;830;2019;13;2;2;1;;00002303;00000002;00000025;00003708;1;0;0;;;;;;;;;;;0;1;0;0;11000008;;25;5;1;0;0;0;1;0;0
1000000830;50;831;2019;10;1;3;1;;00001677;00000002;00000018;;1;0;0;;;;;;;;;;;0;1;0;0;11000007;9;25;5;1;0;0;0;1;0;0
1000000831;83;832;2019;15;2;0;1;;00002045;00000002;00000027;00005444;1;0;0;;;0;0;;;;;;;0;1;0;0;11000011;5;2;5;1;0;0;0;1;0;0
1000000832;61;833;2019;13;1;1;1;;00001293;00000002;00000010;00003078;2;0;0;;;;;;;0;;;;0;1;0;0;11000008;9;68;5;1;0;0;0;1;0;0
1000000834;55;835;2019;16;1;1;1;;00000672;00000001;;;1;0;0;;;;;;;;;0;;0;1;0;0;11000007;5;1;5;1;0;0;0;1;0;0
1000000835;203;836;2019;16;2;3;1;;00000339;00000001;;00001746;1;0;0;;;0;;;;;;;;0;1;1;1;11000028;4;21;5;1;0;0;0;1;0;0
1000000836;74;837;2019;11;2;1;1;;00002425;00000002;00000002;00002033;1;0;0;;;0;0;;;0;;0;;0;1;0;0;11000010;5;3;1;1;0;0;0;1;0;0
1000000837;205;838;2019;5;1;3;1;;00000915;00000001;;00004684;1;0;0;;;;;;;0;;0;;0;1;0;;11000029;5;26;5;1;0;0;0;1;0;0
1000000838;169;839;2019;21;2;0;1;;00002273;00000001;00000015;00003478;1;0;0;0;;1;;;;;0;;;0;1;0;0;11000024;5;71;5;1;0;0;0;1;0;0
1000000839;70;840;2019;13;2;3;1;;00003466;00000001;00000019;00001568;2;0;0;0;;;;;;;;;;0;1;0;0;11000009;9;18;5;1;0;0;0;1;0;0
1000000840;150;841;2019;17;2;0;1;;00005122;00000001;00000020;00002713;1;0;0;;;;;;0;;;;0;0;1;0;0;11000021;9;69;5;1;0;0;0;1;0;0
1000000841;53;842;2019;17;1;0;1;;00003249;00000001;00000018;00000636;1;0;0;;;;;;;;;;;;1;0;;11000007;4;20;5;1;0;0;0;1;0;1
1000000844;80;845;2019;7;1;0;1;;00004894;00000002;00000016;;1;0;0;;;;0;;;;0;;;0;1;0;0;11000011;5;20;5;1;0;0;0;1;0;0
1000000845;63;846;2019;14;1;2;1;;00002025;00000001;00000003;;2;0;0;;;;;;0;;;;;0;1;1;0;11000008;5;25;5;1;0;0;0;1;0;0
1000000846;196;847;2019;11;1;0;1;;00000641;00000002;;00004229;1;0;0;;;;;;;;;;0;0;1;1;0;11000027;2;15;5;1;0;0;0;1;0;1
1000000847;74;848;2019;9;2;3;1;;00003782;00000001;00000006;00001091;1;0;0;;;;;;;;;;;0;1;0;1;11000010;2;3;1;1;0;0;0;1;0;0
1000000848;30;849;2019;17;1;0;1;;00001547;00000002;00000010;00004471;1;0;0;;;;;;;0;;;;0;1;;0;11000004;9;27;5;1;0;0;0;1;0;0
1000000849;57;850;2019;14;2;1;1;;00003441;00000001;;00003006;1;0;1;;;;0;;;;;;;;1;1;0;11000008;2;16;5;1;0;0;0;1;0;0
1000000850;148;851;2019;7;2;3;1;;00001826;00000002;;;1;0;0;;;;;;;;;;;0;1;0;0;11000021;5;22;5;1;0;0;0;1;0;0
1000000852;209;853;2019;11;1;3;1;;00000189;00000002;00000011;00004068;1;0;0;;;;0;0;;;;;;0;1;0;0;11000029;9;3;5;1;0;0;0;1;0;0
1000000853;198;854;2019;15;1;1;1;;00002361;00000001;;00002641;1;0;0;;;;;;0;0;;;;0;1;0;0;11000028;9;18;5;1;0;0;0;1;0;0
1000000855;186;856;2019;13;2;1;1;;00003477;00000002;00000011;;1;0;0;;;1;;;0;;;;;0;1;0;0;11000026;9;17;5;1;0;0;0;1;0;0
1000000856;86;857;2019;16;1;0;1;;00002394;00000002;00000013;00003035;1;0;1;0;;;;;0;;;;;0;1;1;0;11000012;5;14;1;1;0;0;0;1;0;0
1000000857;75;858;2019;20;1;0;1;;00000784;00000001;00000021;00001729;1;0;0;;;;;1;;;;0;;0;1;0;0;11000010;5;;5;1;0;0;0;1;0;0
1000000859;138;860;2019;21;2;0;1;;00000857;00000002;00000025;;1;0;0;0;;;0;;;;;;;0;1;0;0;11000019;5;;2;1;0;0;0;1;0;0
1000000860;192;861;2019;35;1;0;1;;00000317;00000002;00000027;00002170;2;0;1;;;0;0;0;0;0;;;;0;1;0;0;11000027;5;26;5;1;0;0;0;1;0;0
1000000861;160;862;2019;5;2;0;1;;00004462;00000002;00000012;00001889;2;1;0;0;;1;0;;;;;;;0;1;0;0;11000022;9;;5;1;0;0;0;1;0;0
1000000862;41;863;2019;11;1;1;1;;00003534;00000001;00000018;;1;0;0;;;;0;;;;;0;;0;1;0;0;11000005;5;2;5;1;0;0;0;1;0;0
1000000863;203;864;2019;10;2;1;1;;00000033;00000002;;00005134;1;0;0;;;;;;;;;;;0;1;0;0;11000028;9;21;5;1;0;0;0;1;0;0
1000000864;109;865;2019;9;1;1;1;;00002188;00000002;00000017;00003245;1;0;0;;;;;0;;;;;;0;1;0;0;11000015;;25;5;1;0;0;0;1;0;0
1000000866;120;867;2019;13;1;3;1;;00002333;00000002;00000022;00004605;1;0;0;;0;1;;;;;;;;0;1;0;0;11000017;5;71;5;1;0;0;0;1;0;0
1000000868;66;869;2019;8;1;3;1;;00004055;00000002;00000016;00004847;1;0;0;;;;;0;0;;;;;0;1;0;0;11000009;9;70;5;1;0;0;0;1;0;0
1000000869;87;870;2019;9;1;3;1;;00003765;00000001;00000022;;2;0;0;;;;;;;;;;0;0;1;0;0;11000012;2;;5;1;0;0;0;1;0;1
1000000870;128;871;2019;17;2;2;1;;00002391;00000001;00000021;00002870;2;0;0;;;;0;;0;;;;0;0;1;0;1;11000018;5;26;1;1;0;0;0;1;0;0
1000000871;94;872;2019;18;1;1;1;;00001060;00000001;00000023;;1;0;0;;;;;;;;;;;0;1;;0;11000013;5;14;5;1;0;0;0;1;0;0
1000000872;116;873;2019;13;1;1;1;;00002138;00000002;;00000373;1;0;0;;;;0;0;0;;;;;;1;0;0;11000016;4;14;5;1;0;0;0;1;0;0
1000000873;64;874;2019;4;2;1;1;;00000849;00000001;00000015;00004096;1;0;0;;;0;0;;0;;;;;0;1;0;0;11000009;5;16;5;1;0;0;0;1;0;0
1000000876;89;877;2019;12;2;0;1;;00000910;00000001;00000010;00003070;1;0;0;;;1;;;;0;;;0;;1;0;0;11000012;5;16;1;1;0;0;0;1;0;0
1000000877;106;878;2019;8;2;1;1;;00005256;00000002;00000015;00002443;2;0;0;;;;;;0;0;;;;0;1;0;0;11000015;9;16;5;1;0;0;0;1;0;0
1000000878;188;879;2019;4;1;0;1;;00000798;00000001;;00002482;1;0;0;;;1;;0;;;;0;;0;1;0;0;11000026;;19;5;1;0;0;0;1;0;0
1000000879;169;880;2019;16;1;1;1;;00000858;00000001;;00001650;1;0;0;;;;;;;;;;;0;1;0;0;11000024;5;71;5;1;0;0;0;1;0;0
1000000880;154;881;2019;19;1;0;1;;00000658;00000002;00000001;00002138;1;1;0;;;0;;;;;;;0;0;1;0;0;11000021;5;2;5;1;0;0;0;1;0;0
1000000881;70;882;2019;4;2;0;1;;00004282;00000001;;00004701;1;0;0;0;0;;;;;0;;;;0;1;0;0;11000009;9;18;5;1;0;0;0;1;0;0
1000000882;5;883;2019;6;1;1;1;;00003343;00000001;00000008;00000055;2;0;0;;;;0;;0;;;;0;0;1;0;0;11000000;5;21;5;1;0;0;0;1;0;0
1000000883;12;884;2019;17;2;1;1;;00002512;00000002;00000021;;2;0;0;;;;;;;;;;;0;1;0;0;11000001;9;;5;1;0;0;0;1;0;0
1000000884;62;885;2019;4;1;0;1;;00001154;00000002;;;1;0;1;0;;;;;;;;;;0;1;0;0;11000008;5;15;5;1;0;0;0;1;0;0
1000000885;64;886;2019;14;1;3;1;;00003142;00000001;;00000620;1;0;0;;;1;;;;;0;;;0;1;1;0;11000009;2;16;5;1;0;0;0;1;0;0
1000000886;118;887;2019;10;1;1;1;;00003668;00000002;00000007;;1;0;0;0;;;;;;;;0;0;;1;0;0;11000016;5;21;5;1;0;0;0;1;0;0
1000000888;29;889;2019;4;1;3;1;;00002203;00000001;;00004921;1;0;0;;;;;0;0;;;;;0;1;0;;11000004;2;18;5;1;0;0;0;1;0;0
1000000889;125;890;2019;17;2;3;1;;00001070;00000002;00000002;00005112;1;0;0;0;;;;;;;;;;0;1;0;0;11000017;5;1;5;1;0;0;0;1;0;0
1000000890;73;891;2019;11;1;0;1;;00000847;00000001;00000010;00003760;1;0;0;;;;;;;;;;;0;1;0;0;11000010;4;2;5;1;0;0;0;1;0;0
1000000891;71;892;2019;8;2;3;1;;00004777;00000001;;00004384;1;0;0;;;;0;;;;;;;0;1;0;;11000010;5;14;5;1;0;0;0;1;0;0
1000000892;131;893;2019;6;1;1;1;;00003738;00000002;00000013;00000443;1;0;1;0;;;0;;;;;0;;0;1;0;1;11000018;5;2;5;1;0;0;0;1;0;0
1000000893;114;894;2019;9;2;1;1;;00002449;00000001;00000002;00000429;1;0;0;;;;0;;;;;;0;0;1;0;;11000016;5;25;5;1;0;0;0;1;0;0
1000000894;199;895;2019;15;1;1;1;;00005232;00000001;00000006;00000128;1;0;0;;;;;;;;;0;;0;1;0;0;11000028;9;19;5;1;0;0;0;1;0;0
1000000896;23;897;2019;15;2;3;1;;00001784;00000002;00000016;;2;0;1;;;;;;;;;;;0;1;0;0;11000003;5;;5;1;0;0;0;1;0;0
1000000897;84;898;2019;12;2;1;1;;00004882;00000002;00000002;;2;0;0;;;;;0;;;;;;0;1;0;1;11000011;5;27;2;1;0;0;0;1;0;0
1000000898;70;899;2019;5;1;0;1;;00001381;00000001;00000024;00002306;1;0;0;;;;;0;;;;;;0;1;0;0;11000009;5;18;5;1;0;0;0;1;0;0
1000000899;161;900;2019;5;2;1;1;;00004373;00000001;00000015;00001725;1;0;0;0;;;0;;;;;;;0;1;0;0;11000022;5;15;5;1;0;0;0;1;0;0
1000000900;53;901;2019;12;2;3;1;;00001472;00000002;00000007;00000417;1;1;1;;;;;;;;;;;0;1;0;0;11000007;9;20;5;1;0;0;0;1;0;0
1000000901;200;902;2019;13;1;2;1;;00003125;00000002;00000013;00002307;1;0;0;;;;;0;;0;;;;0;1;0;0;11000028;5;17;5;1;0;0;0;1;0;0
1000000902;14;903;2019;15;1;1;1;;00005141;00000002;00000023;;1;0;0;;;;0;;;;;;0;0;1;0;0;11000001;5;2;5;1;0;0;0;1;0;0
1000000903;162;904;2019;13;2;1;1;;00000720;00000001;00000025;00001315;1;0;0;0;;;0;;;;;;;0;1;0;0;11000023;5;16;5;1;0;0;0;1;0;0
1000000904;19;905;2019;16;2;1;1;;00004129;00000001;00000024;;2;0;0;;;;;;;;;;;0;1;0;0;11000002;2;71;5;1;0;0;0;1;0;0
1000000906;114;907;2019;9;1;1;1;;00000546;00000002;00000024;00002845;2;0;0;;0;;;;;;;;0;0;1;0;1;11000016;5;25;5;1;0;0;0;1;0;0
1000000907;75;908;2019;10;2;0;1;;00000140;00000002;;00004880;1;0;0;;;;;;;0;;;;0;1;0;0;11000010;5;;5;1;0;0;0;1;0;0
1000000908;201;909;2019;7;2;0;1;;00003642;00000002;00000023;;1;0;0;;0;;;;;0;;0;;;1;0;0;11000028;5;14;5;1;0;0;0;1;0;0
1000000911;206;912;2019;9;2;1;1;;00002802;00000002;00000015;;2;0;0;;;;;;;;0;;0;0;1;0;0;11000029;5;1;5;1;0;0;0;1;0;0
1000000913;200;914;2019;19;1;1;1;;00004976;00000002;00000016;00005474;1;0;1;;;;;1;;;;;;0;1;0;0;11000028;4;17;5;1;0;0;0;1;0;1
1000000914;155;915;2019;4;2;3;1;;00001290;00000002;00000023;00004287;1;0;0;0;1;;;0;;;;;;0;1;0;0;11000022;;17;5;1;0;0;0;1;0;0
1000000915;157;916;2019;4;2;1;1;;00003171;00000002;00000016;00003290;2;0;0;;;;;;;;;0;;0;1;0;0;11000022;5;14;5;1;0;0;0;1;0;0
1000000916;162;917;2019;65;2;3;1;;00000375;00000002;;00000998;1;0;0;0;;;0;;;;;;;0;1;0;0;11000023;5;16;5;1;1;0;0;1;0;0
1000000918;139;919;2019;10;1;3;1;;00004483;00000002;;;1;0;0;;;;;;;;;;;0;1;0;0;11000019;5;16;5;1;0;0;0;1;0;0
1000000919;45;920;2019;14;1;1;1;;00005552;00000002;;;1;0;0;;;0;;0;;0;;;;0;1;0;0;11000006;4;;5;1;1;0;0;1;0;0
1000000920;211;921;2019;17;2;1;1;;00000799;00000002;00000014;00001060;1;0;0;0;;;0;;;;;;;0;1;1;0;11000030;9;21;5;1;0;0;0;1;0;0
1000000921;6;922;2019;39;2;3;1;;00001903;00000002;00000026;;1;0;0;;;1;0;;;0;;;0;0;1;0;0;11000000;2;1;5;1;0;0;0;1;0;1
1000000922;46;923;2019;39;2;1;1;;00002998;00000002;;;2;0;0;0;;;;0;;;;;;0;1;0;0;11000006;4;18;5;1;0;0;0;1;0;1
1000000923;38;924;2019;12;2;0;1;;00002963;00000001;;00003850;1;0;0;0;1;;;;;0;;0;;0;1;0;0;11000005;4;18;3;1;0;0;0;1;0;0
1000000924;32;925;2019;6;1;3;1;;00001163;00000002;00000025;;1;0;0;;;;0;;;;;;;;1;0;;11000004;9;16;5;1;0;0;0;1;0;0
1000000925;12;926;2019;18;1;3;1;;00000392;00000002;00000008;;1;0;1;;;;;;0;0;;;;0;1;0;0;11000001;4;;5;1;0;0;0;1;0;0
1000000926;54;927;2019;14;1;3;1;;00003157;00000002;;00004630;1;0;0;;;;;;;;;;;0;1;0;0;11000007;;26;5;1;0;0;0;1;0;0
1000000927;196;928;2019;9;1;1;1;;00001376;00000001;00000005;00003237;1;0;0;;;1;;;;0;0;;;0;1;0;;11000027;5;15;5;1;1;0;0;1;0;0
1000000928;70;929;2019;14;1;3;1;;00001885;00000002;00000018;;1;0;0;;;;;;0;;;;;0;1;0;0;11000009;5;18;5;1;0;0;0;1;0;0
1000000929;44;930;2019;8;2;3;1;;00003293;00000001;00000021;;1;0;1;;0;;;;0;0;;;0;0;1;0;0;11000006;5;18;5;1;0;0;0;1;0;0
1000000930;1;931;2019;8;2;5;1;;00004716;00000001;00000026;00002561;2;0;0;;0;;0;;0;;;;0;0;1;;0;11000000;5;;5;1;0;0;0;1;0;0
1000000931;197;932;2019;24;2;0;1;;00000680;00000002;;00003246;1;0;0;0;;;;;;;;0;;0;1;0;0;11000028;9;2;5;1;0;0;0;1;0;0
1000000932;30;933;2019;19;2;0;1;;00002602;00000002;;;1;0;0;0;;;;;0;;;;;0;1;0;0;11000004;5;27;5;1;0;0;0;1;0;0
1000000933;15;934;2019;21;1;0;1;;00002960;00000002;00000007;00003642;1;0;0;;0;0;;;;;;;;0;1;;0;11000002;9;2;5;1;0;0;0;1;0;0
1000000934;28;935;2019;4;2;1;1;;00005218;00000002;00000013;;1;0;0;;0;;;0;;;;;;0;1;0;0;11000003;5;;5;1;0;0;0;1;0;0
1000000935;173;936;2019;12;1;1;1;;00003473;00000002;00000025;00003109;1;0;0;0;;1;;;;0;0;;;0;1;0;0;11000024;5;17;5;1;0;0;0;1;0;0
1000000936;117;937;2019;13;2;3;1;;00000278;00000002;;00003521;1;0;0;;;;;;0;;;0;;0;1;0;0;11000016;5;18;5;1;0;0;0;1;0;0
1000000937;174;938;2019;9;2;3;1;;00004473;00000002;00000009;00002178;1;0;0;;;;;0;;;;;;;1;0;0;11000024;5;2;5;1;0;0;0;1;0;0
1000000938;113;939;2019;10;2;1;1;;00002334;00000001;00000019;00002150;1;0;0;0;;;;;0;;;;;0;1;0;0;11000016;4;15;5;1;1;0;0;1;0;1
1000000939;204;940;2019;17;2;3;1;;00000908;00000001;00000004;00000943;1;0;0;0;;;0;;;;;;;0;1;0;0;11000029;4;16;5;1;0;0;0;1;0;1
1000000940;28;941;2019;8;2;0;1;;00004337;00000002;00000001;00005042;1;0;0;;;;;0;;;;;;0;1;0;0;11000003;9;;5;1;0;0;0;1;0;0
1000000942;10;943;2019;12;2;0;1;;00002254;00000001;00000012;00002360;2;0;0;;;;;;;;0;0;0;0;1;0;0;11000001;9;2;5;1;0;0;0;1;0;0
1000000943;24;944;2019;9;1;0;1;;00001935;00000001;00000003;00001643;1;0;0;;;1;0;;;;;;;0;1;0;0;11000003;5;1;5;1;0;0;0;1;0;0
1000000944;157;945;2019;4;2;1;1;;00001954;00000001;00000012;;1;0;0;0;;;;;;0;0;;;0;1;0;0;11000022;5;14;5;1;0;0;0;1;0;0
1000000945;81;946;2019;15;1;1;1;;00001241;00000002;;00003397;1;0;0;;;;;;;0;;;;0;1;0;0;11000011;5;14;5;1;0;0;0;1;0;0
1000000946;114;947;2019;13;2;0;1;;00000345;00000001;00000019;;1;0;0;;;;;;;;0;;0;0;1;0;0;11000016;5;25;5;1;0;0;0;1;0;1
1000000947;193;948;2019;5;1;0;1;;00001548;00000002;;;1;0;0;;;;0;;0;;;;;0;1;0;0;11000027;5;;5;1;0;0;0;1;0;0
1000000948;26;949;2019;7;2;3;1;;00001320;00000001;;00002513;1;0;0;;;;;;;;;;;0;1;0;0;11000003;5;17;5;1;0;0;0;1;0;0
1000000949;214;950;2019;12;2;2;1;;00004400;00000001;00000013;00003645;1;0;0;;0;0;;;0;;;;;0;1;0;0;11000030;5;20;2;1;0;0;0;1;0;0
1000000950;116;951;2019;9;1;3;1;;00001429;00000002;00000003;00001098;1;0;1;;;;;;0;0;;;;0;1;0;0;11000016;5;14;5;1;0;0;0;1;0;0
1000000951;183;952;2019;15;2;3;1;;00004249;00000002;;;1;0;0;;0;;0;;;;0;;;0;1;0;0;11000026;9;19;5;1;0;0;0;1;0;0
1000000952;171;953;2019;11;2;1;1;;00003856;00000001;00000003;00003721;1;0;0;;0;;0;;;;;;0;0;1;0;0;11000024;;18;5;1;0;0;0;1;0;0
1000000953;74;954;2019;4;1;0;1;;00003557;00000002;00000027;00004249;1;0;0;;;1;0;;;;;0;;0;1;1;0;11000010;9;3;1;1;0;0;0;1;0;0
1000000955;199;956;2019;6;2;0;1;;00003803;00000001;00000018;00001473;2;0;0;;;;;;0;;;;;0;1;0;0;11000028;5;19;5;1;0;0;0;1;0;0
1000000956;203;957;2019;6;1;3;1;;00004338;00000002;00000005;;1;0;0;0;;;0;;;;;;0;0;1;0;0;11000028;;21;5;1;0;0;0;1;0;0
1000000957;66;958;2019;17;1;3;1;;00000755;00000002;00000004;;2;0;0;;;;;1;;;0;0;;0;1;0;0;11000009;5;70;5;1;0;0;0;1;0;0
1000000958;74;959;2019;6;1;0;1;;00001265;00000001;;00003994;1;0;0;;;;;;;;;;;0;1;0;0;11000010;2;3;1;1;0;0;0;1;0;1
1000000959;49;960;2019;5;1;0;1;;00001532;00000002;;00004451;2;0;0;;;;;;;0;;;;0;1;0;0;11000006;9;15;5;1;0;0;0;1;0;0
1000000960;127;961;2019;15;1;3;1;;00003330;00000001;;00004776;1;0;0;;;;;;;;;;0;0;1;0;0;11000018;5;41;5;1;0;0;0;1;0;0
1000000963;216;964;2019;17;2;0;1;;00000565;00000002;00000020;00003608;2;0;1;;;;;;;;;;;0;1;1;0;11000030;5;1;5;1;0;0;0;1;0;1
1000000965;32;966;2019;4;1;1;1;;00005176;00000001;00000015;;1;0;0;;;1;;;;;;0;;0;1;0;0;11000004;4;16;5;1;0;0;0;1;0;0
1000000966;45;967;2019;12;1;0;1;;00001535;00000002;00000022;00003423;1;0;0;;;;;;;;;;0;0;1;0;0;11000006;9;;5;1;0;0;0;1;0;0
1000000967;10;968;2019;14;2;3;1;;00001435;00000001;00000002;00000984;1;0;1;;0;;0;;0;0;;;;0;1;0;0;11000001;5;2;5;1;0;0;0;1;0;0
1000000968;134;969;2019;17;2;3;1;;00002484;00000002;;00002945;1;0;0;;;1;;;0;;0;;;0;1;0;0;11000019;5;14;6;1;0;0;0;1;0;0
1000000969;11;970;2019;10;1;3;1;;00001783;00000002;00000025;00000667;1;0;0;;;;;;;;;;;0;1;0;0;11000001;5;1;5;1;0;0;0;1;0;0
1000000970;80;971;2019;15;2;0;1;;00000153;00000001;;00000846;1;1;0;0;0;;;;;;;;0;0;1;0;0;11000011;2;20;5;1;0;0;0;1;0;0
1000000971;135;972;2019;8;2;5;1;;00000156;00000001;00000017;00000132;1;0;0;;;;;;;;0;;;0;1;0;0;11000019;5;19;5;1;0;0;0;1;0;0
1000000974;79;975;2019;13;1;3;1;;00002905;00000001;;;2;1;0;;;;;;;;;;;0;1;0;0;11000011;5;21;5;1;0;0;0;1;0;0
1000000975;191;976;2019;14;2;3;1;;00002276;00000001;00000005;00000989;1;0;0;;1;;;;;;;;;0;1;0;;11000027;5;18;5;1;0;0;0;1;0;0
1000000976;34;977;2019;11;1;1;1;;00000926;00000002;;00001982;1;0;0;;0;;;;;;0;;;0;1;0;0;11000004;5;2;5;1;0;0;0;1;0;0
1000000977;192;978;2019;9;2;2;1;;00003440;00000002;00000012;;1;0;0;;;;;;;0;;0;;0;1;0;;11000027;5;26;5;1;0;0;0;1;0;0
1000000978;12;979;2019;5;2;0;1;;00001817;00000001;00000021;00004394;1;0;0;;;;;;;;;;;0;1;0;0;11000001;9;;5;1;0;0;0;1;0;0
1000000979;211;980;2019;12;2;0;1;;00002607;00000002;00000002;;1;0;0;;0;;;;;0;;0;;0;1;0;0;11000030;9;21;5;1;0;0;0;1;0;0
1000000980;182;981;2019;15;1;3;1;;00004267;00000001;;00002244;2;0;0;0;;;;0;;;;;;0;1;1;0;11000025;5;;5;1;0;0;0;1;0;0
1000000981;134;982;2019;13;2;1;1;;00004885;00000001;;;2;0;0;;0;;;;;0;;0;;0;1;0;0;11000019;9;14;6;1;0;0;0;1;0;1
1000000982;210;983;2019;8;1;0;1;;00000915;00000002;00000006;00003660;2;0;0;;;;;;0;0;;0;;0;1;0;0;11000029;5;;5;1;0;0;0;1;0;0
1000000983;55;984;2019;17;1;0;1;;00005030;00000002;00000024;00003627;2;0;1;;;;0;;;;;;;0;1;;0;11000007;5;1;5;1;0;0;0;1;0;0
1000000984;18;985;2019;8;2;3;1;;00004213;00000002;00000012;00003394;1;0;0;0;;;0;1;;0;;;;0;1;;0;11000002;5;3;5;1;0;0;0;1;0;0
1000000985;183;986;2019;10;1;1;1;;00004327;00000001;00000008;00000293;1;0;0;;;;;;;;;;;0;1;0;0;11000026;5;19;5;1;0;0;0;1;0;0
1000000986;88;987;2019;4;2;0;1;;00005142;00000002;00000026;00004457;1;0;0;0;;0;;;;;;;;0;1;0;0;11000012;5;27;5;1;0;0;0;1;0;0
1000000987;212;988;2019;12;1;3;1;;00000829;00000001;00000005;;1;0;0;0;;1;;;;;;;;0;1;0;0;11000030;5;2;5;1;0;0;0;1;0;0
1000000988;78;989;2019;11;1;3;1;;00001283;00000001;00000008;;1;0;0;;;;;;;;;0;0;0;1;0;0;11000011;9;2;5;1;0;0;0;1;0;0
1000000989;89;990;2019;4;1;3;1;;00000742;00000002;00000009;;1;0;0;;;;;0;0;;;;;0;1;0;0;11000012;4;16;1;1;0;0;0;1;0;1
1000000990;90;991;2019;4;1;3;1;;00004560;00000001;;00002270;1;0;0;;;;0;;;;;;;0;1;0;0;11000012;5;25;5;1;0;0;0;1;0;0
1000000991;160;992;2019;12;2;1;1;;00000663;00000001;00000009;;1;0;0;;;1;;;;;;;;0;1;0;0;11000022;9;;5;1;0;0;0;1;0;0
1000000995;21;996;2019;14;1;1;1;;00001071;00000002;;;2;0;0;;;;;;;;;;;0;1;0;0;11000002;5;17;5;1;0;0;0;1;0;0
1000000996;178;997;2019;7;2;1;1;;00002255;00000001;00000024;00005242;1;0;0;;0;;;0;;;;;;0;1;0;0;11000025;4;3;5;1;0;0;0;1;0;1
1000000997;138;998;2019;13;2;5;1;;00004157;00000001;00000001;;1;0;0;;;;0;;;;;;;0;1;0;0;11000019;5;;2;1;0;0;0;1;0;0
1000000998;173;999;2019;8;2;0;1;;00002286;00000002;00000004;00002126;1;0;0;;;;;;;;;;;0;1;0;1;11000024;5;17;5;1;0;0;0;1;0;0
