table;year;column;n;n_missing;pct_missing;min;max;mean;median;p1;p99
BAS_ESCOLA;2017;NU_ANO;31;0;0;2017;2017;2017;2017;2017;2017
BAS_ESCOLA;2017;CO_ENTIDADE;31;0;0;;;;;;
BAS_ESCOLA;2017;TP_SITUACAO_FUNCIONAMENTO;31;0;0;1;4;2.2581;1;1;4
BAS_ESCOLA;2017;TP_FALTANTE;31;8;25.806;0;0;0;0;0;0
BAS_ESCOLA;2017;CO_UF;31;0;0;;;;;;
BAS_ESCOLA;2017;CO_MUNICIPIO;31;0;0;;;;;;
BAS_ESCOLA;2017;TP_DEPENDENCIA;31;0;0;1;4;3.0323;3;1.3;4
BAS_ESCOLA;2017;TP_LOCALIZACAO;31;0;0;1;2;1.3871;1;1;2
BAS_ESCOLA;2017;TP_LOCALIZACAO_DIFERENCIADA;31;6;19.355;0;0;0;0;0;0
BAS_ESCOLA;2017;TP_CATEGORIA_ESCOLA_PRIVADA;31;26;83.871;1;2;1.2;1;1;1.96
BAS_ESCOLA;2017;IN_LOCAL_FUNC_PREDIO_ESCOLAR;31;11;35.484;1;1;1;1;1;1
BAS_ESCOLA;2017;IN_LOCAL_FUNC_SOCIOEDUCATIVO;31;12;38.71;0;0;0;0;0;0
BAS_ESCOLA;2017;IN_LOCAL_FUNC_UNID_PRISIONAL;31;14;45.161;0;0;0;0;0;0
BAS_ESCOLA;2017;IN_LOCAL_FUNC_PRISIONAL_SOCIO;31;10;32.258;0;0;0;0;0;0
BAS_ESCOLA;2017;IN_LOCAL_FUNC_GALPAO;31;8;25.806;0;1;0.0435;0;0;0.780000000000001
BAS_ESCOLA;2017;IN_LOCAL_FUNC_SALAS_OUTRA_ESC;31;8;25.806;0;1;0.087;0;0;1
BAS_ESCOLA;2017;IN_LOCAL_FUNC_OUTROS;31;16;51.613;0;0;0;0;0;0
BAS_ESCOLA;2017;IN_PREDIO_COMPARTILHADO;31;12;38.71;0;1;0.0526;0;0;0.82
BAS_ESCOLA;2017;IN_AGUA_POTAVEL;31;13;41.935;1;1;1;1;1;1
BAS_ESCOLA;2017;IN_AGUA_REDE_PUBLICA;31;12;38.71;0;1;0.7895;1;0;1
BAS_ESCOLA;2017;IN_AGUA_POCO_ARTESIANO;31;8;25.806;0;0;0;0;0;0
BAS_ESCOLA;2017;IN_AGUA_CACIMBA;31;8;25.806;0;1;0.1304;0;0;1
BAS_ESCOLA;2017;IN_AGUA_FONTE_RIO;31;12;38.71;0;0;0;0;0;0
BAS_ESCOLA;2017;IN_AGUA_INEXISTENTE;31;6;19.355;0;1;0.04;0;0;0.759999999999998
BAS_ESCOLA;2017;IN_ENERGIA_REDE_PUBLICA;31;18;58.065;1;1;1;1;1;1
BAS_ESCOLA;2017;IN_ENERGIA_GERADOR_FOSSIL;31;8;25.806;0;0;0;0;0;0
BAS_ESCOLA;2017;IN_ENERGIA_RENOVAVEL;31;13;41.935;0;0;0;0;0;0
BAS_ESCOLA;2017;IN_ENERGIA_INEXISTENTE;31;10;32.258;0;1;0.0476;0;0;0.800000000000001
BAS_ESCOLA;2017;IN_ESGOTO_REDE_PUBLICA;31;9;29.032;0;1;0.5;0.5;0;1
BAS_ESCOLA;2017;IN_ESGOTO_FOSSA_SEPTICA;31;14;45.161;0;1;0.2941;0;0;1
BAS_ESCOLA;2017;IN_ESGOTO_FOSSA_COMUM;31;14;45.161;0;1;0.0588;0;0;0.84
BAS_ESCOLA;2017;IN_ESGOTO_FOSSA;31;9;29.032;0;1;0.3636;0;0;1
BAS_ESCOLA;2017;IN_ESGOTO_INEXISTENTE;31;12;38.71;0;0;0;0;0;0
BAS_ESCOLA;2017;IN_LIXO_SERVICO_COLETA;31;13;41.935;0;1;0.8333;1;0;1
BAS_ESCOLA;2017;IN_LIXO_QUEIMA;31;10;32.258;0;1;0.1905;0;0;1
BAS_ESCOLA;2017;IN_LIXO_ENTERRA;31;11;35.484;0;0;0;0;0;0
BAS_ESCOLA;2017;IN_LIXO_DESTINO_FINAL_PUBLICO;31;9;29.032;0;1;0.0909;0;0;1
BAS_ESCOLA;2017;IN_LIXO_DESCARTA_OUTRA_AREA;31;12;38.71;0;0;0;0;0;0
BAS_ESCOLA;2017;IN_TRATAMENTO_LIXO_SEPARACAO;31;12;38.71;0;1;0.2632;0;0;1
BAS_ESCOLA;2017;IN_TRATAMENTO_LIXO_REUTILIZA;31;13;41.935;0;1;0.0556;0;0;0.829999999999998
BAS_ESCOLA;2017;IN_TRATAMENTO_LIXO_RECICLAGEM;31;14;45.161;0;9;0.5882;0;0;7.72
BAS_ESCOLA;2017;IN_TRATAMENTO_LIXO_INEXISTENTE;31;12;38.71;0;1;0.6842;1;0;1
BAS_ESCOLA;2017;IN_BANHEIRO;31;14;45.161;1;1;1;1;1;1
BAS_ESCOLA;2017;IN_BANHEIRO_PNE;31;14;45.161;0;1;0.4118;0;0;1
BAS_ESCOLA;2017;IN_BIBLIOTECA_SALA_LEITURA;31;14;45.161;0;1;0.4706;0;0;1
BAS_ESCOLA;2017;IN_LABORATORIO_CIENCIAS;31;12;38.71;0;1;0.0526;0;0;0.82
BAS_ESCOLA;2017;IN_LABORATORIO_INFORMATICA;31;13;41.935;0;1;0.3333;0;0;1
BAS_ESCOLA;2017;IN_QUADRA_ESPORTES;31;6;19.355;0;1;0.52;1;0;1
BAS_ESCOLA;2017;QT_SALAS_UTILIZADAS;31;14;45.161;1;22;6.2941;6;1;20.88
BAS_ESCOLA;2017;IN_COMPUTADOR;31;13;41.935;0;1;0.8889;1;0;1
BAS_ESCOLA;2017;IN_EQUIP_MULTIMIDIA;31;10;32.258;0;1;0.5714;1;0;1
BAS_ESCOLA;2017;QT_EQUIP_MULTIMIDIA;31;11;35.484;0;14;1.85;1;0;12.48
BAS_ESCOLA;2017;IN_DESKTOP_ALUNO;31;12;38.71;0;1;0.5789;1;0;1
BAS_ESCOLA;2017;QT_DESKTOP_ALUNO;31;5;16.129;0;28.6931267064065;6.7915;3.18324872874655;0;28.2949319520267
BAS_ESCOLA;2017;IN_COMP_PORTATIL_ALUNO;31;13;41.935;0;1;0.1111;0;0;1
BAS_ESCOLA;2017;QT_COMP_PORTATIL_ALUNO;31;16;51.613;0;3.44043052848428;1.1716;0.635965588735417;0;3.36553223794326
BAS_ESCOLA;2017;IN_TABLET_ALUNO;31;9;29.032;0;0;0;0;0;0
BAS_ESCOLA;2017;QT_TABLET_ALUNO;31;13;41.935;0;1.99443081906065;0.4868;0.405570222937968;0;1.91112745129503
BAS_ESCOLA;2017;IN_INTERNET;31;13;41.935;0;1;0.7222;1;0;1
BAS_ESCOLA;2017;IN_INTERNET_ALUNOS;31;9;29.032;0;1;0.3182;0;0;1
BAS_ESCOLA;2017;IN_ACESSO_INTERNET_COMPUTADOR;31;15;48.387;0;9;1.375;0;0;9
BAS_ESCOLA;2017;IN_BANDA_LARGA;31;13;41.935;1;1;1;1;1;1
BAS_ESCOLA;2017;QT_PROF_COORDENADOR;31;13;41.935;0;21;1.3333;0;0;17.77
BAS_ESCOLA;2017;QT_PROF_FONAUDIOLOGO;31;10;32.258;0;0;0;0;0;0
BAS_ESCOLA;2017;QT_PROF_NUTRICIONISTA;31;16;51.613;0;1;0.2667;0;0;1
BAS_ESCOLA;2017;QT_PROF_PSICOLOGO;31;15;48.387;0;1;0.125;0;0;1
BAS_ESCOLA;2017;QT_PROF_PEDAGOGIA;31;16;51.613;0;4;1.0667;1;0;3.86
BAS_ESCOLA;2017;IN_ALIMENTACAO;31;11;35.484;0;1;0.9;1;0;1
BAS_ESCOLA;2017;IN_ORGAO_ASS_PAIS;31;10;32.258;0;0;0;0;0;0
BAS_ESCOLA;2017;IN_ORGAO_ASS_PAIS_MESTRES;31;14;45.161;0;1;0.3529;0;0;1
BAS_ESCOLA;2017;IN_ORGAO_CONSELHO_ESCOLAR;31;10;32.258;0;9;0.9524;1;0;7.40000000000001
BAS_ESCOLA;2018;NU_ANO;31;0;0;2018;2018;2018;2018;2018;2018
BAS_ESCOLA;2018;CO_ENTIDADE;31;0;0;;;;;;
BAS_ESCOLA;2018;TP_SITUACAO_FUNCIONAMENTO;31;0;0;1;4;1.4839;1;1;4
BAS_ESCOLA;2018;TP_FALTANTE;31;8;25.806;0;0;0;0;0;0
BAS_ESCOLA;2018;CO_UF;31;0;0;;;;;;
BAS_ESCOLA;2018;CO_MUNICIPIO;31;0;0;;;;;;
BAS_ESCOLA;2018;TP_DEPENDENCIA;31;0;0;2;4;3.1935;3;2;4
BAS_ESCOLA;2018;TP_LOCALIZACAO;31;0;0;1;2;1.3226;1;1;2
BAS_ESCOLA;2018;TP_LOCALIZACAO_DIFERENCIADA;31;5;16.129;0;0;0;0;0;0
BAS_ESCOLA;2018;TP_CATEGORIA_ESCOLA_PRIVADA;31;30;96.774;1;1;1;1;1;1
BAS_ESCOLA;2018;IN_LOCAL_FUNC_PREDIO_ESCOLAR;31;10;32.258;0;1;0.9048;1;0;1
BAS_ESCOLA;2018;IN_LOCAL_FUNC_SOCIOEDUCATIVO;31;13;41.935;0;0;0;0;0;0
BAS_ESCOLA;2018;IN_LOCAL_FUNC_UNID_PRISIONAL;31;14;45.161;0;0;0;0;0;0
BAS_ESCOLA;2018;IN_LOCAL_FUNC_PRISIONAL_SOCIO;31;11;35.484;0;0;0;0;0;0
BAS_ESCOLA;2018;IN_LOCAL_FUNC_GALPAO;31;13;41.935;0;0;0;0;0;0
BAS_ESCOLA;2018;IN_LOCAL_FUNC_SALAS_OUTRA_ESC;31;12;38.71;0;1;0.1053;0;0;1
BAS_ESCOLA;2018;IN_LOCAL_FUNC_OUTROS;31;12;38.71;0;1;0.1579;0;0;1
BAS_ESCOLA;2018;IN_PREDIO_COMPARTILHADO;31;14;45.161;0;1;0.0588;0;0;0.84
BAS_ESCOLA;2018;IN_AGUA_POTAVEL;31;12;38.71;0;1;0.8421;1;0;1
BAS_ESCOLA;2018;IN_AGUA_REDE_PUBLICA;31;15;48.387;0;1;0.8125;1;0;1
BAS_ESCOLA;2018;IN_AGUA_POCO_ARTESIANO;31;14;45.161;0;0;0;0;0;0
BAS_ESCOLA;2018;IN_AGUA_CACIMBA;31;10;32.258;0;1;0.1429;0;0;1
BAS_ESCOLA;2018;IN_AGUA_FONTE_RIO;31;13;41.935;0;1;0.1111;0;0;1
BAS_ESCOLA;2018;IN_AGUA_INEXISTENTE;31;15;48.387;0;0;0;0;0;0
BAS_ESCOLA;2018;IN_ENERGIA_REDE_PUBLICA;31;11;35.484;1;1;1;1;1;1
BAS_ESCOLA;2018;IN_ENERGIA_GERADOR_FOSSIL;31;11;35.484;0;0;0;0;0;0
BAS_ESCOLA;2018;IN_ENERGIA_RENOVAVEL;31;11;35.484;0;0;0;0;0;0
BAS_ESCOLA;2018;IN_ENERGIA_INEXISTENTE;31;11;35.484;0;0;0;0;0;0
BAS_ESCOLA;2018;IN_ESGOTO_REDE_PUBLICA;31;9;29.032;0;1;0.5909;1;0;1
BAS_ESCOLA;2018;IN_ESGOTO_FOSSA_SEPTICA;31;14;45.161;0;1;0.0588;0;0;0.84
BAS_ESCOLA;2018;IN_ESGOTO_FOSSA_COMUM;31;4;12.903;0;1;0.1481;0;0;1
BAS_ESCOLA;2018;IN_ESGOTO_FOSSA;31;7;22.581;0;1;0.375;0;0;1
BAS_ESCOLA;2018;IN_ESGOTO_INEXISTENTE;31;12;38.71;0;1;0.0526;0;0;0.82
BAS_ESCOLA;2018;IN_LIXO_SERVICO_COLETA;31;8;25.806;0;1;0.7826;1;0;1
BAS_ESCOLA;2018;IN_LIXO_QUEIMA;31;9;29.032;0;1;0.1818;0;0;1
BAS_ESCOLA;2018;IN_LIXO_ENTERRA;31;9;29.032;0;1;0.0909;0;0;1
BAS_ESCOLA;2018;IN_LIXO_DESTINO_FINAL_PUBLICO;31;9;29.032;0;0;0;0;0;0
BAS_ESCOLA;2018;IN_LIXO_DESCARTA_OUTRA_AREA;31;10;32.258;0;0;0;0;0;0
BAS_ESCOLA;2018;IN_TRATAMENTO_LIXO_SEPARACAO;31;11;35.484;0;9;1;0;0;9
BAS_ESCOLA;2018;IN_TRATAMENTO_LIXO_REUTILIZA;31;6;19.355;0;9;0.4;0;0;7.07999999999998
BAS_ESCOLA;2018;IN_TRATAMENTO_LIXO_RECICLAGEM;31;12;38.71;0;0;0;0;0;0
BAS_ESCOLA;2018;IN_TRATAMENTO_LIXO_INEXISTENTE;31;9;29.032;0;1;0.5909;1;0;1
BAS_ESCOLA;2018;IN_BANHEIRO;31;18;58.065;1;1;1;1;1;1
BAS_ESCOLA;2018;IN_BANHEIRO_PNE;31;9;29.032;0;1;0.5455;1;0;1
BAS_ESCOLA;2018;IN_BIBLIOTECA_SALA_LEITURA;31;10;32.258;0;1;0.5238;1;0;1
BAS_ESCOLA;2018;IN_LABORATORIO_CIENCIAS;31;16;51.613;0;0;0;0;0;0
BAS_ESCOLA;2018;IN_LABORATORIO_INFORMATICA;31;14;45.161;0;1;0.2941;0;0;1
BAS_ESCOLA;2018;IN_QUADRA_ESPORTES;31;12;38.71;0;1;0.3684;0;0;1
BAS_ESCOLA;2018;QT_SALAS_UTILIZADAS;31;14;45.161;1;16;6.5882;7;1.16;15.2
BAS_ESCOLA;2018;IN_COMPUTADOR;31;12;38.71;0;1;0.8421;1;0;1
BAS_ESCOLA;2018;IN_EQUIP_MULTIMIDIA;31;11;35.484;0;1;0.55;1;0;1
BAS_ESCOLA;2018;QT_EQUIP_MULTIMIDIA;31;14;45.161;0;20;2.2353;1;0;17.12
BAS_ESCOLA;2018;IN_DESKTOP_ALUNO;31;13;41.935;0;1;0.4444;0;0;1
BAS_ESCOLA;2018;QT_DESKTOP_ALUNO;31;14;45.161;0;22.5040292213671;5.6421;1.00098456256092;0;21.5190650317259
BAS_ESCOLA;2018;IN_COMP_PORTATIL_ALUNO;31;12;38.71;0;1;0.1579;0;0;1
BAS_ESCOLA;2018;QT_COMP_PORTATIL_ALUNO;31;8;25.806;0;2.62929517403245;0.4361;0;0;2.48750942491926
BAS_ESCOLA;2018;IN_TABLET_ALUNO;31;16;51.613;0;0;0;0;0;0
BAS_ESCOLA;2018;QT_TABLET_ALUNO;31;11;35.484;0;1.15378153556958;0.5029;0.565816430898849;0;1.13632469854783
BAS_ESCOLA;2018;IN_INTERNET;31;10;32.258;0;1;0.7619;1;0;1
BAS_ESCOLA;2018;IN_INTERNET_ALUNOS;31;14;45.161;0;1;0.2353;0;0;1
BAS_ESCOLA;2018;IN_ACESSO_INTERNET_COMPUTADOR;31;12;38.71;0;1;0.2632;0;0;1
BAS_ESCOLA;2018;IN_BANDA_LARGA;31;16;51.613;1;1;1;1;1;1
BAS_ESCOLA;2018;QT_PROF_COORDENADOR;31;10;32.258;0;2;0.1429;0;0;1.8
BAS_ESCOLA;2018;QT_PROF_FONAUDIOLOGO;31;8;25.806;0;1;0.0435;0;0;0.780000000000001
BAS_ESCOLA;2018;QT_PROF_NUTRICIONISTA;31;8;25.806;0;1;0.3043;0;0;1
BAS_ESCOLA;2018;QT_PROF_PSICOLOGO;31;11;35.484;0;1;0.05;0;0;0.809999999999999
BAS_ESCOLA;2018;QT_PROF_PEDAGOGIA;31;14;45.161;0;5;0.9412;0;0;4.84
BAS_ESCOLA;2018;IN_ALIMENTACAO;31;11;35.484;0;1;0.85;1;0;1
BAS_ESCOLA;2018;IN_ORGAO_ASS_PAIS;31;12;38.71;0;9;0.5263;0;0;7.56
BAS_ESCOLA;2018;IN_ORGAO_ASS_PAIS_MESTRES;31;14;45.161;0;9;0.9412;0;0;7.72
BAS_ESCOLA;2018;IN_ORGAO_CONSELHO_ESCOLAR;31;8;25.806;0;9;1.2174;1;0;9
BAS_ESCOLA;2019;NU_ANO;31;0;0;2019;2019;2019;2019;2019;2019
BAS_ESCOLA;2019;CO_ENTIDADE;31;0;0;;;;;;
BAS_ESCOLA;2019;TP_SITUACAO_FUNCIONAMENTO;31;0;0;1;4;1.8065;1;1;4
BAS_ESCOLA;2019;TP_FALTANTE;31;5;16.129;0;0;0;0;0;0
BAS_ESCOLA;2019;CO_UF;31;0;0;;;;;;
BAS_ESCOLA;2019;CO_MUNICIPIO;31;0;0;;;;;;
BAS_ESCOLA;2019;TP_DEPENDENCIA;31;0;0;2;4;2.9677;3;2;4
BAS_ESCOLA;2019;TP_LOCALIZACAO;31;0;0;1;2;1.1935;1;1;2
BAS_ESCOLA;2019;TP_LOCALIZACAO_DIFERENCIADA;31;12;38.71;0;3;0.2632;0;0;2.64
BAS_ESCOLA;2019;TP_CATEGORIA_ESCOLA_PRIVADA;31;24;77.419;1;4;1.4286;1;1;3.82
BAS_ESCOLA;2019;IN_LOCAL_FUNC_PREDIO_ESCOLAR;31;15;48.387;0;1;0.9375;1;0.15;1
BAS_ESCOLA;2019;IN_LOCAL_FUNC_SOCIOEDUCATIVO;31;15;48.387;0;0;0;0;0;0
BAS_ESCOLA;2019;IN_LOCAL_FUNC_UNID_PRISIONAL;31;11;35.484;0;0;0;0;0;0
BAS_ESCOLA;2019;IN_LOCAL_FUNC_PRISIONAL_SOCIO;31;13;41.935;0;0;0;0;0;0
BAS_ESCOLA;2019;IN_LOCAL_FUNC_GALPAO;31;11;35.484;0;1;0.05;0;0;0.809999999999999
BAS_ESCOLA;2019;IN_LOCAL_FUNC_SALAS_OUTRA_ESC;31;14;45.161;0;0;0;0;0;0
BAS_ESCOLA;2019;IN_LOCAL_FUNC_OUTROS;31;11;35.484;0;1;0.05;0;0;0.809999999999999
BAS_ESCOLA;2019;IN_PREDIO_COMPARTILHADO;31;12;38.71;0;1;0.0526;0;0;0.82
BAS_ESCOLA;2019;IN_AGUA_POTAVEL;31;11;35.484;0;1;0.95;1;0.19;1
BAS_ESCOLA;2019;IN_AGUA_REDE_PUBLICA;31;10;32.258;0;1;0.9048;1;0;1
BAS_ESCOLA;2019;IN_AGUA_POCO_ARTESIANO;31;13;41.935;0;1;0.1667;0;0;1
BAS_ESCOLA;2019;IN_AGUA_CACIMBA;31;17;54.839;0;1;0.0714;0;0;0.869999999999999
BAS_ESCOLA;2019;IN_AGUA_FONTE_RIO;31;11;35.484;0;0;0;0;0;0
BAS_ESCOLA;2019;IN_AGUA_INEXISTENTE;31;13;41.935;0;0;0;0;0;0
BAS_ESCOLA;2019;IN_ENERGIA_REDE_PUBLICA;31;11;35.484;1;1;1;1;1;1
BAS_ESCOLA;2019;IN_ENERGIA_GERADOR_FOSSIL;31;15;48.387;0;1;0.0625;0;0;0.85
BAS_ESCOLA;2019;IN_ENERGIA_RENOVAVEL;31;9;29.032;0;0;0;0;0;0
BAS_ESCOLA;2019;IN_ENERGIA_INEXISTENTE;31;10;32.258;0;0;0;0;0;0
BAS_ESCOLA;2019;IN_ESGOTO_REDE_PUBLICA;31;13;41.935;0;1;0.5;0.5;0;1
BAS_ESCOLA;2019;IN_ESGOTO_FOSSA_SEPTICA;31;11;35.484;0;1;0.25;0;0;1
BAS_ESCOLA;2019;IN_ESGOTO_FOSSA_COMUM;31;14;45.161;0;1;0.2941;0;0;1
BAS_ESCOLA;2019;IN_ESGOTO_FOSSA;31;10;32.258;0;1;0.2381;0;0;1
BAS_ESCOLA;2019;IN_ESGOTO_INEXISTENTE;31;12;38.71;0;1;0.1053;0;0;1
BAS_ESCOLA;2019;IN_LIXO_SERVICO_COLETA;31;14;45.161;0;1;0.8235;1;0;1
BAS_ESCOLA;2019;IN_LIXO_QUEIMA;31;11;35.484;0;1;0.2;0;0;1
BAS_ESCOLA;2019;IN_LIXO_ENTERRA;31;11;35.484;0;0;0;0;0;0
BAS_ESCOLA;2019;IN_LIXO_DESTINO_FINAL_PUBLICO;31;16;51.613;0;0;0;0;0;0
BAS_ESCOLA;2019;IN_LIXO_DESCARTA_OUTRA_AREA;31;15;48.387;0;0;0;0;0;0
BAS_ESCOLA;2019;IN_TRATAMENTO_LIXO_SEPARACAO;31;15;48.387;0;9;0.875;0;0;7.8
BAS_ESCOLA;2019;IN_TRATAMENTO_LIXO_REUTILIZA;31;8;25.806;0;9;0.4348;0;0;7.24000000000001
BAS_ESCOLA;2019;IN_TRATAMENTO_LIXO_RECICLAGEM;31;13;41.935;0;9;0.6111;0;0;7.63999999999999
BAS_ESCOLA;2019;IN_TRATAMENTO_LIXO_INEXISTENTE;31;10;32.258;0;1;0.7143;1;0;1
BAS_ESCOLA;2019;IN_BANHEIRO;31;9;29.032;1;1;1;1;1;1
BAS_ESCOLA;2019;IN_BANHEIRO_PNE;31;9;29.032;0;1;0.4545;0;0;1
BAS_ESCOLA;2019;IN_BIBLIOTECA_SALA_LEITURA;31;10;32.258;0;1;0.5238;1;0;1
BAS_ESCOLA;2019;IN_LABORATORIO_CIENCIAS;31;17;54.839;0;1;0.1429;0;0;1
BAS_ESCOLA;2019;IN_LABORATORIO_INFORMATICA;31;8;25.806;0;1;0.2609;0;0;1
BAS_ESCOLA;2019;IN_QUADRA_ESPORTES;31;13;41.935;0;1;0.4444;0;0;1
BAS_ESCOLA;2019;QT_SALAS_UTILIZADAS;31;18;58.065;1;21;8.3846;9;1.12;19.92
BAS_ESCOLA;2019;IN_COMPUTADOR;31;12;38.71;0;1;0.8947;1;0;1
BAS_ESCOLA;2019;IN_EQUIP_MULTIMIDIA;31;12;38.71;0;1;0.6316;1;0;1
BAS_ESCOLA;2019;QT_EQUIP_MULTIMIDIA;31;13;41.935;0;6;1.3889;0;0;6
BAS_ESCOLA;2019;IN_DESKTOP_ALUNO;31;12;38.71;0;1;0.4211;0;0;1
BAS_ESCOLA;2019;QT_DESKTOP_ALUNO;31;15;48.387;0;6.44857339968439;0.8402;0;0;6.1667425968335
BAS_ESCOLA;2019;IN_COMP_PORTATIL_ALUNO;31;9;29.032;0;1;0.2273;0;0;1
BAS_ESCOLA;2019;QT_COMP_PORTATIL_ALUNO;31;10;32.258;0;3.81907533481717;0.8723;0;0;3.68576050922274
BAS_ESCOLA;2019;IN_TABLET_ALUNO;31;15;48.387;0;0;0;0;0;0
BAS_ESCOLA;2019;QT_TABLET_ALUNO;31;14;45.161;0;1.95880969800055;0.377;0.035389555268921;0;1.90105002038181
BAS_ESCOLA;2019;IN_INTERNET;31;7;22.581;0;1;0.7917;1;0;1
BAS_ESCOLA;2019;IN_INTERNET_ALUNOS;31;12;38.71;0;1;0.3684;0;0;1
BAS_ESCOLA;2019;IN_ACESSO_INTERNET_COMPUTADOR;31;12;38.71;0;1;0.1579;0;0;1
BAS_ESCOLA;2019;IN_BANDA_LARGA;31;13;41.935;0;1;0.7222;1;0;1
BAS_ESCOLA;2019;QT_PROF_COORDENADOR;31;13;41.935;0;4;0.7778;0.5;0;3.66
BAS_ESCOLA;2019;QT_PROF_FONAUDIOLOGO;31;10;32.258;0;1;0.0476;0;0;0.800000000000001
BAS_ESCOLA;2019;QT_PROF_NUTRICIONISTA;31;12;38.71;0;1;0.0526;0;0;0.82
BAS_ESCOLA;2019;QT_PROF_PSICOLOGO;31;8;25.806;0;3;0.1739;0;0;2.56
BAS_ESCOLA;2019;QT_PROF_PEDAGOGIA;31;12;38.71;0;7;1.2105;1;0;6.1
BAS_ESCOLA;2019;IN_ALIMENTACAO;31;14;45.161;0;1;0.8235;1;0;1
BAS_ESCOLA;2019;IN_ORGAO_ASS_PAIS;31;8;25.806;0;9;0.3913;0;0;7.02000000000001
BAS_ESCOLA;2019;IN_ORGAO_ASS_PAIS_MESTRES;31;13;41.935;0;1;0.3333;0;0;1
BAS_ESCOLA;2019;IN_ORGAO_CONSELHO_ESCOLAR;31;17;54.839;0;9;1.2143;1;0;7.95999999999999
BAS_ESCOLA;2020;NU_ANO;31;0;0;2020;2020;2020;2020;2020;2020
BAS_ESCOLA;2020;CO_ENTIDADE;31;0;0;;;;;;
BAS_ESCOLA;2020;TP_SITUACAO_FUNCIONAMENTO;31;0;0;1;4;1.6774;1;1;4
BAS_ESCOLA;2020;TP_FALTANTE;31;4;12.903;0;1;0.037;0;0;0.739999999999998
BAS_ESCOLA;2020;CO_UF;31;0;0;;;;;;
BAS_ESCOLA;2020;CO_MUNICIPIO;31;0;0;;;;;;
BAS_ESCOLA;2020;TP_DEPENDENCIA;31;0;0;1;4;3.0323;3;1.3;4
BAS_ESCOLA;2020;TP_LOCALIZACAO;31;0;0;1;2;1.3226;1;1;2
BAS_ESCOLA;2020;TP_LOCALIZACAO_DIFERENCIADA;31;10;32.258;0;3;0.1905;0;0;2.6
BAS_ESCOLA;2020;TP_CATEGORIA_ESCOLA_PRIVADA;31;25;80.645;1;1;1;1;1;1
BAS_ESCOLA;2020;IN_LOCAL_FUNC_PREDIO_ESCOLAR;31;19;61.29;1;1;1;1;1;1
BAS_ESCOLA;2020;IN_LOCAL_FUNC_SOCIOEDUCATIVO;31;13;41.935;0;0;0;0;0;0
BAS_ESCOLA;2020;IN_LOCAL_FUNC_UNID_PRISIONAL;31;14;45.161;0;0;0;0;0;0
BAS_ESCOLA;2020;IN_LOCAL_FUNC_PRISIONAL_SOCIO;31;13;41.935;0;0;0;0;0;0
BAS_ESCOLA;2020;IN_LOCAL_FUNC_GALPAO;31;11;35.484;0;0;0;0;0;0
BAS_ESCOLA;2020;IN_LOCAL_FUNC_SALAS_OUTRA_ESC;31;9;29.032;0;1;0.0455;0;0;0.789999999999999
BAS_ESCOLA;2020;IN_LOCAL_FUNC_OUTROS;31;17;54.839;0;0;0;0;0;0
BAS_ESCOLA;2020;IN_PREDIO_COMPARTILHADO;31;16;51.613;0;0;0;0;0;0
BAS_ESCOLA;2020;IN_AGUA_POTAVEL;31;9;29.032;0;1;0.9091;1;0;1
BAS_ESCOLA;2020;IN_AGUA_REDE_PUBLICA;31;9;29.032;0;1;0.5909;1;0;1
BAS_ESCOLA;2020;IN_AGUA_POCO_ARTESIANO;31;14;45.161;0;1;0.0588;0;0;0.84
BAS_ESCOLA;2020;IN_AGUA_CACIMBA;31;18;58.065;0;1;0.2308;0;0;1
BAS_ESCOLA;2020;IN_AGUA_FONTE_RIO;31;15;48.387;0;1;0.125;0;0;1
BAS_ESCOLA;2020;IN_AGUA_INEXISTENTE;31;16;51.613;0;1;0.0667;0;0;0.859999999999999
BAS_ESCOLA;2020;IN_ENERGIA_REDE_PUBLICA;31;9;29.032;1;1;1;1;1;1
BAS_ESCOLA;2020;IN_ENERGIA_GERADOR_FOSSIL;31;11;35.484;0;0;0;0;0;0
BAS_ESCOLA;2020;IN_ENERGIA_RENOVAVEL;31;8;25.806;0;0;0;0;0;0
BAS_ESCOLA;2020;IN_ENERGIA_INEXISTENTE;31;9;29.032;0;0;0;0;0;0
BAS_ESCOLA;2020;IN_ESGOTO_REDE_PUBLICA;31;10;32.258;0;1;0.5238;1;0;1
BAS_ESCOLA;2020;IN_ESGOTO_FOSSA_SEPTICA;31;9;29.032;0;1;0.3182;0;0;1
BAS_ESCOLA;2020;IN_ESGOTO_FOSSA_COMUM;31;14;45.161;0;0;0;0;0;0
BAS_ESCOLA;2020;IN_ESGOTO_FOSSA;31;10;32.258;0;1;0.4286;0;0;1
BAS_ESCOLA;2020;IN_ESGOTO_INEXISTENTE;31;11;35.484;0;1;0.05;0;0;0.809999999999999
BAS_ESCOLA;2020;IN_LIXO_SERVICO_COLETA;31;11;35.484;0;1;0.8;1;0;1
BAS_ESCOLA;2020;IN_LIXO_QUEIMA;31;14;45.161;0;1;0.1176;0;0;1
BAS_ESCOLA;2020;IN_LIXO_ENTERRA;31;8;25.806;0;1;0.0435;0;0;0.780000000000001
BAS_ESCOLA;2020;IN_LIXO_DESTINO_FINAL_PUBLICO;31;10;32.258;0;0;0;0;0;0
BAS_ESCOLA;2020;IN_LIXO_DESCARTA_OUTRA_AREA;31;11;35.484;0;0;0;0;0;0
BAS_ESCOLA;2020;IN_TRATAMENTO_LIXO_SEPARACAO;31;15;48.387;0;9;0.6875;0;0;7.8
BAS_ESCOLA;2020;IN_TRATAMENTO_LIXO_REUTILIZA;31;9;29.032;0;9;0.4091;0;0;7.10999999999999
BAS_ESCOLA;2020;IN_TRATAMENTO_LIXO_RECICLAGEM;31;9;29.032;0;0;0;0;0;0
BAS_ESCOLA;2020;IN_TRATAMENTO_LIXO_INEXISTENTE;31;9;29.032;0;9;1.0909;1;0;7.31999999999999
BAS_ESCOLA;2020;IN_BANHEIRO;31;9;29.032;0;1;0.9545;1;0.21;1
BAS_ESCOLA;2020;IN_BANHEIRO_PNE;31;10;32.258;0;1;0.381;0;0;1
BAS_ESCOLA;2020;IN_BIBLIOTECA_SALA_LEITURA;31;9;29.032;0;1;0.5;0.5;0;1
BAS_ESCOLA;2020;IN_LABORATORIO_CIENCIAS;31;13;41.935;0;1;0.1111;0;0;1
BAS_ESCOLA;2020;IN_LABORATORIO_INFORMATICA;31;11;35.484;0;1;0.35;0;0;1
BAS_ESCOLA;2020;IN_QUADRA_ESPORTES;31;11;35.484;0;1;0.35;0;0;1
BAS_ESCOLA;2020;QT_SALAS_UTILIZADAS;31;15;48.387;2;33;10.5;9;2;30.6
BAS_ESCOLA;2020;IN_COMPUTADOR;31;17;54.839;0;1;0.7143;1;0;1
BAS_ESCOLA;2020;IN_EQUIP_MULTIMIDIA;31;13;41.935;0;1;0.6667;1;0;1
BAS_ESCOLA;2020;QT_EQUIP_MULTIMIDIA;31;13;41.935;0;22;3.6667;1;0;20.13
BAS_ESCOLA;2020;IN_DESKTOP_ALUNO;31;13;41.935;0;1;0.5;0.5;0;1
BAS_ESCOLA;2020;QT_DESKTOP_ALUNO;31;9;29.032;0;31.5981326568872;12.4949;12.0329035510076;0;31.3479352976661
BAS_ESCOLA;2020;IN_COMP_PORTATIL_ALUNO;31;10;32.258;0;1;0.0952;0;0;1
BAS_ESCOLA;2020;QT_COMP_PORTATIL_ALUNO;31;14;45.161;0;5.74975707242265;1.2919;0;0;5.55036884592846
BAS_ESCOLA;2020;IN_TABLET_ALUNO;31;9;29.032;0;1;0.0455;0;0;0.789999999999999
BAS_ESCOLA;2020;QT_TABLET_ALUNO;31;5;16.129;0;1.29053761763498;0.2356;0;0;1.2887462413637
BAS_ESCOLA;2020;IN_INTERNET;31;11;35.484;0;1;0.8;1;0;1
BAS_ESCOLA;2020;IN_INTERNET_ALUNOS;31;10;32.258;0;1;0.1905;0;0;1
BAS_ESCOLA;2020;IN_ACESSO_INTERNET_COMPUTADOR;31;7;22.581;0;1;0.25;0;0;1
BAS_ESCOLA;2020;IN_BANDA_LARGA;31;23;74.194;1;1;1;1;1;1
BAS_ESCOLA;2020;QT_PROF_COORDENADOR;31;11;35.484;0;3;0.35;0;0;3
BAS_ESCOLA;2020;QT_PROF_FONAUDIOLOGO;31;16;51.613;0;0;0;0;0;0
BAS_ESCOLA;2020;QT_PROF_NUTRICIONISTA;31;11;35.484;0;1;0.1;0;0;1
BAS_ESCOLA;2020;QT_PROF_PSICOLOGO;31;17;54.839;0;4;0.2857;0;0;3.48
BAS_ESCOLA;2020;QT_PROF_PEDAGOGIA;31;15;48.387;0;13;2.125;1;0;11.5
BAS_ESCOLA;2020;IN_ALIMENTACAO;31;11;35.484;0;1;0.8;1;0;1
BAS_ESCOLA;2020;IN_ORGAO_ASS_PAIS;31;8;25.806;0;1;0.0435;0;0;0.780000000000001
BAS_ESCOLA;2020;IN_ORGAO_ASS_PAIS_MESTRES;31;14;45.161;0;1;0.4118;0;0;1
BAS_ESCOLA;2020;IN_ORGAO_CONSELHO_ESCOLAR;31;15;48.387;0;1;0.5625;1;0;1
BAS_ESCOLA;2021;NU_ANO;31;0;0;2021;2021;2021;2021;2021;2021
BAS_ESCOLA;2021;CO_ENTIDADE;31;0;0;;;;;;
BAS_ESCOLA;2021;TP_SITUACAO_FUNCIONAMENTO;31;0;0;1;4;1.6129;1;1;4
BAS_ESCOLA;2021;TP_FALTANTE;31;11;35.484;0;0;0;0;0;0
BAS_ESCOLA;2021;CO_UF;31;0;0;;;;;;
BAS_ESCOLA;2021;CO_MUNICIPIO;31;0;0;;;;;;
BAS_ESCOLA;2021;TP_DEPENDENCIA;31;0;0;1;4;3.0968;3;1.3;4
BAS_ESCOLA;2021;TP_LOCALIZACAO;31;0;0;1;2;1.4194;1;1;2
BAS_ESCOLA;2021;TP_LOCALIZACAO_DIFERENCIADA;31;15;48.387;0;1;0.0625;0;0;0.85
BAS_ESCOLA;2021;TP_CATEGORIA_ESCOLA_PRIVADA;31;26;83.871;1;1;1;1;1;1
BAS_ESCOLA;2021;IN_LOCAL_FUNC_PREDIO_ESCOLAR;31;12;38.71;1;1;1;1;1;1
BAS_ESCOLA;2021;IN_LOCAL_FUNC_SOCIOEDUCATIVO;31;14;45.161;0;0;0;0;0;0
BAS_ESCOLA;2021;IN_LOCAL_FUNC_UNID_PRISIONAL;31;13;41.935;0;0;0;0;0;0
BAS_ESCOLA;2021;IN_LOCAL_FUNC_PRISIONAL_SOCIO;31;14;45.161;0;0;0;0;0;0
BAS_ESCOLA;2021;IN_LOCAL_FUNC_GALPAO;31;14;45.161;0;0;0;0;0;0
BAS_ESCOLA;2021;IN_LOCAL_FUNC_SALAS_OUTRA_ESC;31;9;29.032;0;1;0.0455;0;0;0.789999999999999
BAS_ESCOLA;2021;IN_LOCAL_FUNC_OUTROS;31;9;29.032;0;1;0.0909;0;0;1
BAS_ESCOLA;2021;IN_PREDIO_COMPARTILHADO;31;11;35.484;0;0;0;0;0;0
BAS_ESCOLA;2021;IN_AGUA_POTAVEL;31;9;29.032;1;1;1;1;1;1
BAS_ESCOLA;2021;IN_AGUA_REDE_PUBLICA;31;12;38.71;0;1;0.8421;1;0;1
BAS_ESCOLA;2021;IN_AGUA_POCO_ARTESIANO;31;14;45.161;0;1;0.1765;0;0;1
BAS_ESCOLA;2021;IN_AGUA_CACIMBA;31;14;45.161;0;0;0;0;0;0
BAS_ESCOLA;2021;IN_AGUA_FONTE_RIO;31;15;48.387;0;1;0.0625;0;0;0.85
BAS_ESCOLA;2021;IN_AGUA_INEXISTENTE;31;6;19.355;0;0;0;0;0;0
BAS_ESCOLA;2021;IN_ENERGIA_REDE_PUBLICA;31;10;32.258;1;1;1;1;1;1
BAS_ESCOLA;2021;IN_ENERGIA_GERADOR_FOSSIL;31;12;38.71;0;0;0;0;0;0
BAS_ESCOLA;2021;IN_ENERGIA_RENOVAVEL;31;12;38.71;0;0;0;0;0;0
BAS_ESCOLA;2021;IN_ENERGIA_INEXISTENTE;31;16;51.613;0;1;0.0667;0;0;0.859999999999999
BAS_ESCOLA;2021;IN_ESGOTO_REDE_PUBLICA;31;9;29.032;0;1;0.5909;1;0;1
BAS_ESCOLA;2021;IN_ESGOTO_FOSSA_SEPTICA;31;10;32.258;0;1;0.1429;0;0;1
BAS_ESCOLA;2021;IN_ESGOTO_FOSSA_COMUM;31;11;35.484;0;1;0.2;0;0;1
BAS_ESCOLA;2021;IN_ESGOTO_FOSSA;31;11;35.484;0;1;0.35;0;0;1
BAS_ESCOLA;2021;IN_ESGOTO_INEXISTENTE;31;17;54.839;0;1;0.0714;0;0;0.869999999999999
BAS_ESCOLA;2021;IN_LIXO_SERVICO_COLETA;31;9;29.032;0;1;0.7727;1;0;1
BAS_ESCOLA;2021;IN_LIXO_QUEIMA;31;12;38.71;0;1;0.2105;0;0;1
BAS_ESCOLA;2021;IN_LIXO_ENTERRA;31;12;38.71;0;0;0;0;0;0
BAS_ESCOLA;2021;IN_LIXO_DESTINO_FINAL_PUBLICO;31;13;41.935;0;1;0.0556;0;0;0.829999999999998
BAS_ESCOLA;2021;IN_LIXO_DESCARTA_OUTRA_AREA;31;12;38.71;0;0;0;0;0;0
BAS_ESCOLA;2021;IN_TRATAMENTO_LIXO_SEPARACAO;31;12;38.71;0;1;0.1579;0;0;1
BAS_ESCOLA;2021;IN_TRATAMENTO_LIXO_REUTILIZA;31;13;41.935;0;0;0;0;0;0
BAS_ESCOLA;2021;IN_TRATAMENTO_LIXO_RECICLAGEM;31;11;35.484;0;0;0;0;0;0
BAS_ESCOLA;2021;IN_TRATAMENTO_LIXO_INEXISTENTE;31;9;29.032;0;9;1.1364;1;0;7.31999999999999
BAS_ESCOLA;2021;IN_BANHEIRO;31;16;51.613;0;1;0.9333;1;0.14;1
BAS_ESCOLA;2021;IN_BANHEIRO_PNE;31;12;38.71;0;1;0.5263;1;0;1
BAS_ESCOLA;2021;IN_BIBLIOTECA_SALA_LEITURA;31;9;29.032;0;1;0.2727;0;0;1
BAS_ESCOLA;2021;IN_LABORATORIO_CIENCIAS;31;12;38.71;0;1;0.0526;0;0;0.82
BAS_ESCOLA;2021;IN_LABORATORIO_INFORMATICA;31;9;29.032;0;1;0.2273;0;0;1
BAS_ESCOLA;2021;IN_QUADRA_ESPORTES;31;13;41.935;0;1;0.3889;0;0;1
BAS_ESCOLA;2021;QT_SALAS_UTILIZADAS;31;10;32.258;1;25;8.4286;8;1.2;23
BAS_ESCOLA;2021;IN_COMPUTADOR;31;13;41.935;0;1;0.7778;1;0;1
BAS_ESCOLA;2021;IN_EQUIP_MULTIMIDIA;31;9;29.032;0;1;0.5455;1;0;1
BAS_ESCOLA;2021;QT_EQUIP_MULTIMIDIA;31;13;41.935;0;8;1.2222;1;0;7.31999999999999
BAS_ESCOLA;2021;IN_DESKTOP_ALUNO;31;13;41.935;0;1;0.3889;0;0;1
BAS_ESCOLA;2021;QT_DESKTOP_ALUNO;31;12;38.71;0;30.576941923704;6.812;4.41834256867878;0;29.3543611321598
BAS_ESCOLA;2021;IN_COMP_PORTATIL_ALUNO;31;9;29.032;0;1;0.3636;0;0;1
BAS_ESCOLA;2021;QT_COMP_PORTATIL_ALUNO;31;13;41.935;0;4.74440718675032;0.8095;0;0;4.33127982409321
BAS_ESCOLA;2021;IN_TABLET_ALUNO;31;13;41.935;0;1;0.1111;0;0;1
BAS_ESCOLA;2021;QT_TABLET_ALUNO;31;8;25.806;0;1.6212340821512;0.2638;0;0;1.49602052620612
BAS_ESCOLA;2021;IN_INTERNET;31;10;32.258;0;1;0.8571;1;0;1
BAS_ESCOLA;2021;IN_INTERNET_ALUNOS;31;15;48.387;0;1;0.4375;0;0;1
BAS_ESCOLA;2021;IN_ACESSO_INTERNET_COMPUTADOR;31;10;32.258;0;1;0.2381;0;0;1
BAS_ESCOLA;2021;IN_BANDA_LARGA;31;13;41.935;0;1;0.8333;1;0;1
BAS_ESCOLA;2021;QT_PROF_COORDENADOR;31;15;48.387;0;2;0.1875;0;0;1.85
BAS_ESCOLA;2021;QT_PROF_FONAUDIOLOGO;31;7;22.581;0;0;0;0;0;0
BAS_ESCOLA;2021;QT_PROF_NUTRICIONISTA;31;12;38.71;0;1;0.1053;0;0;1
BAS_ESCOLA;2021;QT_PROF_PSICOLOGO;31;14;45.161;0;0;0;0;0;0
BAS_ESCOLA;2021;QT_PROF_PEDAGOGIA;31;10;32.258;0;23;2.1429;1;0;19.4
BAS_ESCOLA;2021;IN_ALIMENTACAO;31;11;35.484;0;1;0.8;1;0;1
BAS_ESCOLA;2021;IN_ORGAO_ASS_PAIS;31;11;35.484;0;1;0.05;0;0;0.809999999999999
BAS_ESCOLA;2021;IN_ORGAO_ASS_PAIS_MESTRES;31;15;48.387;0;1;0.4375;0;0;1
BAS_ESCOLA;2021;IN_ORGAO_CONSELHO_ESCOLAR;31;14;45.161;0;1;0.6471;1;0;1
BAS_ESCOLA;2022;NU_ANO;31;0;0;2022;2022;2022;2022;2022;2022
BAS_ESCOLA;2022;CO_ENTIDADE;31;0;0;;;;;;
BAS_ESCOLA;2022;TP_SITUACAO_FUNCIONAMENTO;31;0;0;1;4;1.8387;1;1;4
BAS_ESCOLA;2022;TP_FALTANTE;31;11;35.484;0;0;0;0;0;0
BAS_ESCOLA;2022;CO_UF;31;0;0;;;;;;
BAS_ESCOLA;2022;CO_MUNICIPIO;31;0;0;;;;;;
BAS_ESCOLA;2022;TP_DEPENDENCIA;31;0;0;1;4;2.8387;3;1.3;4
BAS_ESCOLA;2022;TP_LOCALIZACAO;31;0;0;1;2;1.4516;1;1;2
BAS_ESCOLA;2022;TP_LOCALIZACAO_DIFERENCIADA;31;13;41.935;0;1;0.0556;0;0;0.829999999999998
BAS_ESCOLA;2022;TP_CATEGORIA_ESCOLA_PRIVADA;31;30;96.774;1;1;1;1;1;1
BAS_ESCOLA;2022;IN_LOCAL_FUNC_PREDIO_ESCOLAR;31;17;54.839;1;1;1;1;1;1
BAS_ESCOLA;2022;IN_LOCAL_FUNC_SOCIOEDUCATIVO;31;11;35.484;0;0;0;0;0;0
BAS_ESCOLA;2022;IN_LOCAL_FUNC_UNID_PRISIONAL;31;11;35.484;0;0;0;0;0;0
BAS_ESCOLA;2022;IN_LOCAL_FUNC_PRISIONAL_SOCIO;31;11;35.484;0;0;0;0;0;0
BAS_ESCOLA;2022;IN_LOCAL_FUNC_GALPAO;31;12;38.71;0;0;0;0;0;0
BAS_ESCOLA;2022;IN_LOCAL_FUNC_SALAS_OUTRA_ESC;31;11;35.484;0;0;0;0;0;0
BAS_ESCOLA;2022;IN_LOCAL_FUNC_OUTROS;31;18;58.065;0;0;0;0;0;0
BAS_ESCOLA;2022;IN_PREDIO_COMPARTILHADO;31;9;29.032;0;1;0.0455;0;0;0.789999999999999
BAS_ESCOLA;2022;IN_AGUA_POTAVEL;31;11;35.484;1;1;1;1;1;1
BAS_ESCOLA;2022;IN_AGUA_REDE_PUBLICA;31;12;38.71;0;1;0.7895;1;0;1
BAS_ESCOLA;2022;IN_AGUA_POCO_ARTESIANO;31;8;25.806;0;1;0.0435;0;0;0.780000000000001
BAS_ESCOLA;2022;IN_AGUA_CACIMBA;31;10;32.258;0;0;0;0;0;0
BAS_ESCOLA;2022;IN_AGUA_FONTE_RIO;31;14;45.161;0;0;0;0;0;0
BAS_ESCOLA;2022;IN_AGUA_INEXISTENTE;31;10;32.258;0;0;0;0;0;0
BAS_ESCOLA;2022;IN_ENERGIA_REDE_PUBLICA;31;10;32.258;1;1;1;1;1;1
BAS_ESCOLA;2022;IN_ENERGIA_GERADOR_FOSSIL;31;12;38.71;0;0;0;0;0;0
BAS_ESCOLA;2022;IN_ENERGIA_RENOVAVEL;31;11;35.484;0;1;0.05;0;0;0.809999999999999
BAS_ESCOLA;2022;IN_ENERGIA_INEXISTENTE;31;9;29.032;0;0;0;0;0;0
BAS_ESCOLA;2022;IN_ESGOTO_REDE_PUBLICA;31;5;16.129;0;1;0.4231;0;0;1
BAS_ESCOLA;2022;IN_ESGOTO_FOSSA_SEPTICA;31;11;35.484;0;1;0.2;0;0;1
BAS_ESCOLA;2022;IN_ESGOTO_FOSSA_COMUM;31;13;41.935;0;1;0.0556;0;0;0.829999999999998
BAS_ESCOLA;2022;IN_ESGOTO_FOSSA;31;10;32.258;0;1;0.2857;0;0;1
BAS_ESCOLA;2022;IN_ESGOTO_INEXISTENTE;31;17;54.839;0;0;0;0;0;0
BAS_ESCOLA;2022;IN_LIXO_SERVICO_COLETA;31;12;38.71;0;1;0.7368;1;0;1
BAS_ESCOLA;2022;IN_LIXO_QUEIMA;31;13;41.935;0;1;0.3333;0;0;1
BAS_ESCOLA;2022;IN_LIXO_ENTERRA;31;6;19.355;0;0;0;0;0;0
BAS_ESCOLA;2022;IN_LIXO_DESTINO_FINAL_PUBLICO;31;11;35.484;0;1;0.1;0;0;1
BAS_ESCOLA;2022;IN_LIXO_DESCARTA_OUTRA_AREA;31;16;51.613;0;1;0.1333;0;0;1
BAS_ESCOLA;2022;IN_TRATAMENTO_LIXO_SEPARACAO;31;10;32.258;0;1;0.3333;0;0;1
BAS_ESCOLA;2022;IN_TRATAMENTO_LIXO_REUTILIZA;31;7;22.581;0;0;0;0;0;0
BAS_ESCOLA;2022;IN_TRATAMENTO_LIXO_RECICLAGEM;31;10;32.258;0;1;0.1905;0;0;1
BAS_ESCOLA;2022;IN_TRATAMENTO_LIXO_INEXISTENTE;31;10;32.258;0;9;1.3333;1;0;9
BAS_ESCOLA;2022;IN_BANHEIRO;31;15;48.387;0;1;0.9375;1;0.15;1
BAS_ESCOLA;2022;IN_BANHEIRO_PNE;31;17;54.839;0;1;0.5;0.5;0;1
BAS_ESCOLA;2022;IN_BIBLIOTECA_SALA_LEITURA;31;7;22.581;0;1;0.5833;1;0;1
BAS_ESCOLA;2022;IN_LABORATORIO_CIENCIAS;31;12;38.71;0;1;0.1053;0;0;1
BAS_ESCOLA;2022;IN_LABORATORIO_INFORMATICA;31;10;32.258;0;1;0.381;0;0;1
BAS_ESCOLA;2022;IN_QUADRA_ESPORTES;31;11;35.484;0;1;0.4;0;0;1
BAS_ESCOLA;2022;QT_SALAS_UTILIZADAS;31;15;48.387;1;16;9.375;8.5;1.15;16
BAS_ESCOLA;2022;IN_COMPUTADOR;31;11;35.484;0;1;0.8;1;0;1
BAS_ESCOLA;2022;IN_EQUIP_MULTIMIDIA;31;12;38.71;0;1;0.6316;1;0;1
BAS_ESCOLA;2022;QT_EQUIP_MULTIMIDIA;31;17;54.839;0;18;4.5;1;0;17.35
BAS_ESCOLA;2022;IN_DESKTOP_ALUNO;31;15;48.387;0;1;0.5;0.5;0;1
BAS_ESCOLA;2022;QT_DESKTOP_ALUNO;31;19;61.29;0;32.121043888852;5.7783;0.728607761557215;0;29.7504945076397
BAS_ESCOLA;2022;IN_COMP_PORTATIL_ALUNO;31;13;41.935;0;1;0.3889;0;0;1
BAS_ESCOLA;2022;QT_COMP_PORTATIL_ALUNO;31;16;51.613;0;10.6989332973026;3.2356;2.5466656696517;0;10.3879914824851
BAS_ESCOLA;2022;IN_TABLET_ALUNO;31;15;48.387;0;1;0.1875;0;0;1
BAS_ESCOLA;2022;QT_TABLET_ALUNO;31;11;35.484;0;1.98163792304695;0.3433;0;0;1.86925996197388
BAS_ESCOLA;2022;IN_INTERNET;31;12;38.71;0;1;0.9474;1;0.18;1
BAS_ESCOLA;2022;IN_INTERNET_ALUNOS;31;18;58.065;0;1;0.4615;0;0;1
BAS_ESCOLA;2022;IN_ACESSO_INTERNET_COMPUTADOR;31;13;41.935;0;9;1.1667;0;0;9
BAS_ESCOLA;2022;IN_BANDA_LARGA;31;15;48.387;0;1;0.875;1;0;1
BAS_ESCOLA;2022;QT_PROF_COORDENADOR;31;11;35.484;0;26;1.95;1;0;21.44
BAS_ESCOLA;2022;QT_PROF_FONAUDIOLOGO;31;15;48.387;0;1;0.125;0;0;1
BAS_ESCOLA;2022;QT_PROF_NUTRICIONISTA;31;9;29.032;0;1;0.1818;0;0;1
BAS_ESCOLA;2022;QT_PROF_PSICOLOGO;31;15;48.387;0;1;0.125;0;0;1
BAS_ESCOLA;2022;QT_PROF_PEDAGOGIA;31;12;38.71;0;7;1.7895;2;0;6.28
BAS_ESCOLA;2022;IN_ALIMENTACAO;31;12;38.71;0;1;0.7368;1;0;1
BAS_ESCOLA;2022;IN_ORGAO_ASS_PAIS;31;13;41.935;0;1;0.0556;0;0;0.829999999999998
BAS_ESCOLA;2022;IN_ORGAO_ASS_PAIS_MESTRES;31;9;29.032;0;1;0.1364;0;0;1
BAS_ESCOLA;2022;IN_ORGAO_CONSELHO_ESCOLAR;31;14;45.161;0;1;0.5294;1;0;1
BAS_ESCOLA;2023;NU_ANO;31;0;0;2023;2023;2023;2023;2023;2023
BAS_ESCOLA;2023;CO_ENTIDADE;31;0;0;;;;;;
BAS_ESCOLA;2023;TP_SITUACAO_FUNCIONAMENTO;31;0;0;1;4;2.3548;2;1;4
BAS_ESCOLA;2023;TP_FALTANTE;31;10;32.258;0;0;0;0;0;0
BAS_ESCOLA;2023;CO_UF;31;0;0;;;;;;
BAS_ESCOLA;2023;CO_MUNICIPIO;31;0;0;;;;;;
BAS_ESCOLA;2023;TP_DEPENDENCIA;31;0;0;2;4;3.129;3;2;4
BAS_ESCOLA;2023;TP_LOCALIZACAO;31;0;0;1;2;1.5806;2;1;2
BAS_ESCOLA;2023;TP_LOCALIZACAO_DIFERENCIADA;31;14;45.161;0;3;0.2941;0;0;2.68
BAS_ESCOLA;2023;TP_CATEGORIA_ESCOLA_PRIVADA;31;25;80.645;1;1;1;1;1;1
BAS_ESCOLA;2023;IN_LOCAL_FUNC_PREDIO_ESCOLAR;31;14;45.161;1;1;1;1;1;1
BAS_ESCOLA;2023;IN_LOCAL_FUNC_SOCIOEDUCATIVO;31;13;41.935;0;0;0;0;0;0
BAS_ESCOLA;2023;IN_LOCAL_FUNC_UNID_PRISIONAL;31;15;48.387;0;0;0;0;0;0
BAS_ESCOLA;2023;IN_LOCAL_FUNC_PRISIONAL_SOCIO;31;9;29.032;0;0;0;0;0;0
BAS_ESCOLA;2023;IN_LOCAL_FUNC_GALPAO;31;10;32.258;0;0;0;0;0;0
BAS_ESCOLA;2023;IN_LOCAL_FUNC_SALAS_OUTRA_ESC;31;9;29.032;0;0;0;0;0;0
BAS_ESCOLA;2023;IN_LOCAL_FUNC_OUTROS;31;15;48.387;0;1;0.0625;0;0;0.85
BAS_ESCOLA;2023;IN_PREDIO_COMPARTILHADO;31;14;45.161;0;1;0.1176;0;0;1
BAS_ESCOLA;2023;IN_AGUA_POTAVEL;31;10;32.258;0;1;0.9524;1;0.2;1
BAS_ESCOLA;2023;IN_AGUA_REDE_PUBLICA;31;9;29.032;0;1;0.8636;1;0;1
BAS_ESCOLA;2023;IN_AGUA_POCO_ARTESIANO;31;15;48.387;0;1;0.1875;0;0;1
BAS_ESCOLA;2023;IN_AGUA_CACIMBA;31;14;45.161;0;1;0.0588;0;0;0.84
BAS_ESCOLA;2023;IN_AGUA_FONTE_RIO;31;12;38.71;0;1;0.0526;0;0;0.82
BAS_ESCOLA;2023;IN_AGUA_INEXISTENTE;31;12;38.71;0;0;0;0;0;0
BAS_ESCOLA;2023;IN_ENERGIA_REDE_PUBLICA;31;10;32.258;1;1;1;1;1;1
BAS_ESCOLA;2023;IN_ENERGIA_GERADOR_FOSSIL;31;15;48.387;0;1;0.0625;0;0;0.85
BAS_ESCOLA;2023;IN_ENERGIA_RENOVAVEL;31;14;45.161;0;0;0;0;0;0
BAS_ESCOLA;2023;IN_ENERGIA_INEXISTENTE;31;7;22.581;0;1;0.0417;0;0;0.77
BAS_ESCOLA;2023;IN_ESGOTO_REDE_PUBLICA;31;13;41.935;0;1;0.5556;1;0;1
BAS_ESCOLA;2023;IN_ESGOTO_FOSSA_SEPTICA;31;13;41.935;0;1;0.2222;0;0;1
BAS_ESCOLA;2023;IN_ESGOTO_FOSSA_COMUM;31;12;38.71;0;1;0.1579;0;0;1
BAS_ESCOLA;2023;IN_ESGOTO_FOSSA;31;14;45.161;0;1;0.5294;1;0;1
BAS_ESCOLA;2023;IN_ESGOTO_INEXISTENTE;31;14;45.161;0;0;0;0;0;0
BAS_ESCOLA;2023;IN_LIXO_SERVICO_COLETA;31;13;41.935;0;1;0.8333;1;0;1
BAS_ESCOLA;2023;IN_LIXO_QUEIMA;31;10;32.258;0;1;0.0476;0;0;0.800000000000001
BAS_ESCOLA;2023;IN_LIXO_ENTERRA;31;14;45.161;0;1;0.0588;0;0;0.84
BAS_ESCOLA;2023;IN_LIXO_DESTINO_FINAL_PUBLICO;31;12;38.71;0;0;0;0;0;0
BAS_ESCOLA;2023;IN_LIXO_DESCARTA_OUTRA_AREA;31;12;38.71;0;1;0.0526;0;0;0.82
BAS_ESCOLA;2023;IN_TRATAMENTO_LIXO_SEPARACAO;31;15;48.387;0;1;0.25;0;0;1
BAS_ESCOLA;2023;IN_TRATAMENTO_LIXO_REUTILIZA;31;13;41.935;0;0;0;0;0;0
BAS_ESCOLA;2023;IN_TRATAMENTO_LIXO_RECICLAGEM;31;9;29.032;0;1;0.1364;0;0;1
BAS_ESCOLA;2023;IN_TRATAMENTO_LIXO_INEXISTENTE;31;12;38.71;0;1;0.5263;1;0;1
BAS_ESCOLA;2023;IN_BANHEIRO;31;14;45.161;1;1;1;1;1;1
BAS_ESCOLA;2023;IN_BANHEIRO_PNE;31;12;38.71;0;1;0.4211;0;0;1
BAS_ESCOLA;2023;IN_BIBLIOTECA_SALA_LEITURA;31;13;41.935;0;1;0.3333;0;0;1
BAS_ESCOLA;2023;IN_LABORATORIO_CIENCIAS;31;9;29.032;0;1;0.1818;0;0;1
BAS_ESCOLA;2023;IN_LABORATORIO_INFORMATICA;31;16;51.613;0;1;0.5333;1;0;1
BAS_ESCOLA;2023;IN_QUADRA_ESPORTES;31;13;41.935;0;1;0.6111;1;0;1
BAS_ESCOLA;2023;QT_SALAS_UTILIZADAS;31;15;48.387;1;17;8.6875;9;1;16.7
BAS_ESCOLA;2023;IN_COMPUTADOR;31;12;38.71;0;1;0.8947;1;0;1
BAS_ESCOLA;2023;IN_EQUIP_MULTIMIDIA;31;14;45.161;0;1;0.4706;0;0;1
BAS_ESCOLA;2023;QT_EQUIP_MULTIMIDIA;31;11;35.484;0;10;1.85;1;0;10
BAS_ESCOLA;2023;IN_DESKTOP_ALUNO;31;15;48.387;0;1;0.5625;1;0;1
BAS_ESCOLA;2023;QT_DESKTOP_ALUNO;31;12;38.71;0;24.9353467063047;3.8549;0;0;24.0128028593957
BAS_ESCOLA;2023;IN_COMP_PORTATIL_ALUNO;31;16;51.613;0;1;0.3333;0;0;1
BAS_ESCOLA;2023;QT_COMP_PORTATIL_ALUNO;31;12;38.71;0;17.55811562296;3.0914;0;0;16.9732761031715
BAS_ESCOLA;2023;IN_TABLET_ALUNO;31;11;35.484;0;1;0.15;0;0;1
BAS_ESCOLA;2023;QT_TABLET_ALUNO;31;13;41.935;0;6.49617205141112;1.2337;0;0;6.1071945006377
BAS_ESCOLA;2023;IN_INTERNET;31;13;41.935;0;1;0.8889;1;0;1
BAS_ESCOLA;2023;IN_INTERNET_ALUNOS;31;9;29.032;0;1;0.4545;0;0;1
BAS_ESCOLA;2023;IN_ACESSO_INTERNET_COMPUTADOR;31;15;48.387;0;9;1.3125;0;0;9
BAS_ESCOLA;2023;IN_BANDA_LARGA;31;12;38.71;0;1;0.8947;1;0;1
BAS_ESCOLA;2023;QT_PROF_COORDENADOR;31;11;35.484;0;6;0.95;0;0;5.62
BAS_ESCOLA;2023;QT_PROF_FONAUDIOLOGO;31;10;32.258;0;0;0;0;0;0
BAS_ESCOLA;2023;QT_PROF_NUTRICIONISTA;31;15;48.387;0;1;0.3125;0;0;1
BAS_ESCOLA;2023;QT_PROF_PSICOLOGO;31;10;32.258;0;1;0.1429;0;0;1
BAS_ESCOLA;2023;QT_PROF_PEDAGOGIA;31;10;32.258;0;88888;4234.3333;1;0;71111.6000000001
BAS_ESCOLA;2023;IN_ALIMENTACAO;31;14;45.161;0;1;0.9412;1;0.16;1
BAS_ESCOLA;2023;IN_ORGAO_ASS_PAIS;31;13;41.935;0;0;0;0;0;0
BAS_ESCOLA;2023;IN_ORGAO_ASS_PAIS_MESTRES;31;14;45.161;0;1;0.2941;0;0;1
BAS_ESCOLA;2023;IN_ORGAO_CONSELHO_ESCOLAR;31;12;38.71;0;1;0.8421;1;0;1
BAS_ESCOLA;2024;NU_ANO;31;0;0;2024;2024;2024;2024;2024;2024
BAS_ESCOLA;2024;CO_ENTIDADE;31;0;0;;;;;;
BAS_ESCOLA;2024;TP_SITUACAO_FUNCIONAMENTO;31;0;0;1;4;2.0323;1;1;4
BAS_ESCOLA;2024;TP_FALTANTE;31;10;32.258;0;0;0;0;0;0
BAS_ESCOLA;2024;CO_UF;31;0;0;;;;;;
BAS_ESCOLA;2024;CO_MUNICIPIO;31;0;0;;;;;;
BAS_ESCOLA;2024;TP_DEPENDENCIA;31;0;0;2;4;3.0968;3;2;4
BAS_ESCOLA;2024;TP_LOCALIZACAO;31;0;0;1;2;1.3548;1;1;2
BAS_ESCOLA;2024;TP_LOCALIZACAO_DIFERENCIADA;31;15;48.387;0;0;0;0;0;0
BAS_ESCOLA;2024;TP_CATEGORIA_ESCOLA_PRIVADA;31;30;96.774;4;4;4;4;4;4
BAS_ESCOLA;2024;IN_LOCAL_FUNC_PREDIO_ESCOLAR;31;12;38.71;1;1;1;1;1;1
BAS_ESCOLA;2024;IN_LOCAL_FUNC_SOCIOEDUCATIVO;31;14;45.161;0;0;0;0;0;0
BAS_ESCOLA;2024;IN_LOCAL_FUNC_UNID_PRISIONAL;31;14;45.161;0;0;0;0;0;0
BAS_ESCOLA;2024;IN_LOCAL_FUNC_PRISIONAL_SOCIO;31;8;25.806;0;0;0;0;0;0
BAS_ESCOLA;2024;IN_LOCAL_FUNC_GALPAO;31;10;32.258;0;0;0;0;0;0
BAS_ESCOLA;2024;IN_LOCAL_FUNC_SALAS_OUTRA_ESC;31;10;32.258;0;0;0;0;0;0
BAS_ESCOLA;2024;IN_LOCAL_FUNC_OUTROS;31;11;35.484;0;0;0;0;0;0
BAS_ESCOLA;2024;IN_PREDIO_COMPARTILHADO;31;11;35.484;0;0;0;0;0;0
BAS_ESCOLA;2024;IN_AGUA_POTAVEL;31;14;45.161;1;1;1;1;1;1
BAS_ESCOLA;2024;IN_AGUA_REDE_PUBLICA;31;11;35.484;0;1;0.85;1;0;1
BAS_ESCOLA;2024;IN_AGUA_POCO_ARTESIANO;31;12;38.71;0;1;0.3158;0;0;1
BAS_ESCOLA;2024;IN_AGUA_CACIMBA;31;14;45.161;0;1;0.1176;0;0;1
BAS_ESCOLA;2024;IN_AGUA_FONTE_RIO;31;9;29.032;0;0;0;0;0;0
BAS_ESCOLA;2024;IN_AGUA_INEXISTENTE;31;19;61.29;0;0;0;0;0;0
BAS_ESCOLA;2024;IN_ENERGIA_REDE_PUBLICA;31;15;48.387;1;1;1;1;1;1
BAS_ESCOLA;2024;IN_ENERGIA_GERADOR_FOSSIL;31;12;38.71;0;0;0;0;0;0
BAS_ESCOLA;2024;IN_ENERGIA_RENOVAVEL;31;16;51.613;0;0;0;0;0;0
BAS_ESCOLA;2024;IN_ENERGIA_INEXISTENTE;31;15;48.387;0;0;0;0;0;0
BAS_ESCOLA;2024;IN_ESGOTO_REDE_PUBLICA;31;16;51.613;0;1;0.4667;0;0;1
BAS_ESCOLA;2024;IN_ESGOTO_FOSSA_SEPTICA;31;12;38.71;0;1;0.2632;0;0;1
BAS_ESCOLA;2024;IN_ESGOTO_FOSSA_COMUM;31;11;35.484;0;1;0.25;0;0;1
BAS_ESCOLA;2024;IN_ESGOTO_FOSSA;31;12;38.71;0;1;0.3684;0;0;1
BAS_ESCOLA;2024;IN_ESGOTO_INEXISTENTE;31;15;48.387;0;1;0.1875;0;0;1
BAS_ESCOLA;2024;IN_LIXO_SERVICO_COLETA;31;13;41.935;0;1;0.7778;1;0;1
BAS_ESCOLA;2024;IN_LIXO_QUEIMA;31;15;48.387;0;1;0.25;0;0;1
BAS_ESCOLA;2024;IN_LIXO_ENTERRA;31;10;32.258;0;0;0;0;0;0
BAS_ESCOLA;2024;IN_LIXO_DESTINO_FINAL_PUBLICO;31;18;58.065;0;0;0;0;0;0
BAS_ESCOLA;2024;IN_LIXO_DESCARTA_OUTRA_AREA;31;14;45.161;0;1;0.0588;0;0;0.84
BAS_ESCOLA;2024;IN_TRATAMENTO_LIXO_SEPARACAO;31;15;48.387;0;1;0.25;0;0;1
BAS_ESCOLA;2024;IN_TRATAMENTO_LIXO_REUTILIZA;31;11;35.484;0;0;0;0;0;0
BAS_ESCOLA;2024;IN_TRATAMENTO_LIXO_RECICLAGEM;31;12;38.71;0;1;0.1053;0;0;1
BAS_ESCOLA;2024;IN_TRATAMENTO_LIXO_INEXISTENTE;31;10;32.258;0;1;0.4762;0;0;1
BAS_ESCOLA;2024;IN_BANHEIRO;31;14;45.161;0;1;0.9412;1;0.16;1
BAS_ESCOLA;2024;IN_BANHEIRO_PNE;31;11;35.484;0;1;0.55;1;0;1
BAS_ESCOLA;2024;IN_BIBLIOTECA_SALA_LEITURA;31;16;51.613;0;1;0.7333;1;0;1
BAS_ESCOLA;2024;IN_LABORATORIO_CIENCIAS;31;17;54.839;0;1;0.0714;0;0;0.869999999999999
BAS_ESCOLA;2024;IN_LABORATORIO_INFORMATICA;31;10;32.258;0;1;0.1905;0;0;1
BAS_ESCOLA;2024;IN_QUADRA_ESPORTES;31;12;38.71;0;1;0.2632;0;0;1
BAS_ESCOLA;2024;QT_SALAS_UTILIZADAS;31;15;48.387;1;25;7.0625;5.5;1.15;23.5
BAS_ESCOLA;2024;IN_COMPUTADOR;31;12;38.71;1;1;1;1;1;1
BAS_ESCOLA;2024;IN_EQUIP_MULTIMIDIA;31;14;45.161;0;1;0.4706;0;0;1
BAS_ESCOLA;2024;QT_EQUIP_MULTIMIDIA;31;10;32.258;0;6;1.1429;0;0;5.8
BAS_ESCOLA;2024;IN_DESKTOP_ALUNO;31;14;45.161;0;1;0.5882;1;0;1
BAS_ESCOLA;2024;QT_DESKTOP_ALUNO;31;12;38.71;0;37.8349938518368;9.4496;5.83497651328798;0;36.8920364786405
BAS_ESCOLA;2024;IN_COMP_PORTATIL_ALUNO;31;12;38.71;0;1;0.4737;0;0;1
BAS_ESCOLA;2024;QT_COMP_PORTATIL_ALUNO;31;12;38.71;0;19.6081692352891;3.8457;0;0;18.3541097068228
BAS_ESCOLA;2024;IN_TABLET_ALUNO;31;11;35.484;0;1;0.3;0;0;1
BAS_ESCOLA;2024;QT_TABLET_ALUNO;31;9;29.032;0;19.8657106310129;3.7753;2.04068163991905;0;18.1002801131457
BAS_ESCOLA;2024;IN_INTERNET;31;11;35.484;0;1;0.8;1;0;1
BAS_ESCOLA;2024;IN_INTERNET_ALUNOS;31;11;35.484;0;1;0.4;0;0;1
BAS_ESCOLA;2024;IN_ACESSO_INTERNET_COMPUTADOR;31;10;32.258;0;1;0.4286;0;0;1
BAS_ESCOLA;2024;IN_BANDA_LARGA;31;15;48.387;0;1;0.875;1;0;1
BAS_ESCOLA;2024;QT_PROF_COORDENADOR;31;8;25.806;0;7;0.6522;0;0;5.90000000000001
BAS_ESCOLA;2024;QT_PROF_FONAUDIOLOGO;31;12;38.71;0;1;0.0526;0;0;0.82
BAS_ESCOLA;2024;QT_PROF_NUTRICIONISTA;31;14;45.161;0;3;0.5882;0;0;3
BAS_ESCOLA;2024;QT_PROF_PSICOLOGO;31;11;35.484;0;2;0.2;0;0;1.81
BAS_ESCOLA;2024;QT_PROF_PEDAGOGIA;31;10;32.258;0;4;0.8571;1;0;3.6
BAS_ESCOLA;2024;IN_ALIMENTACAO;31;10;32.258;0;1;0.7143;1;0;1
BAS_ESCOLA;2024;IN_ORGAO_ASS_PAIS;31;10;32.258;0;0;0;0;0;0
BAS_ESCOLA;2024;IN_ORGAO_ASS_PAIS_MESTRES;31;11;35.484;0;1;0.3;0;0;1
BAS_ESCOLA;2024;IN_ORGAO_CONSELHO_ESCOLAR;31;13;41.935;0;1;0.6667;1;0;1
BAS_TURMA;2017;NU_ANO;217;0;0;2017;2017;2017;2017;2017;2017
BAS_TURMA;2017;ID_TURMA;217;0;0;;;;;;
BAS_TURMA;2017;TP_MEDIACAO_DIDATICO_PEDAGO;217;0;0;1;1;1;1;1;1
BAS_TURMA;2017;NU_DIAS_ATIVIDADE;217;1;0.461;1;6;4.7361;5;1;6
BAS_TURMA;2017;TP_ETAPA_ENSINO;217;22;10.138;1;71;21.5487;18;1;71
BAS_TURMA;2017;IN_REGULAR;217;23;10.599;0;1;0.9175;1;0;1
BAS_TURMA;2017;IN_EJA;217;31;14.286;0;1;0.0914;0;0;1
BAS_TURMA;2017;IN_PROFISSIONALIZANTE;217;25;11.521;0;1;0.026;0;0;1
BAS_TURMA;2017;QT_MATRICULAS;217;0;0;0.0504341698251665;46.8205492668785;21.1953;21.7418261392741;0.995761395245791;44.4670270006172
BAS_TURMA;2017;TX_HR_INICIAL;217;0;0;6;20;10.3041;8;7;19
BAS_TURMA;2017;CO_ENTIDADE;217;0;0;;;;;;
BAS_TURMA;2018;NU_ANO;217;0;0;2018;2018;2018;2018;2018;2018
BAS_TURMA;2018;ID_TURMA;217;0;0;;;;;;
BAS_TURMA;2018;TP_MEDIACAO_DIDATICO_PEDAGO;217;0;0;1;2;1.0046;1;1;1
BAS_TURMA;2018;NU_DIAS_ATIVIDADE;217;2;0.922;1;6;4.7488;5;1;6
BAS_TURMA;2018;TP_ETAPA_ENSINO;217;26;11.982;1;73;18.5707;17;1;71
BAS_TURMA;2018;IN_REGULAR;217;18;8.295;0;1;0.9095;1;0;1
BAS_TURMA;2018;IN_EJA;217;19;8.756;0;1;0.0556;0;0;1
BAS_TURMA;2018;IN_PROFISSIONALIZANTE;217;20;9.217;0;1;0.0203;0;0;1
BAS_TURMA;2018;QT_MATRICULAS;217;0;0;0.924080980475992;45.4223190648481;21.9428;21.529410757008;1.08707027304918;44.3288643966429
BAS_TURMA;2018;TX_HR_INICIAL;217;0;0;6;19;10.7419;12;7;19
BAS_TURMA;2018;CO_ENTIDADE;217;0;0;;;;;;
BAS_TURMA;2019;NU_ANO;217;0;0;2019;2019;2019;2019;2019;2019
BAS_TURMA;2019;ID_TURMA;217;0;0;;;;;;
BAS_TURMA;2019;TP_MEDIACAO_DIDATICO_PEDAGO;217;0;0;1;3;1.0184;1;1;1
BAS_TURMA;2019;NU_DIAS_ATIVIDADE;217;0;0;1;6;4.7189;5;1;5
BAS_TURMA;2019;TP_ETAPA_ENSINO;217;36;16.59;1;72;20.4309;18;1;71
BAS_TURMA;2019;IN_REGULAR;217;25;11.521;0;1;0.9427;1;0;1
BAS_TURMA;2019;IN_EJA;217;25;11.521;0;1;0.1042;0;0;1
BAS_TURMA;2019;IN_PROFISSIONALIZANTE;217;19;8.756;0;1;0.0253;0;0;1
BAS_TURMA;2019;QT_MATRICULAS;217;0;0;0.424525998532772;46.7686638287269;20.4545;19.9212560688611;0.844906389154494;46.1349482703023
BAS_TURMA;2019;TX_HR_INICIAL;217;0;0;6;19;10.3594;8;7;19
BAS_TURMA;2019;CO_ENTIDADE;217;0;0;;;;;;
BAS_TURMA;2020;NU_ANO;217;0;0;2020;2020;2020;2020;2020;2020
BAS_TURMA;2020;ID_TURMA;217;0;0;;;;;;
BAS_TURMA;2020;TP_MEDIACAO_DIDATICO_PEDAGO;217;0;0;1;1;1;1;1;1
BAS_TURMA;2020;NU_DIAS_ATIVIDADE;217;0;0;1;6;4.8525;5;1;6
BAS_TURMA;2020;TP_ETAPA_ENSINO;217;24;11.06;1;71;17.4249;17;1;70.08
BAS_TURMA;2020;IN_REGULAR;217;12;5.53;0;1;0.9122;1;0;1
BAS_TURMA;2020;IN_EJA;217;24;11.06;0;1;0.0725;0;0;1
BAS_TURMA;2020;IN_PROFISSIONALIZANTE;217;21;9.677;0;1;0.051;0;0;1
BAS_TURMA;2020;QT_MATRICULAS;217;0;0;0.386855346150696;46.7085127793253;20.9147;21.1310295338044;0.691316965036095;44.6217274642549
BAS_TURMA;2020;TX_HR_INICIAL;217;0;0;6;19;10.4977;12;7;19
BAS_TURMA;2020;CO_ENTIDADE;217;0;0;;;;;;
BAS_TURMA;2021;NU_ANO;217;0;0;2021;2021;2021;2021;2021;2021
BAS_TURMA;2021;ID_TURMA;217;0;0;;;;;;
BAS_TURMA;2021;TP_MEDIACAO_DIDATICO_PEDAGO;217;0;0;1;1;1;1;1;1
BAS_TURMA;2021;NU_DIAS_ATIVIDADE;217;1;0.461;1;6;4.8333;5;1;6
BAS_TURMA;2021;TP_ETAPA_ENSINO;217;20;9.217;1;74;19.8579;18;1;71.04
BAS_TURMA;2021;IN_REGULAR;217;21;9.677;0;1;0.9133;1;0;1
BAS_TURMA;2021;IN_EJA;217;20;9.217;0;1;0.0812;0;0;1
BAS_TURMA;2021;IN_PROFISSIONALIZANTE;217;16;7.373;0;1;0.0398;0;0;1
BAS_TURMA;2021;QT_MATRICULAS;217;0;0;0.368035552091897;46.4683497981168;19.689;19.1277982442407;1.38109876736998;42.9955051002093
BAS_TURMA;2021;TX_HR_INICIAL;217;1;0.461;6;19;10.5602;12;6;19
BAS_TURMA;2021;CO_ENTIDADE;217;0;0;;;;;;
BAS_TURMA;2022;NU_ANO;217;0;0;2022;2022;2022;2022;2022;2022
BAS_TURMA;2022;ID_TURMA;217;0;0;;;;;;
BAS_TURMA;2022;TP_MEDIACAO_DIDATICO_PEDAGO;217;0;0;1;3;1.0184;1;1;1
BAS_TURMA;2022;NU_DIAS_ATIVIDADE;217;0;0;1;6;4.7465;5;1;6
BAS_TURMA;2022;TP_ETAPA_ENSINO;217;29;13.364;1;71;18.6117;17;1;71
BAS_TURMA;2022;IN_REGULAR;217;38;17.512;0;1;0.9441;1;0;1
BAS_TURMA;2022;IN_EJA;217;26;11.982;0;1;0.0471;0;0;1
BAS_TURMA;2022;IN_PROFISSIONALIZANTE;217;22;10.138;0;1;0.0308;0;0;1
BAS_TURMA;2022;QT_MATRICULAS;217;0;0;0.00824582297354937;45.8029232751578;20.507;20.5600321176462;1.28510604109615;45.0154836565256
BAS_TURMA;2022;TX_HR_INICIAL;217;1;0.461;6;19;10.287;9;7;19
BAS_TURMA;2022;CO_ENTIDADE;217;0;0;;;;;;
BAS_TURMA;2023;NU_ANO;217;0;0;2023;2023;2023;2023;2023;2023
BAS_TURMA;2023;ID_TURMA;217;0;0;;;;;;
BAS_TURMA;2023;TP_MEDIACAO_DIDATICO_PEDAGO;217;0;0;1;3;1.0369;1;1;3
BAS_TURMA;2023;NU_DIAS_ATIVIDADE;217;2;0.922;1;6;4.6419;5;1;6
BAS_TURMA;2023;TP_ETAPA_ENSINO;217;38;17.512;1;71;18.5196;17;1;71
BAS_TURMA;2023;IN_REGULAR;217;26;11.982;0;1;0.8848;1;0;1
BAS_TURMA;2023;IN_EJA;217;34;15.668;0;1;0.0328;0;0;1
BAS_TURMA;2023;IN_PROFISSIONALIZANTE;217;28;12.903;0;1;0.0423;0;0;1
BAS_TURMA;2023;QT_MATRICULAS;217;0;0;0.0763643346726894;45.7685132152401;19.3901;19.7601841145661;0.141061084158719;44.8743559486233
BAS_TURMA;2023;TX_HR_INICIAL;217;2;0.922;6;19;9.9535;7;6;19
BAS_TURMA;2023;CO_ENTIDADE;217;0;0;;;;;;
BAS_TURMA;2024;NU_ANO;217;0;0;2024;2024;2024;2024;2024;2024
BAS_TURMA;2024;ID_TURMA;217;0;0;;;;;;
BAS_TURMA;2024;TP_MEDIACAO_DIDATICO_PEDAGO;217;0;0;1;3;1.023;1;1;1.84
BAS_TURMA;2024;NU_DIAS_ATIVIDADE;217;1;0.461;1;6;4.4722;5;1;5
BAS_TURMA;2024;TP_ETAPA_ENSINO;217;47;21.659;1;74;18.5765;17;1;70.62
BAS_TURMA;2024;IN_REGULAR;217;29;13.364;0;1;0.9096;1;0;1
BAS_TURMA;2024;IN_EJA;217;30;13.825;0;1;0.0321;0;0;1
BAS_TURMA;2024;IN_PROFISSIONALIZANTE;217;31;14.286;0;1;0.0591;0;0;1
BAS_TURMA;2024;QT_MATRICULAS;217;0;0;0.476517179049552;45.9365015537478;19.5229;20.0060710083926;1.20433138916269;44.3480421327055
BAS_TURMA;2024;TX_HR_INICIAL;217;4;1.843;6;20;10.1831;8;7;19
BAS_TURMA;2024;CO_ENTIDADE;217;0;0;;;;;;
BAS_MATRICULA;2017;NU_ANO;1000;0;0;2017;2017;2017;2017;2017;2017
BAS_MATRICULA;2017;CO_PESSOA_FISICA;1000;0;0;;;;;;
BAS_MATRICULA;2017;ID_MATRICULA;1000;0;0;;;;;;
BAS_MATRICULA;2017;NU_IDADE_REFERENCIA;1000;0;0;4;65;11.743;11;4;40
BAS_MATRICULA;2017;TP_SEXO;1000;0;0;1;2;1.507;2;1;2
BAS_MATRICULA;2017;TP_COR_RACA;1000;0;0;0;5;1.467;1;0;4
BAS_MATRICULA;2017;TP_NACIONALIDADE;1000;0;0;1;3;1.007;1;1;1
BAS_MATRICULA;2017;CO_UF_NASC;1000;1000;100;;;;;;
BAS_MATRICULA;2017;CO_MUNICIPIO_NASC;1000;2;0.2;;;;;;
BAS_MATRICULA;2017;CO_PAIS_RESIDENCIA;1000;0;0;;;;;;
BAS_MATRICULA;2017;CO_UF_END;1000;348;34.8;;;;;;
BAS_MATRICULA;2017;CO_MUNICIPIO_END;1000;338;33.8;;;;;;
BAS_MATRICULA;2017;TP_ZONA_RESIDENCIAL;1000;0;0;1;2;1.178;1;1;2
BAS_MATRICULA;2017;IN_NECESSIDADE_ESPECIAL;1000;0;0;0;1;0.036;0;0;1
BAS_MATRICULA;2017;IN_TRANSPORTE_PUBLICO;1000;4;0.4;0;1;0.1747;0;0;1
BAS_MATRICULA;2017;IN_TRANSP_BICICLETA;1000;836;83.6;0;0;0;0;0;0
BAS_MATRICULA;2017;IN_TRANSP_MICRO_ONIBUS;1000;820;82;0;1;0.1278;0;0;1
BAS_MATRICULA;2017;IN_TRANSP_ONIBUS;1000;826;82.6;0;1;0.6954;1;0;1
BAS_MATRICULA;2017;IN_TRANSP_TR_ANIMAL;1000;827;82.7;0;0;0;0;0;0
BAS_MATRICULA;2017;IN_TRANSP_VANS_KOMBI;1000;837;83.7;0;1;0.0675;0;0;1
BAS_MATRICULA;2017;IN_TRANSP_OUTRO_VEICULO;1000;844;84.4;0;1;0.0192;0;0;1
BAS_MATRICULA;2017;IN_TRANSP_EMBAR_ATE5;1000;825;82.5;0;0;0;0;0;0
BAS_MATRICULA;2017;IN_TRANSP_EMBAR_5A15;1000;820;82;0;1;0.0056;0;0;0
BAS_MATRICULA;2017;IN_TRANSP_EMBAR_15A35;1000;837;83.7;0;1;0.0307;0;0;1
BAS_MATRICULA;2017;IN_TRANSP_EMBAR_35;1000;831;83.1;0;0;0;0;0;0
BAS_MATRICULA;2017;IN_ESPECIAL_EXCLUSIVA;1000;82;8.2;0;1;0.0044;0;0;0
BAS_MATRICULA;2017;IN_REGULAR;1000;67;6.7;0;1;0.8896;1;0;1
BAS_MATRICULA;2017;IN_EJA;1000;64;6.4;0;1;0.0652;0;0;1
BAS_MATRICULA;2017;IN_PROFISSIONALIZANTE;1000;62;6.2;0;1;0.0394;0;0;1
BAS_MATRICULA;2017;ID_TURMA;1000;0;0;;;;;;
BAS_MATRICULA;2017;CO_ENTIDADE;1000;0;0;;;;;;
BAS_MATRICULA;2018;NU_ANO;1000;0;0;2018;2018;2018;2018;2018;2018
BAS_MATRICULA;2018;CO_PESSOA_FISICA;1000;0;0;;;;;;
BAS_MATRICULA;2018;ID_MATRICULA;1000;0;0;;;;;;
BAS_MATRICULA;2018;NU_IDADE_REFERENCIA;1000;0;0;4;67;12.251;12;4;39
BAS_MATRICULA;2018;TP_SEXO;1000;0;0;1;2;1.491;1;1;2
BAS_MATRICULA;2018;TP_COR_RACA;1000;0;0;0;5;1.465;1;0;4
BAS_MATRICULA;2018;TP_NACIONALIDADE;1000;0;0;1;3;1.006;1;1;1
BAS_MATRICULA;2018;CO_UF_NASC;1000;1000;100;;;;;;
BAS_MATRICULA;2018;CO_MUNICIPIO_NASC;1000;3;0.3;;;;;;
BAS_MATRICULA;2018;CO_PAIS_RESIDENCIA;1000;0;0;;;;;;
BAS_MATRICULA;2018;CO_UF_END;1000;349;34.9;;;;;;
BAS_MATRICULA;2018;CO_MUNICIPIO_END;1000;339;33.9;;;;;;
BAS_MATRICULA;2018;TP_ZONA_RESIDENCIAL;1000;0;0;1;2;1.183;1;1;2
BAS_MATRICULA;2018;IN_NECESSIDADE_ESPECIAL;1000;0;0;0;1;0.04;0;0;1
BAS_MATRICULA;2018;IN_TRANSPORTE_PUBLICO;1000;9;0.9;0;1;0.1816;0;0;1
BAS_MATRICULA;2018;IN_TRANSP_BICICLETA;1000;851;85.1;0;0;0;0;0;0
BAS_MATRICULA;2018;IN_TRANSP_MICRO_ONIBUS;1000;831;83.1;0;1;0.1716;0;0;1
BAS_MATRICULA;2018;IN_TRANSP_ONIBUS;1000;823;82.3;0;1;0.6836;1;0;1
BAS_MATRICULA;2018;IN_TRANSP_TR_ANIMAL;1000;815;81.5;0;0;0;0;0;0
BAS_MATRICULA;2018;IN_TRANSP_VANS_KOMBI;1000;824;82.4;0;1;0.125;0;0;1
BAS_MATRICULA;2018;IN_TRANSP_OUTRO_VEICULO;1000;828;82.8;0;1;0.0407;0;0;1
BAS_MATRICULA;2018;IN_TRANSP_EMBAR_ATE5;1000;812;81.2;0;0;0;0;0;0
BAS_MATRICULA;2018;IN_TRANSP_EMBAR_5A15;1000;843;84.3;0;1;0.0064;0;0;0
BAS_MATRICULA;2018;IN_TRANSP_EMBAR_15A35;1000;828;82.8;0;1;0.0174;0;0;1
BAS_MATRICULA;2018;IN_TRANSP_EMBAR_35;1000;826;82.6;0;0;0;0;0;0
BAS_MATRICULA;2018;IN_ESPECIAL_EXCLUSIVA;1000;53;5.3;0;1;0.0021;0;0;0
BAS_MATRICULA;2018;IN_REGULAR;1000;66;6.6;0;1;0.9133;1;0;1
BAS_MATRICULA;2018;IN_EJA;1000;72;7.2;0;1;0.0776;0;0;1
BAS_MATRICULA;2018;IN_PROFISSIONALIZANTE;1000;62;6.2;0;1;0.0448;0;0;1
BAS_MATRICULA;2018;ID_TURMA;1000;0;0;;;;;;
BAS_MATRICULA;2018;CO_ENTIDADE;1000;0;0;;;;;;
BAS_MATRICULA;2019;NU_ANO;1000;0;0;2019;2019;2019;2019;2019;2019
BAS_MATRICULA;2019;CO_PESSOA_FISICA;1000;0;0;;;;;;
BAS_MATRICULA;2019;ID_MATRICULA;1000;0;0;;;;;;
BAS_MATRICULA;2019;NU_IDADE_REFERENCIA;1000;0;0;4;53;12.626;12;4;35.02
BAS_MATRICULA;2019;TP_SEXO;1000;0;0;1;2;1.492;1;1;2
BAS_MATRICULA;2019;TP_COR_RACA;1000;0;0;0;5;1.46;1;0;4
BAS_MATRICULA;2019;TP_NACIONALIDADE;1000;0;0;1;3;1.006;1;1;1
BAS_MATRICULA;2019;CO_UF_NASC;1000;1000;100;;;;;;
BAS_MATRICULA;2019;CO_MUNICIPIO_NASC;1000;4;0.4;;;;;;
BAS_MATRICULA;2019;CO_PAIS_RESIDENCIA;1000;0;0;;;;;;
BAS_MATRICULA;2019;CO_UF_END;1000;338;33.8;;;;;;
BAS_MATRICULA;2019;CO_MUNICIPIO_END;1000;345;34.5;;;;;;
BAS_MATRICULA;2019;TP_ZONA_RESIDENCIAL;1000;0;0;1;2;1.17;1;1;2
BAS_MATRICULA;2019;IN_NECESSIDADE_ESPECIAL;1000;0;0;0;1;0.048;0;0;1
BAS_MATRICULA;2019;IN_TRANSPORTE_PUBLICO;1000;6;0.6;0;1;0.1811;0;0;1
BAS_MATRICULA;2019;IN_TRANSP_BICICLETA;1000;817;81.7;0;1;0.0055;0;0;0
BAS_MATRICULA;2019;IN_TRANSP_MICRO_ONIBUS;1000;831;83.1;0;1;0.1893;0;0;1
BAS_MATRICULA;2019;IN_TRANSP_ONIBUS;1000;828;82.8;0;1;0.7209;1;0;1
BAS_MATRICULA;2019;IN_TRANSP_TR_ANIMAL;1000;837;83.7;0;0;0;0;0;0
BAS_MATRICULA;2019;IN_TRANSP_VANS_KOMBI;1000;809;80.9;0;1;0.0995;0;0;1
BAS_MATRICULA;2019;IN_TRANSP_OUTRO_VEICULO;1000;807;80.7;0;1;0.0155;0;0;1
BAS_MATRICULA;2019;IN_TRANSP_EMBAR_ATE5;1000;833;83.3;0;0;0;0;0;0
BAS_MATRICULA;2019;IN_TRANSP_EMBAR_5A15;1000;840;84;0;1;0.0187;0;0;1
BAS_MATRICULA;2019;IN_TRANSP_EMBAR_15A35;1000;844;84.4;0;1;0.0128;0;0;0.449999999999989
BAS_MATRICULA;2019;IN_TRANSP_EMBAR_35;1000;841;84.1;0;0;0;0;0;0
BAS_MATRICULA;2019;IN_ESPECIAL_EXCLUSIVA;1000;65;6.5;0;1;0.0053;0;0;0
BAS_MATRICULA;2019;IN_REGULAR;1000;55;5.5;0;1;0.8974;1;0;1
BAS_MATRICULA;2019;IN_EJA;1000;72;7.2;0;1;0.0819;0;0;1
BAS_MATRICULA;2019;IN_PROFISSIONALIZANTE;1000;78;7.8;0;1;0.039;0;0;1
BAS_MATRICULA;2019;ID_TURMA;1000;0;0;;;;;;
BAS_MATRICULA;2019;CO_ENTIDADE;1000;0;0;;;;;;
BAS_MATRICULA;2020;NU_ANO;1000;0;0;2020;2020;2020;2020;2020;2020
BAS_MATRICULA;2020;CO_PESSOA_FISICA;1000;0;0;;;;;;
BAS_MATRICULA;2020;ID_MATRICULA;1000;0;0;;;;;;
BAS_MATRICULA;2020;NU_IDADE_REFERENCIA;1000;0;0;4;80;13.199;13;4;36.02
BAS_MATRICULA;2020;TP_SEXO;1000;0;0;1;2;1.494;1;1;2
BAS_MATRICULA;2020;TP_COR_RACA;1000;0;0;0;5;1.467;1;0;4
BAS_MATRICULA;2020;TP_NACIONALIDADE;1000;0;0;1;3;1.008;1;1;1
BAS_MATRICULA;2020;CO_UF_NASC;1000;1000;100;;;;;;
BAS_MATRICULA;2020;CO_MUNICIPIO_NASC;1000;4;0.4;;;;;;
BAS_MATRICULA;2020;CO_PAIS_RESIDENCIA;1000;0;0;;;;;;
BAS_MATRICULA;2020;CO_UF_END;1000;350;35;;;;;;
BAS_MATRICULA;2020;CO_MUNICIPIO_END;1000;328;32.8;;;;;;
BAS_MATRICULA;2020;TP_ZONA_RESIDENCIAL;1000;0;0;1;2;1.163;1;1;2
BAS_MATRICULA;2020;IN_NECESSIDADE_ESPECIAL;1000;0;0;0;1;0.036;0;0;1
BAS_MATRICULA;2020;IN_TRANSPORTE_PUBLICO;1000;9;0.9;0;1;0.1937;0;0;1
BAS_MATRICULA;2020;IN_TRANSP_BICICLETA;1000;828;82.8;0;0;0;0;0;0
BAS_MATRICULA;2020;IN_TRANSP_MICRO_ONIBUS;1000;839;83.9;0;1;0.1615;0;0;1
BAS_MATRICULA;2020;IN_TRANSP_ONIBUS;1000;818;81.8;0;1;0.7637;1;0;1
BAS_MATRICULA;2020;IN_TRANSP_TR_ANIMAL;1000;839;83.9;0;0;0;0;0;0
BAS_MATRICULA;2020;IN_TRANSP_VANS_KOMBI;1000;820;82;0;1;0.0722;0;0;1
BAS_MATRICULA;2020;IN_TRANSP_OUTRO_VEICULO;1000;835;83.5;0;1;0.0242;0;0;1
BAS_MATRICULA;2020;IN_TRANSP_EMBAR_ATE5;1000;813;81.3;0;1;0.0053;0;0;0
BAS_MATRICULA;2020;IN_TRANSP_EMBAR_5A15;1000;840;84;0;1;0.025;0;0;1
BAS_MATRICULA;2020;IN_TRANSP_EMBAR_15A35;1000;834;83.4;0;1;0.012;0;0;0.349999999999994
BAS_MATRICULA;2020;IN_TRANSP_EMBAR_35;1000;823;82.3;0;0;0;0;0;0
BAS_MATRICULA;2020;IN_ESPECIAL_EXCLUSIVA;1000;42;4.2;0;1;0.0031;0;0;0
BAS_MATRICULA;2020;IN_REGULAR;1000;40;4;0;1;0.9167;1;0;1
BAS_MATRICULA;2020;IN_EJA;1000;42;4.2;0;1;0.0626;0;0;1
BAS_MATRICULA;2020;IN_PROFISSIONALIZANTE;1000;31;3.1;0;1;0.0413;0;0;1
BAS_MATRICULA;2020;ID_TURMA;1000;0;0;;;;;;
BAS_MATRICULA;2020;CO_ENTIDADE;1000;0;0;;;;;;
BAS_MATRICULA;2021;NU_ANO;1000;0;0;2021;2021;2021;2021;2021;2021
BAS_MATRICULA;2021;CO_PESSOA_FISICA;1000;0;0;;;;;;
BAS_MATRICULA;2021;ID_MATRICULA;1000;0;0;;;;;;
BAS_MATRICULA;2021;NU_IDADE_REFERENCIA;1000;0;0;4;59;13.672;13;4;34
BAS_MATRICULA;2021;TP_SEXO;1000;0;0;1;2;1.489;1;1;2
BAS_MATRICULA;2021;TP_COR_RACA;1000;0;0;0;5;1.463;1;0;3.00999999999999
BAS_MATRICULA;2021;TP_NACIONALIDADE;1000;0;0;1;3;1.004;1;1;1
BAS_MATRICULA;2021;CO_UF_NASC;1000;1000;100;;;;;;
BAS_MATRICULA;2021;CO_MUNICIPIO_NASC;1000;6;0.6;;;;;;
BAS_MATRICULA;2021;CO_PAIS_RESIDENCIA;1000;0;0;;;;;;
BAS_MATRICULA;2021;CO_UF_END;1000;341;34.1;;;;;;
BAS_MATRICULA;2021;CO_MUNICIPIO_END;1000;366;36.6;;;;;;
BAS_MATRICULA;2021;TP_ZONA_RESIDENCIAL;1000;0;0;1;2;1.172;1;1;2
BAS_MATRICULA;2021;IN_NECESSIDADE_ESPECIAL;1000;0;0;0;1;0.039;0;0;1
BAS_MATRICULA;2021;IN_TRANSPORTE_PUBLICO;1000;10;1;0;1;0.1677;0;0;1
BAS_MATRICULA;2021;IN_TRANSP_BICICLETA;1000;821;82.1;0;0;0;0;0;0
BAS_MATRICULA;2021;IN_TRANSP_MICRO_ONIBUS;1000;819;81.9;0;1;0.1934;0;0;1
BAS_MATRICULA;2021;IN_TRANSP_ONIBUS;1000;814;81.4;0;1;0.7151;1;0;1
BAS_MATRICULA;2021;IN_TRANSP_TR_ANIMAL;1000;817;81.7;0;0;0;0;0;0
BAS_MATRICULA;2021;IN_TRANSP_VANS_KOMBI;1000;836;83.6;0;1;0.1037;0;0;1
BAS_MATRICULA;2021;IN_TRANSP_OUTRO_VEICULO;1000;843;84.3;0;1;0.051;0;0;1
BAS_MATRICULA;2021;IN_TRANSP_EMBAR_ATE5;1000;818;81.8;0;0;0;0;0;0
BAS_MATRICULA;2021;IN_TRANSP_EMBAR_5A15;1000;819;81.9;0;1;0.0166;0;0;1
BAS_MATRICULA;2021;IN_TRANSP_EMBAR_15A35;1000;829;82.9;0;1;0.0292;0;0;1
BAS_MATRICULA;2021;IN_TRANSP_EMBAR_35;1000;823;82.3;0;1;0.0113;0;0;0.240000000000009
BAS_MATRICULA;2021;IN_ESPECIAL_EXCLUSIVA;1000;38;3.8;0;1;0.0021;0;0;0
BAS_MATRICULA;2021;IN_REGULAR;1000;38;3.8;0;1;0.9044;1;0;1
BAS_MATRICULA;2021;IN_EJA;1000;50;5;0;1;0.0568;0;0;1
BAS_MATRICULA;2021;IN_PROFISSIONALIZANTE;1000;42;4.2;0;1;0.0407;0;0;1
BAS_MATRICULA;2021;ID_TURMA;1000;0;0;;;;;;
BAS_MATRICULA;2021;CO_ENTIDADE;1000;0;0;;;;;;
BAS_MATRICULA;2022;NU_ANO;1000;0;0;2022;2022;2022;2022;2022;2022
BAS_MATRICULA;2022;CO_PESSOA_FISICA;1000;0;0;;;;;;
BAS_MATRICULA;2022;ID_MATRICULA;1000;0;0;;;;;;
BAS_MATRICULA;2022;NU_IDADE_REFERENCIA;1000;0;0;4;48;14.139;14;4;35
BAS_MATRICULA;2022;TP_SEXO;1000;0;0;1;2;1.488;1;1;2
BAS_MATRICULA;2022;TP_COR_RACA;1000;0;0;0;5;1.462;1;0;3.00999999999999
BAS_MATRICULA;2022;TP_NACIONALIDADE;1000;0;0;1;3;1.004;1;1;1
BAS_MATRICULA;2022;CO_UF_NASC;1000;1000;100;;;;;;
BAS_MATRICULA;2022;CO_MUNICIPIO_NASC;1000;7;0.7;;;;;;
BAS_MATRICULA;2022;CO_PAIS_RESIDENCIA;1000;0;0;;;;;;
BAS_MATRICULA;2022;CO_UF_END;1000;339;33.9;;;;;;
BAS_MATRICULA;2022;CO_MUNICIPIO_END;1000;342;34.2;;;;;;
BAS_MATRICULA;2022;TP_ZONA_RESIDENCIAL;1000;0;0;1;2;1.158;1;1;2
BAS_MATRICULA;2022;IN_NECESSIDADE_ESPECIAL;1000;0;0;0;1;0.05;0;0;1
BAS_MATRICULA;2022;IN_TRANSPORTE_PUBLICO;1000;18;1.8;0;1;0.164;0;0;1
BAS_MATRICULA;2022;IN_TRANSP_BICICLETA;1000;842;84.2;0;0;0;0;0;0
BAS_MATRICULA;2022;IN_TRANSP_MICRO_ONIBUS;1000;814;81.4;0;1;0.1667;0;0;1
BAS_MATRICULA;2022;IN_TRANSP_ONIBUS;1000;834;83.4;0;1;0.6446;1;0;1
BAS_MATRICULA;2022;IN_TRANSP_TR_ANIMAL;1000;815;81.5;0;0;0;0;0;0
BAS_MATRICULA;2022;IN_TRANSP_VANS_KOMBI;1000;808;80.8;0;1;0.0781;0;0;1
BAS_MATRICULA;2022;IN_TRANSP_OUTRO_VEICULO;1000;842;84.2;0;1;0.038;0;0;1
BAS_MATRICULA;2022;IN_TRANSP_EMBAR_ATE5;1000;828;82.8;0;0;0;0;0;0
BAS_MATRICULA;2022;IN_TRANSP_EMBAR_5A15;1000;844;84.4;0;1;0.0128;0;0;0.449999999999989
BAS_MATRICULA;2022;IN_TRANSP_EMBAR_15A35;1000;842;84.2;0;1;0.0063;0;0;0
BAS_MATRICULA;2022;IN_TRANSP_EMBAR_35;1000;811;81.1;0;0;0;0;0;0
BAS_MATRICULA;2022;IN_ESPECIAL_EXCLUSIVA;1000;54;5.4;0;1;0.0011;0;0;0
BAS_MATRICULA;2022;IN_REGULAR;1000;64;6.4;0;1;0.8996;1;0;1
BAS_MATRICULA;2022;IN_EJA;1000;63;6.3;0;1;0.064;0;0;1
BAS_MATRICULA;2022;IN_PROFISSIONALIZANTE;1000;64;6.4;0;1;0.0342;0;0;1
BAS_MATRICULA;2022;ID_TURMA;1000;0;0;;;;;;
BAS_MATRICULA;2022;CO_ENTIDADE;1000;0;0;;;;;;
BAS_MATRICULA;2023;NU_ANO;1000;0;0;2023;2023;2023;2023;2023;2023
BAS_MATRICULA;2023;CO_PESSOA_FISICA;1000;0;0;;;;;;
BAS_MATRICULA;2023;ID_MATRICULA;1000;0;0;;;;;;
BAS_MATRICULA;2023;NU_IDADE_REFERENCIA;1000;0;0;4;57;14.831;14;4;36.01
BAS_MATRICULA;2023;TP_SEXO;1000;0;0;1;2;1.487;1;1;2
BAS_MATRICULA;2023;TP_COR_RACA;1000;0;0;0;5;1.491;1;0;4
BAS_MATRICULA;2023;TP_NACIONALIDADE;1000;0;0;1;3;1.004;1;1;1
BAS_MATRICULA;2023;CO_UF_NASC;1000;1000;100;;;;;;
BAS_MATRICULA;2023;CO_MUNICIPIO_NASC;1000;1;0.1;;;;;;
BAS_MATRICULA;2023;CO_PAIS_RESIDENCIA;1000;0;0;;;;;;
BAS_MATRICULA;2023;CO_UF_END;1000;335;33.5;;;;;;
BAS_MATRICULA;2023;CO_MUNICIPIO_END;1000;343;34.3;;;;;;
BAS_MATRICULA;2023;TP_ZONA_RESIDENCIAL;1000;1;0.1;1;2;1.1481;1;1;2
BAS_MATRICULA;2023;IN_NECESSIDADE_ESPECIAL;1000;0;0;0;1;0.056;0;0;1
BAS_MATRICULA;2023;IN_TRANSPORTE_PUBLICO;1000;26;2.6;0;1;0.1899;0;0;1
BAS_MATRICULA;2023;IN_TRANSP_BICICLETA;1000;812;81.2;0;0;0;0;0;0
BAS_MATRICULA;2023;IN_TRANSP_MICRO_ONIBUS;1000;813;81.3;0;1;0.2086;0;0;1
BAS_MATRICULA;2023;IN_TRANSP_ONIBUS;1000;825;82.5;0;1;0.72;1;0;1
BAS_MATRICULA;2023;IN_TRANSP_TR_ANIMAL;1000;831;83.1;0;0;0;0;0;0
BAS_MATRICULA;2023;IN_TRANSP_VANS_KOMBI;1000;832;83.2;0;1;0.0833;0;0;1
BAS_MATRICULA;2023;IN_TRANSP_OUTRO_VEICULO;1000;829;82.9;0;1;0.076;0;0;1
BAS_MATRICULA;2023;IN_TRANSP_EMBAR_ATE5;1000;838;83.8;0;0;0;0;0;0
BAS_MATRICULA;2023;IN_TRANSP_EMBAR_5A15;1000;820;82;0;1;0.0278;0;0;1
BAS_MATRICULA;2023;IN_TRANSP_EMBAR_15A35;1000;814;81.4;0;1;0.0161;0;0;1
BAS_MATRICULA;2023;IN_TRANSP_EMBAR_35;1000;835;83.5;0;1;0.0121;0;0;0.359999999999985
BAS_MATRICULA;2023;IN_ESPECIAL_EXCLUSIVA;1000;72;7.2;0;1;0.0032;0;0;0
BAS_MATRICULA;2023;IN_REGULAR;1000;56;5.6;0;1;0.8792;1;0;1
BAS_MATRICULA;2023;IN_EJA;1000;72;7.2;0;1;0.0442;0;0;1
BAS_MATRICULA;2023;IN_PROFISSIONALIZANTE;1000;69;6.9;0;1;0.0548;0;0;1
BAS_MATRICULA;2023;ID_TURMA;1000;0;0;;;;;;
BAS_MATRICULA;2023;CO_ENTIDADE;1000;0;0;;;;;;
BAS_MATRICULA;2024;NU_ANO;1000;0;0;2024;2024;2024;2024;2024;2024
BAS_MATRICULA;2024;CO_PESSOA_FISICA;1000;0;0;;;;;;
BAS_MATRICULA;2024;ID_MATRICULA;1000;0;0;;;;;;
BAS_MATRICULA;2024;NU_IDADE_REFERENCIA;1000;0;0;4;60;15.153;15;4;36.01
BAS_MATRICULA;2024;TP_SEXO;1000;0;0;1;2;1.503;2;1;2
BAS_MATRICULA;2024;TP_COR_RACA;1000;0;0;0;5;1.552;1;0;3.00999999999999
BAS_MATRICULA;2024;TP_NACIONALIDADE;1000;0;0;1;3;1.004;1;1;1
BAS_MATRICULA;2024;CO_UF_NASC;1000;1000;100;;;;;;
BAS_MATRICULA;2024;CO_MUNICIPIO_NASC;1000;11;1.1;;;;;;
BAS_MATRICULA;2024;CO_PAIS_RESIDENCIA;1000;0;0;;;;;;
BAS_MATRICULA;2024;CO_UF_END;1000;338;33.8;;;;;;
BAS_MATRICULA;2024;CO_MUNICIPIO_END;1000;342;34.2;;;;;;
BAS_MATRICULA;2024;TP_ZONA_RESIDENCIAL;1000;0;0;1;2;1.171;1;1;2
BAS_MATRICULA;2024;IN_NECESSIDADE_ESPECIAL;1000;0;0;0;1;0.06;0;0;1
BAS_MATRICULA;2024;IN_TRANSPORTE_PUBLICO;1000;24;2.4;0;1;0.1742;0;0;1
BAS_MATRICULA;2024;IN_TRANSP_BICICLETA;1000;809;80.9;0;0;0;0;0;0
BAS_MATRICULA;2024;IN_TRANSP_MICRO_ONIBUS;1000;829;82.9;0;1;0.1053;0;0;1
BAS_MATRICULA;2024;IN_TRANSP_ONIBUS;1000;816;81.6;0;1;0.7011;1;0;1
BAS_MATRICULA;2024;IN_TRANSP_TR_ANIMAL;1000;826;82.6;0;0;0;0;0;0
BAS_MATRICULA;2024;IN_TRANSP_VANS_KOMBI;1000;838;83.8;0;1;0.0679;0;0;1
BAS_MATRICULA;2024;IN_TRANSP_OUTRO_VEICULO;1000;841;84.1;0;1;0.0818;0;0;1
BAS_MATRICULA;2024;IN_TRANSP_EMBAR_ATE5;1000;823;82.3;0;0;0;0;0;0
BAS_MATRICULA;2024;IN_TRANSP_EMBAR_5A15;1000;818;81.8;0;1;0.0165;0;0;1
BAS_MATRICULA;2024;IN_TRANSP_EMBAR_15A35;1000;835;83.5;0;1;0.0303;0;0;1
BAS_MATRICULA;2024;IN_TRANSP_EMBAR_35;1000;823;82.3;0;0;0;0;0;0
BAS_MATRICULA;2024;IN_ESPECIAL_EXCLUSIVA;1000;75;7.5;0;1;0.0054;0;0;0
BAS_MATRICULA;2024;IN_REGULAR;1000;72;7.2;0;1;0.8944;1;0;1
BAS_MATRICULA;2024;IN_EJA;1000;77;7.7;0;1;0.0553;0;0;1
BAS_MATRICULA;2024;IN_PROFISSIONALIZANTE;1000;58;5.8;0;1;0.034;0;0;1
BAS_MATRICULA;2024;ID_TURMA;1000;0;0;;;;;;
BAS_MATRICULA;2024;CO_ENTIDADE;1000;0;0;;;;;;
BAS_SITUACAO;2017;NU_ANO;1000;0;0;2017;2017;2017;2017;2017;2017
BAS_SITUACAO;2017;ID_MATRICULA;1000;0;0;;;;;;
BAS_SITUACAO;2017;CO_PESSOA_FISICA;1000;0;0;;;;;;
BAS_SITUACAO;2017;IN_REGULAR;1000;67;6.7;0;1;0.8896;1;0;1
BAS_SITUACAO;2017;ID_TURMA;1000;0;0;;;;;;
BAS_SITUACAO;2017;CO_ENTIDADE;1000;0;0;;;;;;
BAS_SITUACAO;2017;TP_SITUACAO;1000;64;6.4;2;9;5.7147;5;2;9
BAS_SITUACAO;2017;IN_CONCLUINTE;1000;826;82.6;0;1;0.592;1;0;1
BAS_SITUACAO;2017;IN_TRANSFERIDO;1000;0;0;0;1;0.013;0;0;1
BAS_SITUACAO;2018;NU_ANO;1000;0;0;2018;2018;2018;2018;2018;2018
BAS_SITUACAO;2018;ID_MATRICULA;1000;0;0;;;;;;
BAS_SITUACAO;2018;CO_PESSOA_FISICA;1000;0;0;;;;;;
BAS_SITUACAO;2018;IN_REGULAR;1000;66;6.6;0;1;0.9133;1;0;1
BAS_SITUACAO;2018;ID_TURMA;1000;0;0;;;;;;
BAS_SITUACAO;2018;CO_ENTIDADE;1000;0;0;;;;;;
BAS_SITUACAO;2018;TP_SITUACAO;1000;64;6.4;2;9;5.6474;5;2;9
BAS_SITUACAO;2018;IN_CONCLUINTE;1000;810;81;0;1;0.6053;1;0;1
BAS_SITUACAO;2018;IN_TRANSFERIDO;1000;0;0;0;1;0.021;0;0;1
BAS_SITUACAO;2019;NU_ANO;1000;0;0;2019;2019;2019;2019;2019;2019
BAS_SITUACAO;2019;ID_MATRICULA;1000;0;0;;;;;;
BAS_SITUACAO;2019;CO_PESSOA_FISICA;1000;0;0;;;;;;
BAS_SITUACAO;2019;IN_REGULAR;1000;55;5.5;0;1;0.8974;1;0;1
BAS_SITUACAO;2019;ID_TURMA;1000;0;0;;;;;;
BAS_SITUACAO;2019;CO_ENTIDADE;1000;0;0;;;;;;
BAS_SITUACAO;2019;TP_SITUACAO;1000;61;6.1;2;9;5.6262;5;2;9
BAS_SITUACAO;2019;IN_CONCLUINTE;1000;829;82.9;0;1;0.6433;1;0;1
BAS_SITUACAO;2019;IN_TRANSFERIDO;1000;0;0;0;1;0.021;0;0;1
BAS_SITUACAO;2020;NU_ANO;1000;0;0;2020;2020;2020;2020;2020;2020
BAS_SITUACAO;2020;ID_MATRICULA;1000;0;0;;;;;;
BAS_SITUACAO;2020;CO_PESSOA_FISICA;1000;0;0;;;;;;
BAS_SITUACAO;2020;IN_REGULAR;1000;40;4;0;1;0.9167;1;0;1
BAS_SITUACAO;2020;ID_TURMA;1000;0;0;;;;;;
BAS_SITUACAO;2020;CO_ENTIDADE;1000;0;0;;;;;;
BAS_SITUACAO;2020;TP_SITUACAO;1000;39;3.9;2;9;5.6285;5;2;9
BAS_SITUACAO;2020;IN_CONCLUINTE;1000;828;82.8;0;1;0.6163;1;0;1
BAS_SITUACAO;2020;IN_TRANSFERIDO;1000;0;0;0;1;0.011;0;0;1
BAS_SITUACAO;2021;NU_ANO;1000;0;0;2021;2021;2021;2021;2021;2021
BAS_SITUACAO;2021;ID_MATRICULA;1000;0;0;;;;;;
BAS_SITUACAO;2021;CO_PESSOA_FISICA;1000;0;0;;;;;;
BAS_SITUACAO;2021;IN_REGULAR;1000;38;3.8;0;1;0.9044;1;0;1
BAS_SITUACAO;2021;ID_TURMA;1000;0;0;;;;;;
BAS_SITUACAO;2021;CO_ENTIDADE;1000;0;0;;;;;;
BAS_SITUACAO;2021;TP_SITUACAO;1000;44;4.4;2;9;5.6287;5;2;9
BAS_SITUACAO;2021;IN_CONCLUINTE;1000;797;79.7;0;1;0.6404;1;0;1
BAS_SITUACAO;2021;IN_TRANSFERIDO;1000;0;0;0;1;0.03;0;0;1
BAS_SITUACAO;2022;NU_ANO;1000;0;0;2022;2022;2022;2022;2022;2022
BAS_SITUACAO;2022;ID_MATRICULA;1000;0;0;;;;;;
BAS_SITUACAO;2022;CO_PESSOA_FISICA;1000;0;0;;;;;;
BAS_SITUACAO;2022;IN_REGULAR;1000;64;6.4;0;1;0.8996;1;0;1
BAS_SITUACAO;2022;ID_TURMA;1000;0;0;;;;;;
BAS_SITUACAO;2022;CO_ENTIDADE;1000;0;0;;;;;;
BAS_SITUACAO;2022;TP_SITUACAO;1000;71;7.1;2;9;5.6803;5;2;9
BAS_SITUACAO;2022;IN_CONCLUINTE;1000;827;82.7;0;1;0.6358;1;0;1
BAS_SITUACAO;2022;IN_TRANSFERIDO;1000;0;0;0;1;0.021;0;0;1
BAS_SITUACAO;2023;NU_ANO;1000;0;0;2023;2023;2023;2023;2023;2023
BAS_SITUACAO;2023;ID_MATRICULA;1000;0;0;;;;;;
BAS_SITUACAO;2023;CO_PESSOA_FISICA;1000;0;0;;;;;;
BAS_SITUACAO;2023;IN_REGULAR;1000;56;5.6;0;1;0.8792;1;0;1
BAS_SITUACAO;2023;ID_TURMA;1000;0;0;;;;;;
BAS_SITUACAO;2023;CO_ENTIDADE;1000;0;0;;;;;;
BAS_SITUACAO;2023;TP_SITUACAO;1000;73;7.3;2;9;5.5717;5;2;9
BAS_SITUACAO;2023;IN_CONCLUINTE;1000;817;81.7;0;1;0.6776;1;0;1
BAS_SITUACAO;2023;IN_TRANSFERIDO;1000;0;0;0;1;0.025;0;0;1
