NU_ANO;ID_MATRICULA;CO_PESSOA_FISICA;IN_REGULAR;ID_TURMA;CO_ENTIDADE;TP_SITUACAO;IN_CONCLUINTE;IN_TRANSFERIDO
2021;200000001;1000000001;1;20000217;11000030;5;;0
2021;200000002;1000000002;1;20000023;11000003;5;;0
2021;200000003;1000000004;1;20000105;11000014;5;;0
2021;200000004;1000000005;1;20000175;11000024;5;;0
2021;200000005;1000000006;;20000165;11000023;5;;0
2021;200000006;1000000007;1;20000135;11000019;9;;0
2021;200000007;1000000008;;20000048;11000006;5;1;0
2021;200000008;1000000009;1;20000021;11000002;9;;0
2021;200000009;1000000010;0;20000206;11000029;5;;0
2021;200000010;1000000011;1;20000199;11000028;5;1;0
2021;200000011;1000000015;0;20000102;11000014;4;;0
2021;200000012;1000000017;1;20000179;11000025;2;;0
2021;200000013;1000000018;1;20000016;11000002;5;;0
2021;200000014;1000000019;1;20000056;11000007;5;;0
2021;200000015;1000000020;1;20000207;11000029;2;0;0
2021;200000016;1000000021;1;20000188;11000026;5;1;0
2021;200000017;1000000023;1;20000019;11000002;5;;0
2021;200000018;1000000025;1;20000004;11000000;;;0
2021;200000019;1000000026;1;20000018;11000002;5;;0
2021;200000020;1000000027;0;20000104;11000014;5;;0
2021;200000021;1000000028;1;20000017;11000002;9;;0
2021;200000022;1000000029;1;20000123;11000017;;;0
2021;200000023;1000000030;1;20000047;11000006;9;;0
2021;200000024;1000000031;1;20000181;11000025;5;0;0
2021;200000025;1000000032;1;20000105;11000014;5;;0
2021;200000026;1000000033;1;20000208;11000029;5;1;0
2021;200000027;1000000035;1;20000113;11000016;9;;0
2021;200000028;1000000036;1;20000120;11000017;5;;1
2021;200000029;1000000037;1;20000006;11000000;5;;0
2021;200000030;1000000038;1;20000162;11000023;5;;0
2021;200000031;1000000039;1;20000097;11000013;2;;0
2021;200000032;1000000040;1;20000182;11000025;5;;0
2021;200000033;1000000041;1;20000061;11000008;2;;0
2021;200000034;1000000042;1;20000024;11000003;9;;0
2021;200000035;1000000044;1;20000068;11000009;5;;0
2021;200000036;1000000045;1;20000170;11000024;5;1;0
2021;200000037;1000000046;1;20000186;11000026;5;;0
2021;200000038;1000000047;1;20000012;11000001;5;;0
2021;200000039;1000000048;1;20000199;11000028;5;;0
2021;200000040;1000000049;0;20000123;11000017;5;;0
2021;200000041;1000000050;0;20000032;11000004;5;;0
2021;200000042;1000000051;0;20000113;11000016;9;;0
2021;200000043;1000000052;1;20000207;11000029;5;;0
2021;200000044;1000000053;0;20000169;11000024;5;1;0
2021;200000045;1000000054;1;20000204;11000029;5;;0
2021;200000046;1000000055;1;20000067;11000009;5;;0
2021;200000047;1000000056;1;20000119;11000016;5;;0
2021;200000048;1000000057;0;20000193;11000027;5;;0
2021;200000049;1000000058;1;20000195;11000027;5;1;0
2021;200000050;1000000059;1;20000101;11000014;4;;0
2021;200000051;1000000060;1;20000058;11000008;5;;0
2021;200000052;1000000061;1;20000132;11000018;9;;0
2021;200000053;1000000062;1;20000157;11000022;9;;0
2021;200000054;1000000064;1;20000188;11000026;9;;0
2021;200000055;1000000065;1;20000193;11000027;5;;0
2021;200000056;1000000066;1;20000025;11000003;9;;0
2021;200000057;1000000067;1;20000173;11000024;9;;0
2021;200000058;1000000068;1;20000091;11000012;5;;0
2021;200000059;1000000069;1;20000178;11000025;4;;0
2021;200000060;1000000070;1;20000126;11000017;5;;0
2021;200000061;1000000071;1;20000086;11000012;5;;0
2021;200000062;1000000072;1;20000036;11000005;9;;0
2021;200000063;1000000073;1;20000111;11000015;4;1;0
2021;200000064;1000000074;1;20000158;11000022;9;;0
2021;200000065;1000000075;1;20000150;11000021;9;;0
2021;200000066;1000000077;1;20000048;11000006;5;;0
2021;200000067;1000000078;1;20000079;11000011;5;;0
2021;200000068;1000000079;1;20000202;11000028;5;;0
2021;200000069;1000000080;1;20000067;11000009;5;;0
2021;200000070;1000000081;1;20000117;11000016;5;;0
2021;200000071;1000000082;;20000057;11000008;5;1;0
2021;200000072;1000000083;1;20000204;11000029;5;;0
2021;200000073;1000000084;1;20000035;11000004;5;;0
2021;200000074;1000000085;1;20000162;11000023;9;;0
2021;200000075;1000000086;0;20000128;11000018;5;1;0
2021;200000076;1000000087;1;20000138;11000019;5;;0
2021;200000077;1000000088;1;20000015;11000002;5;;0
2021;200000078;1000000089;1;20000063;11000008;5;;0
2021;200000079;1000000090;1;20000108;11000015;5;;0
2021;200000080;1000000091;1;20000042;11000005;9;;0
2021;200000081;1000000092;1;20000216;11000030;5;1;0
2021;200000082;1000000093;1;20000120;11000017;9;1;0
2021;200000083;1000000094;1;20000051;11000007;5;;0
2021;200000084;1000000095;1;20000199;11000028;4;1;0
2021;200000085;1000000096;;20000036;11000005;9;1;0
2021;200000086;1000000097;1;20000083;11000011;5;0;0
2021;200000087;1000000098;1;20000084;11000011;5;;0
2021;200000088;1000000100;1;20000143;11000020;9;;0
2021;200000089;1000000101;1;20000165;11000023;5;;0
2021;200000090;1000000102;1;20000188;11000026;5;;0
2021;200000091;1000000103;1;20000034;11000004;5;;0
2021;200000092;1000000104;1;20000048;11000006;5;;0
2021;200000093;1000000105;1;20000011;11000001;4;;0
2021;200000094;1000000106;1;20000114;11000016;5;1;0
2021;200000095;1000000107;1;20000048;11000006;5;;0
2021;200000096;1000000108;1;20000012;11000001;5;;0
2021;200000097;1000000109;1;20000070;11000009;5;1;0
2021;200000098;1000000110;1;20000136;11000019;5;;0
2021;200000099;1000000111;1;20000004;11000000;5;;0
2021;200000100;1000000112;1;20000202;11000028;5;;0
2021;200000101;1000000113;1;20000145;11000020;5;;0
2021;200000102;1000000114;1;20000026;11000003;4;;0
2021;200000103;1000000115;1;20000186;11000026;9;;0
2021;200000104;1000000116;0;20000127;11000018;9;;1
2021;200000105;1000000118;1;20000101;11000014;5;1;0
2021;200000106;1000000119;1;20000139;11000019;5;;0
2021;200000107;1000000120;1;20000043;11000006;9;;0
2021;200000108;1000000122;1;20000213;11000030;9;;0
2021;200000109;1000000124;1;20000147;11000020;5;;0
2021;200000110;1000000125;1;20000087;11000012;5;;0
2021;200000111;1000000126;1;20000078;11000011;5;;0
2021;200000112;1000000128;1;20000132;11000018;2;;0
2021;200000113;1000000130;1;20000080;11000011;;1;0
2021;200000114;1000000131;1;20000112;11000015;5;;0
2021;200000115;1000000132;1;20000009;11000001;5;;0
2021;200000116;1000000133;1;20000194;11000027;5;;0
2021;200000117;1000000134;1;20000079;11000011;;;0
2021;200000118;1000000135;1;20000210;11000029;9;;0
2021;200000119;1000000136;1;20000019;11000002;5;;0
2021;200000120;1000000137;1;20000177;11000025;5;0;0
2021;200000121;1000000138;1;20000018;11000002;5;1;0
2021;200000122;1000000139;1;20000027;11000003;5;;0
2021;200000123;1000000140;1;20000140;11000019;5;;0
2021;200000124;1000000141;1;20000211;11000030;5;;0
2021;200000125;1000000142;1;20000001;11000000;5;;0
2021;200000126;1000000143;1;20000190;11000027;5;;0
2021;200000127;1000000144;1;20000094;11000013;5;;0
2021;200000128;1000000145;0;20000164;11000023;5;;0
2021;200000129;1000000146;1;20000097;11000013;5;;0
2021;200000130;1000000147;1;20000140;11000019;2;;0
2021;200000131;1000000148;1;20000088;11000012;5;;0
2021;200000132;1000000149;1;20000034;11000004;5;;0
2021;200000133;1000000150;1;20000212;11000030;5;;0
2021;200000134;1000000151;0;20000041;11000005;5;;0
2021;200000135;1000000152;1;20000032;11000004;5;;0
2021;200000136;1000000153;;20000064;11000009;5;;0
2021;200000137;1000000154;1;20000105;11000014;5;0;0
2021;200000138;1000000156;1;20000157;11000022;9;;0
2021;200000139;1000000157;0;20000006;11000000;5;;0
2021;200000140;1000000158;0;20000066;11000009;9;;0
2021;200000141;1000000159;1;20000179;11000025;5;;0
2021;200000142;1000000160;1;20000024;11000003;5;;0
2021;200000143;1000000162;;20000098;11000013;9;;1
2021;200000144;1000000163;1;20000032;11000004;5;;0
2021;200000145;1000000164;0;20000065;11000009;5;;0
2021;200000146;1000000165;1;20000042;11000005;5;;0
2021;200000147;1000000167;1;20000035;11000004;4;;0
2021;200000148;1000000168;1;20000186;11000026;5;;0
2021;200000149;1000000169;1;20000121;11000017;5;1;0
2021;200000150;1000000170;1;20000145;11000020;9;;0
2021;200000151;1000000171;1;20000152;11000021;5;;0
2021;200000152;1000000172;1;20000066;11000009;5;;0
2021;200000153;1000000173;1;20000008;11000001;5;;0
2021;200000154;1000000175;1;20000213;11000030;9;;0
2021;200000155;1000000176;1;20000092;11000013;5;;0
2021;200000156;1000000177;1;20000139;11000019;5;;0
2021;200000157;1000000178;1;20000034;11000004;5;;0
2021;200000158;1000000179;1;20000029;11000004;5;;0
2021;200000159;1000000180;1;20000155;11000022;9;;0
2021;200000160;1000000181;1;20000069;11000009;9;;0
2021;200000161;1000000183;1;20000069;11000009;2;;0
2021;200000162;1000000184;1;20000158;11000022;5;;0
2021;200000163;1000000185;1;20000098;11000013;5;;0
2021;200000164;1000000186;1;20000038;11000005;5;;0
2021;200000165;1000000187;1;20000160;11000022;5;;0
2021;200000166;1000000188;1;20000092;11000013;5;;0
2021;200000167;1000000190;;20000204;11000029;5;;0
2021;200000168;1000000191;1;20000115;11000016;5;;0
2021;200000169;1000000192;1;20000066;11000009;5;;0
2021;200000170;1000000194;1;20000206;11000029;5;;0
2021;200000171;1000000195;1;20000040;11000005;;1;0
2021;200000172;1000000196;1;20000166;11000023;9;;0
2021;200000173;1000000197;1;20000004;11000000;5;;0
2021;200000174;1000000198;1;20000104;11000014;4;;1
2021;200000175;1000000199;1;20000039;11000005;5;;0
2021;200000176;1000000200;1;20000101;11000014;9;;0
2021;200000177;1000000201;1;20000139;11000019;5;;0
2021;200000178;1000000203;1;20000035;11000004;5;;0
2021;200000179;1000000204;1;20000203;11000028;5;;0
2021;200000180;1000000205;1;20000056;11000007;9;1;0
2021;200000181;1000000206;1;20000186;11000026;5;;0
2021;200000182;1000000207;0;20000181;11000025;5;;0
2021;200000183;1000000208;1;20000214;11000030;;;0
2021;200000184;1000000209;1;20000037;11000005;5;;0
2021;200000185;1000000210;1;20000007;11000000;5;;0
2021;200000186;1000000212;1;20000123;11000017;5;;0
2021;200000187;1000000213;0;20000030;11000004;4;;0
2021;200000188;1000000214;1;20000023;11000003;5;;0
2021;200000189;1000000215;0;20000117;11000016;5;;0
2021;200000190;1000000216;1;20000146;11000020;9;;0
2021;200000191;1000000217;1;20000206;11000029;5;;0
2021;200000192;1000000218;1;20000010;11000001;5;0;0
2021;200000193;1000000219;1;20000185;11000026;9;1;0
2021;200000194;1000000220;1;20000159;11000022;9;;0
2021;200000195;1000000221;1;20000072;11000010;5;;0
2021;200000196;1000000222;1;20000058;11000008;5;0;0
2021;200000197;1000000224;1;20000053;11000007;9;;0
2021;200000198;1000000225;1;20000048;11000006;4;;0
2021;200000199;1000000226;1;20000039;11000005;5;;0
2021;200000200;1000000227;1;20000156;11000022;9;;0
2021;200000201;1000000228;1;20000063;11000008;5;;0
2021;200000202;1000000229;1;20000126;11000017;5;;0
2021;200000203;1000000230;1;20000141;11000020;2;;1
2021;200000204;1000000231;1;20000108;11000015;9;;0
2021;200000205;1000000232;1;20000100;11000014;5;;0
2021;200000206;1000000235;1;20000051;11000007;5;1;0
2021;200000207;1000000236;1;20000140;11000019;5;;0
2021;200000208;1000000238;0;20000076;11000010;5;1;0
2021;200000209;1000000239;0;20000074;11000010;9;0;0
2021;200000210;1000000240;1;20000009;11000001;5;;0
2021;200000211;1000000241;1;20000076;11000010;5;;0
2021;200000212;1000000243;1;20000058;11000008;5;;0
2021;200000213;1000000244;1;20000217;11000030;5;1;0
2021;200000214;1000000245;1;20000028;11000003;5;;0
2021;200000215;1000000246;1;20000005;11000000;5;;0
2021;200000216;1000000247;1;20000093;11000013;9;;0
2021;200000217;1000000248;1;20000104;11000014;5;;0
2021;200000218;1000000249;1;20000119;11000016;5;;0
2021;200000219;1000000250;1;20000012;11000001;5;;0
2021;200000220;1000000251;1;20000106;11000015;5;;0
2021;200000221;1000000252;1;20000191;11000027;9;;0
2021;200000222;1000000253;1;20000084;11000011;5;;0
2021;200000223;1000000254;0;20000136;11000019;5;;0
2021;200000224;1000000255;;20000138;11000019;;;0
2021;200000225;1000000256;1;20000118;11000016;;;0
2021;200000226;1000000257;1;20000093;11000013;2;;0
2021;200000227;1000000259;1;20000037;11000005;5;;0
2021;200000228;1000000260;1;20000207;11000029;9;0;0
2021;200000229;1000000261;1;20000070;11000009;5;;0
2021;200000230;1000000262;1;20000077;11000010;5;;0
2021;200000231;1000000264;1;20000100;11000014;5;;0
2021;200000232;1000000265;1;20000038;11000005;5;;0
2021;200000233;1000000267;1;20000080;11000011;5;;0
2021;200000234;1000000268;1;20000116;11000016;9;;0
2021;200000235;1000000269;1;20000132;11000018;9;;0
2021;200000236;1000000270;;20000122;11000017;5;;0
2021;200000237;1000000271;1;20000076;11000010;5;1;0
2021;200000238;1000000272;1;20000041;11000005;5;;0
2021;200000239;1000000273;1;20000022;11000003;5;;0
2021;200000240;1000000274;1;20000127;11000018;9;;0
2021;200000241;1000000275;1;20000173;11000024;9;;0
2021;200000242;1000000276;1;20000188;11000026;5;;0
2021;200000243;1000000277;0;20000007;11000000;5;;0
2021;200000244;1000000278;1;20000071;11000010;5;;0
2021;200000245;1000000279;;20000130;11000018;9;;0
2021;200000246;1000000280;;20000037;11000005;9;1;0
2021;200000247;1000000281;1;20000049;11000006;2;;0
2021;200000248;1000000282;1;20000217;11000030;9;;0
2021;200000249;1000000283;1;20000164;11000023;5;1;0
2021;200000250;1000000285;;20000046;11000006;5;;0
2021;200000251;1000000286;1;20000138;11000019;4;;0
2021;200000252;1000000287;1;20000031;11000004;5;;0
2021;200000253;1000000288;1;20000152;11000021;5;1;0
2021;200000254;1000000289;1;20000128;11000018;5;1;0
2021;200000255;1000000290;;20000142;11000020;2;;0
2021;200000256;1000000291;0;20000209;11000029;9;;1
2021;200000257;1000000292;1;20000083;11000011;5;0;0
2021;200000258;1000000294;1;20000035;11000004;5;;0
2021;200000259;1000000295;1;20000121;11000017;5;;0
2021;200000260;1000000296;1;20000016;11000002;5;;0
2021;200000261;1000000297;;20000126;11000017;;0;0
2021;200000262;1000000298;1;20000118;11000016;5;;0
2021;200000263;1000000299;1;20000105;11000014;5;0;0
2021;200000264;1000000300;1;20000096;11000013;5;;0
2021;200000265;1000000303;0;20000041;11000005;9;1;0
2021;200000266;1000000304;1;20000102;11000014;5;;0
2021;200000267;1000000305;1;20000135;11000019;5;;0
2021;200000268;1000000306;1;20000036;11000005;5;;0
2021;200000269;1000000307;1;20000015;11000002;2;;0
2021;200000270;1000000308;1;20000200;11000028;4;;0
2021;200000271;1000000309;1;20000157;11000022;5;;0
2021;200000272;1000000311;1;20000118;11000016;5;;0
2021;200000273;1000000313;1;20000133;11000018;5;;0
2021;200000274;1000000314;1;20000215;11000030;5;;0
2021;200000275;1000000315;1;20000158;11000022;5;;0
2021;200000276;1000000316;1;20000039;11000005;;;0
2021;200000277;1000000317;1;20000105;11000014;5;;0
2021;200000278;1000000318;1;20000173;11000024;5;;0
2021;200000279;1000000320;1;20000142;11000020;5;;0
2021;200000280;1000000321;1;20000047;11000006;5;0;0
2021;200000281;1000000322;1;20000178;11000025;9;1;0
2021;200000282;1000000324;1;20000016;11000002;9;;0
2021;200000283;1000000325;;20000017;11000002;9;;0
2021;200000284;1000000326;1;20000145;11000020;5;;0
2021;200000285;1000000327;1;20000014;11000001;5;;0
2021;200000286;1000000328;1;20000015;11000002;5;;0
2021;200000287;1000000329;1;20000042;11000005;5;;0
2021;200000288;1000000330;1;20000214;11000030;5;;0
2021;200000289;1000000331;;20000189;11000026;5;;0
2021;200000290;1000000333;1;20000121;11000017;9;;0
2021;200000291;1000000334;1;20000171;11000024;5;;0
2021;200000292;1000000335;1;20000024;11000003;2;;0
2021;200000293;1000000336;1;20000038;11000005;9;;0
2021;200000294;1000000337;1;20000193;11000027;4;;0
2021;200000295;1000000339;1;20000160;11000022;5;;0
2021;200000296;1000000340;1;20000122;11000017;9;;0
2021;200000297;1000000341;1;20000172;11000024;2;;0
2021;200000298;1000000342;1;20000108;11000015;5;1;0
2021;200000299;1000000343;1;20000139;11000019;4;;0
2021;200000300;1000000344;1;20000087;11000012;;;0
2021;200000301;1000000345;1;20000095;11000013;5;1;0
2021;200000302;1000000347;1;20000113;11000016;5;;0
2021;200000303;1000000349;1;20000135;11000019;5;;0
2021;200000304;1000000350;1;20000117;11000016;5;;0
2021;200000305;1000000352;1;20000114;11000016;4;;0
2021;200000306;1000000353;1;20000002;11000000;5;;0
2021;200000307;1000000354;1;20000173;11000024;5;;0
2021;200000308;1000000355;1;20000211;11000030;5;;0
2021;200000309;1000000356;1;20000216;11000030;5;;0
2021;200000310;1000000359;1;20000014;11000001;4;;0
2021;200000311;1000000360;0;20000085;11000012;5;;0
2021;200000312;1000000361;1;20000157;11000022;5;;0
2021;200000313;1000000362;1;20000152;11000021;9;1;0
2021;200000314;1000000363;1;20000201;11000028;5;;0
2021;200000315;1000000364;1;20000112;11000015;9;;0
2021;200000316;1000000365;1;20000117;11000016;9;;0
2021;200000317;1000000367;1;20000145;11000020;9;;0
2021;200000318;1000000368;1;20000011;11000001;5;;0
2021;200000319;1000000369;1;20000214;11000030;9;;0
2021;200000320;1000000370;1;20000042;11000005;5;1;0
2021;200000321;1000000371;1;20000148;11000021;5;;0
2021;200000322;1000000372;1;20000020;11000002;5;;0
2021;200000323;1000000373;1;20000058;11000008;9;;0
2021;200000324;1000000375;1;20000178;11000025;9;1;0
2021;200000325;1000000376;1;20000002;11000000;9;;0
2021;200000326;1000000377;1;20000097;11000013;5;;0
2021;200000327;1000000378;1;20000167;11000023;5;1;0
2021;200000328;1000000379;1;20000187;11000026;5;;0
2021;200000329;1000000380;1;20000069;11000009;5;;0
2021;200000330;1000000381;1;20000121;11000017;5;;0
2021;200000331;1000000383;1;20000156;11000022;9;1;0
2021;200000332;1000000391;1;20000050;11000007;5;;0
2021;200000333;1000000392;1;20000148;11000021;5;;0
2021;200000334;1000000393;1;20000145;11000020;9;;0
2021;200000335;1000000394;1;20000160;11000022;5;;0
2021;200000336;1000000397;1;20000010;11000001;5;;0
2021;200000337;1000000398;1;20000052;11000007;;;0
2021;200000338;1000000399;1;20000104;11000014;9;1;0
2021;200000339;1000000401;1;20000193;11000027;9;;0
2021;200000340;1000000402;1;20000205;11000029;5;;0
2021;200000341;1000000403;1;20000027;11000003;5;;0
2021;200000342;1000000404;1;20000106;11000015;5;;0
2021;200000343;1000000405;1;20000097;11000013;5;;0
2021;200000344;1000000407;1;20000129;11000018;2;;0
2021;200000345;1000000408;1;20000157;11000022;5;;0
2021;200000346;1000000409;1;20000106;11000015;5;;0
2021;200000347;1000000410;1;20000022;11000003;9;;0
2021;200000348;1000000411;1;20000145;11000020;5;0;0
2021;200000349;1000000413;0;20000137;11000019;2;0;0
2021;200000350;1000000414;1;20000020;11000002;4;;0
2021;200000351;1000000415;1;20000180;11000025;9;;0
2021;200000352;1000000416;1;20000209;11000029;9;;0
2021;200000353;1000000417;1;20000070;11000009;2;;0
2021;200000354;1000000418;1;20000140;11000019;9;;0
2021;200000355;1000000419;1;20000091;11000012;9;;0
2021;200000356;1000000420;1;20000023;11000003;9;;0
2021;200000357;1000000421;1;20000216;11000030;5;1;0
2021;200000358;1000000422;1;20000133;11000018;5;;0
2021;200000359;1000000423;1;20000038;11000005;5;;0
2021;200000360;1000000424;1;20000096;11000013;5;;1
2021;200000361;1000000426;1;20000111;11000015;9;;0
2021;200000362;1000000427;1;20000131;11000018;5;;0
2021;200000363;1000000428;1;20000051;11000007;5;;0
2021;200000364;1000000429;1;20000153;11000021;9;;0
2021;200000365;1000000430;1;20000071;11000010;5;;0
2021;200000366;1000000433;1;20000187;11000026;5;1;0
2021;200000367;1000000434;1;20000102;11000014;4;;0
2021;200000368;1000000435;1;20000011;11000001;5;0;0
2021;200000369;1000000437;1;20000113;11000016;5;;0
2021;200000370;1000000438;1;20000035;11000004;9;;0
2021;200000371;1000000439;1;20000178;11000025;5;0;0
2021;200000372;1000000440;1;20000133;11000018;5;;0
2021;200000373;1000000441;0;20000069;11000009;2;;0
2021;200000374;1000000443;1;20000099;11000014;5;;0
2021;200000375;1000000444;1;20000152;11000021;5;0;0
2021;200000376;1000000446;1;20000206;11000029;;;0
2021;200000377;1000000447;1;20000075;11000010;5;;0
2021;200000378;1000000448;0;20000085;11000012;5;;0
2021;200000379;1000000449;1;20000174;11000024;9;;0
2021;200000380;1000000450;1;20000054;11000007;5;;0
2021;200000381;1000000452;1;20000119;11000016;5;;0
2021;200000382;1000000453;1;20000217;11000030;5;1;0
2021;200000383;1000000454;1;20000090;11000012;5;;0
2021;200000384;1000000456;1;20000197;11000028;9;;0
2021;200000385;1000000458;0;20000073;11000010;5;;0
2021;200000386;1000000459;0;20000185;11000026;5;;0
2021;200000387;1000000462;1;20000206;11000029;5;1;0
2021;200000388;1000000463;1;20000034;11000004;5;1;0
2021;200000389;1000000465;1;20000115;11000016;;;0
2021;200000390;1000000467;1;20000105;11000014;5;;0
2021;200000391;1000000468;1;20000019;11000002;5;;0
2021;200000392;1000000469;1;20000200;11000028;5;;0
2021;200000393;1000000470;0;20000177;11000025;9;;0
2021;200000394;1000000471;1;20000018;11000002;2;1;0
2021;200000395;1000000472;1;20000197;11000028;5;;0
2021;200000396;1000000474;1;20000172;11000024;5;;0
2021;200000397;1000000475;1;20000198;11000028;9;;0
2021;200000398;1000000476;1;20000019;11000002;2;1;0
2021;200000399;1000000478;1;20000089;11000012;5;;0
2021;200000400;1000000480;1;20000043;11000006;5;;1
2021;200000401;1000000481;1;20000084;11000011;;;0
2021;200000402;1000000482;1;20000001;11000000;9;;0
2021;200000403;1000000484;1;20000201;11000028;2;;0
2021;200000404;1000000485;;20000206;11000029;9;;0
2021;200000405;1000000486;1;20000043;11000006;2;;0
2021;200000406;1000000488;1;20000215;11000030;5;;0
2021;200000407;1000000489;1;20000081;11000011;4;;0
2021;200000408;1000000491;1;20000118;11000016;9;1;0
2021;200000409;1000000492;1;20000049;11000006;4;;0
2021;200000410;1000000494;1;20000202;11000028;5;;0
2021;200000411;1000000495;1;20000012;11000001;2;0;0
2021;200000412;1000000496;1;20000128;11000018;5;1;0
2021;200000413;1000000497;0;20000074;11000010;5;;0
2021;200000414;1000000498;1;20000170;11000024;9;;0
2021;200000415;1000000499;1;20000150;11000021;5;;0
2021;200000416;1000000501;1;20000176;11000025;5;1;0
2021;200000417;1000000502;1;20000091;11000012;5;1;0
2021;200000418;1000000503;1;20000074;11000010;5;;0
2021;200000419;1000000504;0;20000167;11000023;;1;0
2021;200000420;1000000505;1;20000104;11000014;5;;0
2021;200000421;1000000507;1;20000018;11000002;5;;0
2021;200000422;1000000509;1;20000179;11000025;9;;0
2021;200000423;1000000510;1;20000179;11000025;9;;0
2021;200000424;1000000511;1;20000185;11000026;5;;0
2021;200000425;1000000513;1;20000047;11000006;5;;0
2021;200000426;1000000514;0;20000102;11000014;2;;0
2021;200000427;1000000515;1;20000090;11000012;9;;0
2021;200000428;1000000516;1;20000198;11000028;5;;0
2021;200000429;1000000517;1;20000014;11000001;;;0
2021;200000430;1000000518;1;20000020;11000002;9;;0
2021;200000431;1000000519;1;20000143;11000020;5;1;0
2021;200000432;1000000520;1;20000122;11000017;2;1;0
2021;200000433;1000000522;1;20000193;11000027;5;;0
2021;200000434;1000000524;1;20000100;11000014;5;1;0
2021;200000435;1000000525;0;20000001;11000000;9;;0
2021;200000436;1000000526;1;20000155;11000022;5;;0
2021;200000437;1000000529;1;20000153;11000021;5;;0
2021;200000438;1000000530;1;20000210;11000029;5;0;0
2021;200000439;1000000531;1;20000168;11000023;5;0;0
2021;200000440;1000000532;;20000013;11000001;4;;0
2021;200000441;1000000533;1;20000107;11000015;9;;0
2021;200000442;1000000534;0;20000026;11000003;5;;0
2021;200000443;1000000535;1;20000170;11000024;9;;0
2021;200000444;1000000536;1;20000134;11000019;5;;0
2021;200000445;1000000538;1;20000029;11000004;5;;0
2021;200000446;1000000539;1;20000108;11000015;9;;0
2021;200000447;1000000540;1;20000106;11000015;;;0
2021;200000448;1000000541;1;20000074;11000010;5;;0
2021;200000449;1000000542;1;20000115;11000016;5;;0
2021;200000450;1000000543;;20000133;11000018;5;0;0
2021;200000451;1000000544;1;20000175;11000024;5;;0
2021;200000452;1000000545;1;20000190;11000027;5;;0
2021;200000453;1000000546;1;20000178;11000025;5;;0
2021;200000454;1000000547;1;20000068;11000009;5;1;0
2021;200000455;1000000552;1;20000195;11000027;5;1;0
2021;200000456;1000000556;1;20000163;11000023;2;;0
2021;200000457;1000000557;;20000184;11000026;9;;0
2021;200000458;1000000558;1;20000100;11000014;5;;0
2021;200000459;1000000559;0;20000213;11000030;5;1;0
2021;200000460;1000000560;1;20000085;11000012;5;;0
2021;200000461;1000000561;1;20000198;11000028;5;;0
2021;200000462;1000000562;0;20000003;11000000;5;;0
2021;200000463;1000000563;;20000075;11000010;5;;0
2021;200000464;1000000564;1;20000097;11000013;5;;0
2021;200000465;1000000565;1;20000128;11000018;9;;0
2021;200000466;1000000566;1;20000175;11000024;5;;0
2021;200000467;1000000567;1;20000192;11000027;5;;0
2021;200000468;1000000568;1;20000116;11000016;9;;0
2021;200000469;1000000569;1;20000191;11000027;9;;0
2021;200000470;1000000570;1;20000189;11000026;9;;0
2021;200000471;1000000571;1;20000205;11000029;5;1;0
2021;200000472;1000000572;0;20000134;11000019;2;;0
2021;200000473;1000000573;1;20000098;11000013;9;;0
2021;200000474;1000000574;1;20000030;11000004;5;1;0
2021;200000475;1000000575;1;20000026;11000003;2;;0
2021;200000476;1000000578;1;20000046;11000006;5;;0
2021;200000477;1000000580;1;20000081;11000011;5;;0
2021;200000478;1000000581;1;20000197;11000028;9;;0
2021;200000479;1000000582;;20000121;11000017;9;;0
2021;200000480;1000000584;1;20000088;11000012;4;;0
2021;200000481;1000000585;0;20000169;11000024;5;;0
2021;200000482;1000000587;;20000074;11000010;9;;0
2021;200000483;1000000589;1;20000008;11000001;9;;0
2021;200000484;1000000590;1;20000075;11000010;;;0
2021;200000485;1000000591;1;20000138;11000019;5;;0
2021;200000486;1000000592;1;20000133;11000018;5;;0
2021;200000487;1000000594;1;20000105;11000014;5;;1
2021;200000488;1000000595;1;20000084;11000011;5;;0
2021;200000489;1000000596;1;20000134;11000019;5;;0
2021;200000490;1000000597;0;20000116;11000016;5;;0
2021;200000491;1000000599;1;20000167;11000023;9;;0
2021;200000492;1000000600;1;20000004;11000000;5;;0
2021;200000493;1000000601;1;20000122;11000017;5;;0
2021;200000494;1000000603;1;20000131;11000018;9;0;0
2021;200000495;1000000604;;20000211;11000030;5;;0
2021;200000496;1000000605;0;20000212;11000030;5;;0
2021;200000497;1000000606;1;20000024;11000003;5;;0
2021;200000498;1000000608;1;20000053;11000007;5;;0
2021;200000499;1000000609;1;20000125;11000017;5;;0
2021;200000500;1000000610;1;20000030;11000004;5;;0
2021;200000501;1000000612;1;20000199;11000028;9;0;0
2021;200000502;1000000613;1;20000150;11000021;5;;0
2021;200000503;1000000614;1;20000077;11000010;9;;0
2021;200000504;1000000615;1;20000105;11000014;2;;0
2021;200000505;1000000617;1;20000182;11000025;9;;0
2021;200000506;1000000618;1;20000009;11000001;5;;0
2021;200000507;1000000620;1;20000008;11000001;9;;0
2021;200000508;1000000621;1;20000129;11000018;;;0
2021;200000509;1000000623;1;20000194;11000027;5;0;0
2021;200000510;1000000624;1;20000105;11000014;5;;0
2021;200000511;1000000625;1;20000159;11000022;5;;0
2021;200000512;1000000626;1;20000114;11000016;5;;0
2021;200000513;1000000627;1;20000158;11000022;5;;0
2021;200000514;1000000628;1;20000118;11000016;5;;0
2021;200000515;1000000629;1;20000143;11000020;2;;0
2021;200000516;1000000631;1;20000180;11000025;9;;0
2021;200000517;1000000632;1;20000058;11000008;9;1;0
2021;200000518;1000000633;0;20000043;11000006;9;;0
2021;200000519;1000000634;;20000104;11000014;5;;0
2021;200000520;1000000636;0;20000140;11000019;2;;1
2021;200000521;1000000637;1;20000063;11000008;5;;0
2021;200000522;1000000638;1;20000100;11000014;5;;0
2021;200000523;1000000639;1;20000147;11000020;5;;0
2021;200000524;1000000640;1;20000080;11000011;5;;0
2021;200000525;1000000641;0;20000090;11000012;9;;0
2021;200000526;1000000642;1;20000053;11000007;5;;0
2021;200000527;1000000643;;20000005;11000000;;0;0
2021;200000528;1000000644;1;20000071;11000010;5;;0
2021;200000529;1000000645;1;20000170;11000024;5;;0
2021;200000530;1000000646;1;20000119;11000016;5;1;0
2021;200000531;1000000647;1;20000190;11000027;5;;0
2021;200000532;1000000649;1;20000074;11000010;9;;0
2021;200000533;1000000650;1;20000141;11000020;5;;0
2021;200000534;1000000653;0;20000069;11000009;9;1;0
2021;200000535;1000000654;1;20000029;11000004;5;;0
2021;200000536;1000000655;1;20000085;11000012;5;;0
2021;200000537;1000000657;1;20000051;11000007;5;;0
2021;200000538;1000000658;1;20000132;11000018;5;;0
2021;200000539;1000000659;1;20000055;11000007;9;;0
2021;200000540;1000000660;1;20000192;11000027;5;0;0
2021;200000541;1000000661;0;20000068;11000009;5;;0
2021;200000542;1000000662;1;20000196;11000027;9;;0
2021;200000543;1000000663;0;20000108;11000015;9;;0
2021;200000544;1000000664;1;20000087;11000012;5;;0
2021;200000545;1000000665;1;20000105;11000014;5;;0
2021;200000546;1000000666;1;20000205;11000029;9;;0
2021;200000547;1000000667;1;20000155;11000022;5;;0
2021;200000548;1000000668;1;20000107;11000015;5;0;0
2021;200000549;1000000669;1;20000022;11000003;;;0
2021;200000550;1000000671;0;20000215;11000030;5;;0
2021;200000551;1000000672;1;20000176;11000025;9;;0
2021;200000552;1000000673;1;20000056;11000007;4;;0
2021;200000553;1000000676;1;20000133;11000018;2;;0
2021;200000554;1000000678;1;20000203;11000028;5;;0
2021;200000555;1000000679;1;20000193;11000027;5;0;0
2021;200000556;1000000680;1;20000124;11000017;5;;0
2021;200000557;1000000681;;20000136;11000019;5;;0
2021;200000558;1000000682;1;20000118;11000016;5;;0
2021;200000559;1000000683;1;20000009;11000001;5;;0
2021;200000560;1000000684;1;20000083;11000011;5;;0
2021;200000561;1000000685;1;20000084;11000011;5;;0
2021;200000562;1000000686;0;20000073;11000010;5;;0
2021;200000563;1000000687;1;20000127;11000018;5;;0
2021;200000564;1000000688;1;20000079;11000011;9;;0
2021;200000565;1000000689;1;20000169;11000024;5;;0
2021;200000566;1000000690;1;20000172;11000024;5;;0
2021;200000567;1000000691;1;20000084;11000011;5;;0
2021;200000568;1000000693;1;20000122;11000017;5;;0
2021;200000569;1000000694;1;20000064;11000009;5;;0
2021;200000570;1000000695;1;20000115;11000016;5;;0
2021;200000571;1000000696;1;20000104;11000014;9;;0
2021;200000572;1000000697;1;20000156;11000022;5;;0
2021;200000573;1000000699;1;20000155;11000022;5;1;0
2021;200000574;1000000700;0;20000166;11000023;5;;0
2021;200000575;1000000701;1;20000042;11000005;9;;0
2021;200000576;1000000702;1;20000032;11000004;5;0;0
2021;200000577;1000000703;1;20000081;11000011;9;;0
2021;200000578;1000000704;1;20000140;11000019;5;;0
2021;200000579;1000000705;1;20000040;11000005;5;;0
2021;200000580;1000000706;1;20000104;11000014;9;;0
2021;200000581;1000000707;1;20000091;11000012;5;;0
2021;200000582;1000000708;0;20000006;11000000;9;;0
2021;200000583;1000000709;1;20000091;11000012;5;;0
2021;200000584;1000000710;1;20000195;11000027;9;;0
2021;200000585;1000000711;;20000064;11000009;2;;0
2021;200000586;1000000712;1;20000153;11000021;9;;0
2021;200000587;1000000713;1;20000112;11000015;5;;0
2021;200000588;1000000714;;20000144;11000020;5;1;0
2021;200000589;1000000715;1;20000032;11000004;5;1;0
2021;200000590;1000000717;1;20000045;11000006;9;;0
2021;200000591;1000000719;1;20000215;11000030;5;1;0
2021;200000592;1000000720;1;20000103;11000014;5;;0
2021;200000593;1000000721;1;20000050;11000007;2;;0
2021;200000594;1000000722;1;20000075;11000010;9;;0
2021;200000595;1000000723;1;20000080;11000011;5;;0
2021;200000596;1000000724;1;20000133;11000018;5;1;0
2021;200000597;1000000726;1;20000002;11000000;9;;0
2021;200000598;1000000727;1;20000055;11000007;5;;0
2021;200000599;1000000728;1;20000003;11000000;9;;0
2021;200000600;1000000729;1;20000076;11000010;5;1;0
2021;200000601;1000000731;1;20000026;11000003;5;;0
2021;200000602;1000000732;1;20000088;11000012;9;1;0
2021;200000603;1000000734;1;20000096;11000013;9;;0
2021;200000604;1000000735;1;20000146;11000020;5;;0
2021;200000605;1000000736;0;20000197;11000028;;;0
2021;200000606;1000000737;1;20000124;11000017;5;;0
2021;200000607;1000000738;1;20000011;11000001;5;;0
2021;200000608;1000000739;1;20000176;11000025;5;1;0
2021;200000609;1000000741;1;20000060;11000008;5;;0
2021;200000610;1000000742;1;20000122;11000017;5;;0
2021;200000611;1000000744;1;20000111;11000015;5;;0
2021;200000612;1000000747;1;20000001;11000000;5;;0
2021;200000613;1000000748;1;20000205;11000029;5;1;0
2021;200000614;1000000749;1;20000056;11000007;5;;0
2021;200000615;1000000750;1;20000180;11000025;9;;0
2021;200000616;1000000751;1;20000180;11000025;4;1;0
2021;200000617;1000000753;1;20000135;11000019;5;;0
2021;200000618;1000000754;1;20000056;11000007;5;;0
2021;200000619;1000000755;1;20000132;11000018;5;1;0
2021;200000620;1000000756;1;20000162;11000023;;;0
2021;200000621;1000000757;1;20000190;11000027;5;;0
2021;200000622;1000000759;1;20000187;11000026;2;;0
2021;200000623;1000000761;1;20000068;11000009;5;;0
2021;200000624;1000000763;0;20000175;11000024;5;0;0
2021;200000625;1000000764;1;20000055;11000007;2;;0
2021;200000626;1000000765;1;20000072;11000010;5;0;0
2021;200000627;1000000766;0;20000154;11000021;9;;0
2021;200000628;1000000767;1;20000032;11000004;5;;1
2021;200000629;1000000768;1;20000024;11000003;5;0;0
2021;200000630;1000000769;1;20000166;11000023;4;;0
2021;200000631;1000000771;1;20000195;11000027;9;;0
2021;200000632;1000000773;1;20000151;11000021;4;;0
2021;200000633;1000000774;1;20000113;11000016;9;1;0
2021;200000634;1000000776;1;20000042;11000005;9;;0
2021;200000635;1000000777;1;20000020;11000002;5;;0
2021;200000636;1000000778;1;20000105;11000014;5;;0
2021;200000637;1000000779;1;20000054;11000007;2;1;0
2021;200000638;1000000780;1;20000126;11000017;5;1;0
2021;200000639;1000000781;1;20000039;11000005;5;;0
2021;200000640;1000000782;0;20000033;11000004;4;;0
2021;200000641;1000000783;1;20000194;11000027;9;;0
2021;200000642;1000000784;1;20000109;11000015;5;1;0
2021;200000643;1000000785;1;20000169;11000024;9;;0
2021;200000644;1000000786;1;20000115;11000016;5;;0
2021;200000645;1000000787;1;20000054;11000007;;;0
2021;200000646;1000000788;1;20000181;11000025;5;;0
2021;200000647;1000000789;1;20000119;11000016;9;1;0
2021;200000648;1000000790;1;20000212;11000030;9;;0
2021;200000649;1000000791;1;20000004;11000000;5;;0
2021;200000650;1000000792;1;20000191;11000027;9;;0
2021;200000651;1000000793;1;20000149;11000021;5;;0
2021;200000652;1000000794;1;20000135;11000019;9;;0
2021;200000653;1000000795;;20000132;11000018;9;;0
2021;200000654;1000000798;1;20000137;11000019;9;;0
2021;200000655;1000000799;1;20000173;11000024;5;1;0
2021;200000656;1000000800;1;20000068;11000009;5;;1
2021;200000657;1000000801;0;20000045;11000006;9;1;0
2021;200000658;1000000803;0;20000124;11000017;5;;0
2021;200000659;1000000804;1;20000116;11000016;5;;0
2021;200000660;1000000805;1;20000197;11000028;5;;0
2021;200000661;1000000808;1;20000104;11000014;5;;0
2021;200000662;1000000809;1;20000141;11000020;5;;0
2021;200000663;1000000810;1;20000114;11000016;9;;0
2021;200000664;1000000811;1;20000114;11000016;9;;0
2021;200000665;1000000812;1;20000064;11000009;5;0;0
2021;200000666;1000000813;1;20000014;11000001;5;;0
2021;200000667;1000000814;1;20000077;11000010;4;;0
2021;200000668;1000000816;1;20000194;11000027;5;;0
2021;200000669;1000000817;1;20000055;11000007;5;;0
2021;200000670;1000000818;1;20000069;11000009;9;;0
2021;200000671;1000000819;0;20000054;11000007;5;;0
2021;200000672;1000000820;1;20000130;11000018;9;;0
2021;200000673;1000000821;1;20000177;11000025;9;;0
2021;200000674;1000000822;1;20000148;11000021;5;;0
2021;200000675;1000000823;0;20000077;11000010;5;;0
2021;200000676;1000000824;1;20000072;11000010;9;;0
2021;200000677;1000000825;1;20000036;11000005;4;;0
2021;200000678;1000000826;1;20000152;11000021;9;;0
2021;200000679;1000000828;1;20000095;11000013;5;;0
2021;200000680;1000000829;1;20000206;11000029;5;;0
2021;200000681;1000000830;1;20000169;11000024;9;;0
2021;200000682;1000000831;1;20000104;11000014;5;;0
2021;200000683;1000000832;1;20000052;11000007;9;;0
2021;200000684;1000000835;1;20000053;11000007;5;;1
2021;200000685;1000000836;1;20000037;11000005;5;;0
2021;200000686;1000000837;1;20000120;11000017;9;;0
2021;200000687;1000000838;1;20000130;11000018;5;;0
2021;200000688;1000000839;1;20000075;11000010;5;;0
2021;200000689;1000000840;1;20000163;11000023;5;;0
2021;200000690;1000000842;1;20000095;11000013;5;;1
2021;200000691;1000000844;1;20000145;11000020;9;;0
2021;200000692;1000000845;1;20000140;11000019;5;;0
2021;200000693;1000000847;1;20000196;11000027;5;;0
2021;200000694;1000000848;1;20000089;11000012;4;;0
2021;200000695;1000000849;1;20000115;11000016;4;;0
2021;200000696;1000000850;1;20000174;11000024;5;;0
2021;200000697;1000000851;0;20000093;11000013;5;;0
2021;200000698;1000000852;1;20000146;11000020;5;;0
2021;200000699;1000000853;1;20000160;11000022;5;;1
2021;200000700;1000000854;1;20000106;11000015;5;;0
2021;200000701;1000000856;1;20000202;11000028;5;;0
2021;200000702;1000000857;1;20000040;11000005;9;;0
2021;200000703;1000000859;0;20000060;11000008;5;;0
2021;200000704;1000000860;1;20000159;11000022;2;;0
2021;200000705;1000000861;1;20000026;11000003;9;;0
2021;200000706;1000000862;1;20000012;11000001;5;;0
2021;200000707;1000000863;1;20000110;11000015;4;;0
2021;200000708;1000000864;1;20000034;11000004;5;0;0
2021;200000709;1000000865;1;20000065;11000009;5;;0
2021;200000710;1000000866;0;20000051;11000007;5;1;0
2021;200000711;1000000867;1;20000149;11000021;2;;1
2021;200000712;1000000868;1;20000109;11000015;4;;0
2021;200000713;1000000870;1;20000094;11000013;9;1;0
2021;200000714;1000000871;1;20000125;11000017;5;;0
2021;200000715;1000000872;1;20000216;11000030;5;;0
2021;200000716;1000000873;1;20000126;11000017;5;;0
2021;200000717;1000000875;;20000092;11000013;5;;0
2021;200000718;1000000876;1;20000087;11000012;5;0;0
2021;200000719;1000000877;1;20000200;11000028;9;;0
2021;200000720;1000000878;1;20000198;11000028;5;;0
2021;200000721;1000000879;1;20000090;11000012;5;;0
2021;200000722;1000000880;1;20000087;11000012;5;;0
2021;200000723;1000000881;1;20000202;11000028;5;;0
2021;200000724;1000000882;1;20000036;11000005;5;0;0
2021;200000725;1000000883;1;20000003;11000000;5;;0
2021;200000726;1000000884;1;20000185;11000026;5;;0
2021;200000727;1000000885;1;20000076;11000010;4;;0
2021;200000728;1000000886;1;20000120;11000017;5;;0
2021;200000729;1000000888;1;20000033;11000004;5;;0
2021;200000730;1000000889;1;20000075;11000010;;;0
2021;200000731;1000000890;1;20000183;11000026;5;0;0
2021;200000732;1000000891;1;20000161;11000022;;0;0
2021;200000733;1000000892;1;20000051;11000007;;;0
2021;200000734;1000000893;1;20000064;11000009;4;;0
2021;200000735;1000000894;1;20000138;11000019;4;;0
2021;200000736;1000000896;1;20000119;11000016;5;;0
2021;200000737;1000000897;1;20000215;11000030;5;;0
2021;200000738;1000000898;1;20000073;11000010;5;;0
2021;200000739;1000000899;1;20000094;11000013;5;;0
2021;200000740;1000000900;1;20000046;11000006;5;;0
2021;200000741;1000000901;1;20000199;11000028;9;;0
2021;200000742;1000000902;1;20000015;11000002;5;;0
2021;200000743;1000000903;1;20000091;11000012;5;;0
2021;200000744;1000000904;1;20000023;11000003;5;;0
2021;200000745;1000000905;1;20000085;11000012;5;;0
2021;200000746;1000000906;1;20000008;11000001;5;1;1
2021;200000747;1000000907;;20000168;11000023;5;;0
2021;200000748;1000000908;1;20000070;11000009;5;;0
2021;200000749;1000000909;1;20000066;11000009;9;;0
2021;200000750;1000000911;1;20000121;11000017;5;;0
2021;200000751;1000000912;1;20000200;11000028;5;;0
2021;200000752;1000000914;0;20000037;11000005;5;1;0
2021;200000753;1000000917;1;20000212;11000030;5;;0
2021;200000754;1000000918;1;20000128;11000018;;;0
2021;200000755;1000000919;0;20000175;11000024;5;1;0
2021;200000756;1000000920;1;20000006;11000000;5;0;0
2021;200000757;1000000923;0;20000205;11000029;5;;0
2021;200000758;1000000924;1;20000196;11000027;5;;0
2021;200000759;1000000925;1;20000069;11000009;5;;0
2021;200000760;1000000926;1;20000181;11000025;5;0;0
2021;200000761;1000000927;0;20000154;11000021;5;;0
2021;200000762;1000000928;1;20000132;11000018;5;;0
2021;200000763;1000000929;1;20000046;11000006;9;;0
2021;200000764;1000000930;1;20000121;11000017;5;0;0
2021;200000765;1000000931;1;20000054;11000007;5;;0
2021;200000766;1000000932;1;20000040;11000005;2;1;0
2021;200000767;1000000933;1;20000077;11000010;9;;0
2021;200000768;1000000934;1;20000192;11000027;5;;0
2021;200000769;1000000935;1;20000165;11000023;4;;0
2021;200000770;1000000936;1;20000159;11000022;9;1;0
2021;200000771;1000000937;1;20000011;11000001;5;;0
2021;200000772;1000000940;1;20000073;11000010;5;0;0
2021;200000773;1000000941;1;20000031;11000004;;;0
2021;200000774;1000000942;1;20000002;11000000;5;;0
2021;200000775;1000000943;1;20000013;11000001;5;0;0
2021;200000776;1000000944;1;20000117;11000016;9;1;0
2021;200000777;1000000945;1;20000149;11000021;9;;0
2021;200000778;1000000947;1;20000087;11000012;5;;0
2021;200000779;1000000948;1;20000041;11000005;9;;1
2021;200000780;1000000949;1;20000018;11000002;9;;0
2021;200000781;1000000950;1;20000203;11000028;9;1;0
2021;200000782;1000000951;1;20000134;11000019;9;;0
2021;200000783;1000000953;0;20000189;11000026;;;0
2021;200000784;1000000954;1;20000180;11000025;9;;0
2021;200000785;1000000955;0;20000205;11000029;5;;0
2021;200000786;1000000956;1;20000177;11000025;5;;0
2021;200000787;1000000957;1;20000134;11000019;5;;0
2021;200000788;1000000959;1;20000132;11000018;5;;0
2021;200000789;1000000960;1;20000034;11000004;4;;0
2021;200000790;1000000961;1;20000185;11000026;9;;0
2021;200000791;1000000962;;20000200;11000028;5;;0
2021;200000792;1000000964;1;20000048;11000006;5;;0
2021;200000793;1000000965;1;20000060;11000008;2;;0
2021;200000794;1000000966;1;20000162;11000023;2;;0
2021;200000795;1000000967;1;20000103;11000014;5;;1
2021;200000796;1000000968;1;20000020;11000002;9;;0
2021;200000797;1000000969;1;20000184;11000026;5;;0
2021;200000798;1000000970;1;20000069;11000009;5;;0
2021;200000799;1000000971;1;20000076;11000010;5;;0
2021;200000800;1000000972;1;20000182;11000025;5;;0
2021;200000801;1000000973;1;20000181;11000025;5;;0
2021;200000802;1000000974;0;20000114;11000016;5;;0
2021;200000803;1000000975;1;20000027;11000003;5;;0
2021;200000804;1000000976;1;20000087;11000012;5;;0
2021;200000805;1000000977;1;20000116;11000016;5;;0
2021;200000806;1000000978;1;20000038;11000005;5;;0
2021;200000807;1000000979;1;20000171;11000024;5;;0
2021;200000808;1000000980;1;20000044;11000006;5;;0
2021;200000809;1000000982;1;20000163;11000023;5;;0
2021;200000810;1000000983;1;20000125;11000017;4;;0
2021;200000811;1000000984;1;20000126;11000017;9;;0
2021;200000812;1000000985;1;20000064;11000009;5;;0
2021;200000813;1000000987;1;20000062;11000008;5;;0
2021;200000814;1000000988;1;20000156;11000022;5;;0
2021;200000815;1000000990;1;20000110;11000015;2;0;0
2021;200000816;1000000991;0;20000080;11000011;5;;0
2021;200000817;1000000993;1;20000103;11000014;5;;0
2021;200000818;1000000994;1;20000027;11000003;5;0;1
2021;200000819;1000000995;1;20000208;11000029;5;;0
2021;200000820;1000000997;1;20000097;11000013;5;;0
2021;200000821;1000000998;1;20000072;11000010;5;;0
2021;200000822;1000000999;0;20000072;11000010;5;0;0
2021;200000823;1000001000;1;20000099;11000014;5;;0
2021;200000824;1000001001;1;20000021;11000002;5;;0
2021;200000825;1000001002;1;20000053;11000007;5;;0
2021;200000826;1000001005;1;20000016;11000002;9;;0
2021;200000827;1000001007;1;20000059;11000008;5;;0
2021;200000828;1000001008;1;20000091;11000012;5;;0
2021;200000829;1000001009;1;20000029;11000004;5;1;0
2021;200000830;1000001010;;20000082;11000011;5;;0
2021;200000831;1000001012;1;20000140;11000019;5;;0
2021;200000832;1000001013;1;20000138;11000019;5;;0
2021;200000833;1000001015;1;20000022;11000003;5;1;0
2021;200000834;1000001016;1;20000100;11000014;5;;0
2021;200000835;1000001017;1;20000205;11000029;5;1;0
2021;200000836;1000001018;0;20000097;11000013;9;0;0
2021;200000837;1000001019;1;20000073;11000010;9;;0
2021;200000838;1000001020;1;20000043;11000006;9;;0
2021;200000839;1000001021;1;20000092;11000013;4;;0
2021;200000840;1000001022;1;20000155;11000022;5;;0
2021;200000841;1000001023;;20000012;11000001;5;;0
2021;200000842;1000001024;1;20000036;11000005;5;;0
2021;200000843;1000001025;1;20000175;11000024;5;;0
2021;200000844;1000001026;1;20000203;11000028;9;;0
2021;200000845;1000001027;0;20000060;11000008;5;1;0
2021;200000846;1000001028;;20000071;11000010;9;;0
2021;200000847;1000001029;1;20000122;11000017;2;1;0
2021;200000848;1000001031;1;20000052;11000007;5;1;0
2021;200000849;1000001032;1;20000137;11000019;5;;0
2021;200000850;1000001033;1;20000085;11000012;5;;0
2021;200000851;1000001034;1;20000161;11000022;9;;1
2021;200000852;1000001035;0;20000023;11000003;5;1;0
2021;200000853;1000001036;1;20000158;11000022;5;1;0
2021;200000854;1000001037;1;20000028;11000003;5;;0
2021;200000855;1000001038;1;20000174;11000024;9;;0
2021;200000856;1000001039;1;20000158;11000022;9;;0
2021;200000857;1000001040;1;20000194;11000027;2;0;0
2021;200000858;1000001041;1;20000174;11000024;9;1;0
2021;200000859;1000001042;1;20000104;11000014;5;;0
2021;200000860;1000001043;0;20000211;11000030;9;;0
2021;200000861;1000001044;1;20000080;11000011;5;;1
2021;200000862;1000001046;1;20000182;11000025;5;;1
2021;200000863;1000001048;1;20000141;11000020;2;;0
2021;200000864;1000001049;1;20000053;11000007;5;;0
2021;200000865;1000001050;1;20000043;11000006;5;;0
2021;200000866;1000001051;1;20000023;11000003;5;;0
2021;200000867;1000001052;1;20000008;11000001;5;;0
2021;200000868;1000001053;1;20000006;11000000;5;;0
2021;200000869;1000001054;1;20000038;11000005;;1;0
2021;200000870;1000001055;1;20000133;11000018;9;1;0
2021;200000871;1000001056;1;20000074;11000010;5;;0
2021;200000872;1000001057;1;20000196;11000027;5;;0
2021;200000873;1000001058;0;20000205;11000029;5;;0
2021;200000874;1000001059;1;20000214;11000030;9;;0
2021;200000875;1000001060;1;20000085;11000012;4;0;0
2021;200000876;1000001061;1;20000103;11000014;9;0;0
2021;200000877;1000001062;1;20000058;11000008;5;;0
2021;200000878;1000001063;1;20000077;11000010;;;0
2021;200000879;1000001064;1;20000154;11000021;5;0;0
2021;200000880;1000001065;1;20000104;11000014;5;;0
2021;200000881;1000001066;1;20000099;11000014;5;;0
2021;200000882;1000001067;1;20000066;11000009;5;;0
2021;200000883;1000001068;1;20000166;11000023;5;;0
2021;200000884;1000001069;1;20000066;11000009;5;;1
2021;200000885;1000001070;1;20000048;11000006;5;;0
2021;200000886;1000001071;;20000137;11000019;5;;0
2021;200000887;1000001072;1;20000158;11000022;5;;0
2021;200000888;1000001073;1;20000015;11000002;9;;0
2021;200000889;1000001074;1;20000157;11000022;4;;0
2021;200000890;1000001075;1;20000021;11000002;5;;1
2021;200000891;1000001076;1;20000036;11000005;5;;0
2021;200000892;1000001077;1;20000184;11000026;5;;0
2021;200000893;1000001078;1;20000211;11000030;9;0;0
2021;200000894;1000001079;1;20000078;11000011;5;;0
2021;200000895;1000001080;1;20000154;11000021;5;;0
2021;200000896;1000001081;0;20000195;11000027;4;;0
2021;200000897;1000001082;1;20000062;11000008;5;;0
2021;200000898;1000001083;1;20000175;11000024;5;0;0
2021;200000899;1000001084;1;20000100;11000014;5;;0
2021;200000900;1000001085;1;20000160;11000022;5;;0
2021;200000901;1000001086;1;20000210;11000029;9;;0
2021;200000902;1000001087;1;20000106;11000015;5;;0
2021;200000903;1000001088;1;20000176;11000025;5;;0
2021;200000904;1000001089;1;20000113;11000016;5;;0
2021;200000905;1000001091;1;20000058;11000008;5;;0
2021;200000906;1000001092;1;20000080;11000011;5;;0
2021;200000907;1000001094;0;20000206;11000029;4;;1
2021;200000908;1000001095;1;20000117;11000016;9;;0
2021;200000909;1000001096;1;20000124;11000017;5;;0
2021;200000910;1000001097;1;20000132;11000018;5;;0
2021;200000911;1000001098;1;20000062;11000008;5;;0
2021;200000912;1000001099;1;20000019;11000002;5;0;0
2021;200000913;1000001100;1;20000138;11000019;9;;0
2021;200000914;1000001101;1;20000186;11000026;5;;0
2021;200000915;1000001102;1;20000150;11000021;9;;0
2021;200000916;1000001103;1;20000041;11000005;5;1;0
2021;200000917;1000001104;0;20000087;11000012;9;;1
2021;200000918;1000001105;1;20000023;11000003;5;;0
2021;200000919;1000001106;1;20000177;11000025;5;;0
2021;200000920;1000001107;1;20000032;11000004;9;;0
2021;200000921;1000001108;1;20000082;11000011;5;;0
2021;200000922;1000001109;1;20000109;11000015;5;;0
2021;200000923;1000001110;;20000014;11000001;5;;0
2021;200000924;1000001111;1;20000214;11000030;9;;0
2021;200000925;1000001112;1;20000212;11000030;4;0;0
2021;200000926;1000001113;1;20000045;11000006;5;;0
2021;200000927;1000001114;0;20000119;11000016;5;;0
2021;200000928;1000001115;1;20000115;11000016;;;0
2021;200000929;1000001116;1;20000033;11000004;5;;0
2021;200000930;1000001117;1;20000098;11000013;5;1;1
2021;200000931;1000001118;1;20000188;11000026;9;1;0
2021;200000932;1000001119;;20000024;11000003;5;;0
2021;200000933;1000001120;;20000083;11000011;5;;1
2021;200000934;1000001121;1;20000037;11000005;5;1;0
2021;200000935;1000001122;1;20000211;11000030;5;;0
2021;200000936;1000001123;1;20000131;11000018;9;1;0
2021;200000937;1000001124;1;20000015;11000002;9;1;0
2021;200000938;1000001125;1;20000137;11000019;5;;0
2021;200000939;1000001126;1;20000175;11000024;5;;0
2021;200000940;1000001127;0;20000012;11000001;;;0
2021;200000941;1000001128;1;20000019;11000002;9;;0
2021;200000942;1000001129;1;20000116;11000016;2;1;0
2021;200000943;1000001130;1;20000153;11000021;5;;0
2021;200000944;1000001131;1;20000091;11000012;5;;0
2021;200000945;1000001132;1;20000092;11000013;9;;0
2021;200000946;1000001133;0;20000070;11000009;2;;0
2021;200000947;1000001134;1;20000155;11000022;2;;0
2021;200000948;1000001135;1;20000052;11000007;5;1;0
2021;200000949;1000001136;1;20000156;11000022;5;;0
2021;200000950;1000001137;1;20000186;11000026;5;;1
2021;200000951;1000001138;1;20000104;11000014;9;;0
2021;200000952;1000001139;1;20000143;11000020;5;;0
2021;200000953;1000001140;1;20000090;11000012;5;;0
2021;200000954;1000001141;1;20000006;11000000;5;;0
2021;200000955;1000001142;0;20000046;11000006;5;;0
2021;200000956;1000001143;1;20000194;11000027;5;;0
2021;200000957;1000001144;1;20000060;11000008;5;1;0
2021;200000958;1000001145;1;20000214;11000030;5;0;0
2021;200000959;1000001146;1;20000023;11000003;5;;0
2021;200000960;1000001147;1;20000147;11000020;2;;0
2021;200000961;1000001148;1;20000009;11000001;2;;0
2021;200000962;1000001149;1;20000098;11000013;9;;0
2021;200000963;1000001150;1;20000110;11000015;5;1;0
2021;200000964;1000001151;1;20000187;11000026;5;1;0
2021;200000965;1000001152;;20000196;11000027;5;;0
2021;200000966;1000001153;1;20000128;11000018;5;1;1
2021;200000967;1000001154;1;20000045;11000006;5;;0
2021;200000968;1000001155;1;20000190;11000027;9;;0
2021;200000969;1000001156;1;20000176;11000025;5;;0
2021;200000970;1000001157;1;20000019;11000002;5;;0
2021;200000971;1000001158;1;20000116;11000016;9;;0
2021;200000972;1000001159;1;20000212;11000030;9;;0
2021;200000973;1000001160;1;20000060;11000008;4;;0
2021;200000974;1000001161;1;20000042;11000005;5;;0
2021;200000975;1000001162;1;20000072;11000010;9;1;0
2021;200000976;1000001163;0;20000203;11000028;;1;0
2021;200000977;1000001164;1;20000077;11000010;5;;0
2021;200000978;1000001165;1;20000052;11000007;5;1;0
2021;200000979;1000001166;1;20000201;11000028;9;1;0
2021;200000980;1000001167;0;20000101;11000014;5;;0
2021;200000981;1000001168;1;20000117;11000016;9;;0
2021;200000982;1000001169;1;20000124;11000017;5;;0
2021;200000983;1000001170;1;20000138;11000019;5;;0
2021;200000984;1000001171;1;20000037;11000005;5;;0
2021;200000985;1000001172;1;20000130;11000018;5;1;0
2021;200000986;1000001173;0;20000175;11000024;5;;0
2021;200000987;1000001174;1;20000081;11000011;5;1;0
2021;200000988;1000001175;1;20000032;11000004;5;1;0
2021;200000989;1000001176;1;20000142;11000020;9;;0
2021;200000990;1000001177;1;20000132;11000018;5;;0
2021;200000991;1000001178;1;20000007;11000000;5;1;0
2021;200000992;1000001179;1;20000122;11000017;5;;0
2021;200000993;1000001180;1;20000051;11000007;5;0;0
2021;200000994;1000001181;1;20000102;11000014;9;;0
2021;200000995;1000001182;1;20000194;11000027;5;;0
2021;200000996;1000001183;1;20000163;11000023;9;;0
2021;200000997;1000001184;1;20000041;11000005;5;;0
2021;200000998;1000001185;1;20000143;11000020;5;0;0
2021;200000999;1000001186;1;20000182;11000025;5;;0
2021;200001000;1000001187;1;20000165;11000023;4;;0
