NU_ANO;CO_PESSOA_FISICA;ID_MATRICULA;NU_IDADE_REFERENCIA;TP_SEXO;TP_COR_RACA;TP_NACIONALIDADE;CO_UF_NASC;CO_MUNICIPIO_NASC;CO_PAIS_RESIDENCIA;CO_UF_END;CO_MUNICIPIO_END;TP_ZONA_RESIDENCIAL;IN_NECESSIDADE_ESPECIAL;IN_TRANSPORTE_PUBLICO;IN_TRANSP_BICICLETA;IN_TRANSP_MICRO_ONIBUS;IN_TRANSP_ONIBUS;IN_TRANSP_TR_ANIMAL;IN_TRANSP_VANS_KOMBI;IN_TRANSP_OUTRO_VEICULO;IN_TRANSP_EMBAR_ATE5;IN_TRANSP_EMBAR_5A15;IN_TRANSP_EMBAR_15A35;IN_TRANSP_EMBAR_35;IN_ESPECIAL_EXCLUSIVA;IN_REGULAR;IN_EJA;IN_PROFISSIONALIZANTE;ID_TURMA;CO_ENTIDADE
2017;1000000000;1;19;1;1;1;;00000098;00000001;00000004;;1;0;0;0;;;;;;;;;;0;1;0;0;191;11000027
2017;1000000001;2;21;2;2;1;;00005290;00000001;00000005;;1;0;1;;;;;;;;;;;0;;0;0;20;11000002
2017;1000000002;3;11;1;1;1;;00003813;00000002;00000017;00002613;1;0;0;;0;;;;;0;0;;;0;1;1;;71;11000010
2017;1000000003;4;4;2;0;1;;00003992;00000002;00000015;00000344;1;0;0;;;;;;;;;;;0;1;0;0;155;11000022
2017;1000000004;5;6;1;3;1;;00004742;00000001;00000012;00003812;1;0;0;;0;;;1;;;;;0;0;1;0;0;117;11000016
2017;1000000005;6;7;2;1;1;;00003597;00000001;;;1;0;1;;;;;;0;;1;;0;0;1;0;0;111;11000015
2017;1000000006;7;4;2;3;1;;00004731;00000002;00000021;00001269;1;0;0;;;;;;;0;;;0;0;1;0;0;112;11000015
2017;1000000007;8;14;2;3;1;;00002976;00000001;;;2;0;0;;;;;;;;;;;0;1;0;0;79;11000011
2017;1000000008;9;6;1;3;1;;00004193;00000002;;;1;0;0;;;;;0;;;;0;;0;1;0;0;169;11000024
2017;1000000009;10;5;1;0;1;;00000645;00000001;00000026;00000964;1;0;0;0;0;;;;0;0;;;;0;1;0;0;140;11000019
2017;1000000010;11;8;2;1;1;;00004074;00000001;00000009;00002985;1;0;0;;;;;;;;;;;0;1;0;0;4;11000000
2017;1000000011;12;5;2;3;1;;00005330;00000001;00000023;00001719;1;0;0;;;;;0;0;;;;;0;0;0;0;68;11000009
2017;1000000012;13;20;2;1;1;;00004908;00000001;00000010;;2;0;0;;;;;;0;;;0;;0;1;0;0;94;11000013
2017;1000000013;14;10;2;1;1;;00003108;00000002;00000011;00003980;1;0;0;;0;;;;;;;;;0;1;;0;200;11000028
2017;1000000014;15;8;1;3;1;;00000682;00000001;00000026;00005399;2;0;0;;;;;;;;;;;0;1;;0;130;11000018
2017;1000000015;16;21;1;0;1;;00002847;00000002;00000003;;1;0;1;0;;;;;0;0;;;;;1;1;0;34;11000004
2017;1000000016;17;35;2;3;1;;00003565;00000002;;00004222;2;0;0;;;;;0;0;;;;0;0;1;0;0;106;11000015
2017;1000000017;18;12;1;0;1;;00002025;00000001;00000011;;1;0;0;;;1;;;;0;;;;0;1;;0;30;11000004
2017;1000000018;19;8;1;0;1;;00002651;00000002;;00002002;1;0;0;0;;;;;;;;;;0;;0;;78;11000011
2017;1000000019;20;16;1;1;1;;00000621;00000002;00000007;;2;0;0;;;;;;;;;;;0;1;0;0;196;11000027
2017;1000000020;21;19;2;3;1;;00004420;00000002;;00004892;1;0;0;;;;0;;0;;;;;0;0;0;0;139;11000019
2017;1000000021;22;14;2;1;1;;00005181;00000001;00000027;00005051;1;0;0;;;1;;;;0;;;;0;1;0;0;12;11000001
2017;1000000022;23;45;2;0;1;;00000281;00000001;00000016;00003482;1;0;0;;;;;;;;;0;;0;;0;0;143;11000020
2017;1000000023;24;23;1;1;1;;00000075;00000002;00000024;;1;0;0;;;1;;;;;;;;0;1;0;0;211;11000030
2017;1000000024;25;12;2;1;1;;00004441;00000002;;00004993;1;0;0;;1;;;;;0;;;;0;1;0;0;115;11000016
2017;1000000025;26;7;1;3;1;;00004081;00000002;;;2;0;0;0;;;;;;;0;;0;;0;0;0;85;11000012
2017;1000000026;27;15;2;3;1;;00003575;00000001;00000007;00004583;1;0;0;0;;;;;;;;;;0;1;;0;182;11000025
2017;1000000027;28;19;2;0;1;;00003995;00000001;;00001976;1;0;0;;;;;;;;;;;0;1;0;0;181;11000025
2017;1000000028;29;8;1;1;1;;00001085;00000001;00000008;;1;0;0;;;;0;;;0;0;;;0;1;0;0;62;11000008
2017;1000000029;30;4;1;1;1;;00004893;00000002;;;1;0;0;;;1;;;;0;0;0;;0;1;0;0;33;11000004
2017;1000000030;31;4;2;0;1;;00005213;00000002;00000021;00001821;2;0;1;;;;;;0;;;0;;0;;0;0;202;11000028
2017;1000000031;32;17;2;0;1;;00003963;00000001;00000012;00004166;1;0;1;;;;0;;;;;;0;0;1;0;0;150;11000021
2017;1000000032;33;15;2;0;1;;00004842;00000001;00000012;00001156;1;1;0;0;;;;;;0;;;;0;1;0;1;179;11000025
2017;1000000033;34;5;2;0;1;;00003909;00000001;00000027;00001401;1;0;0;;;;;;;;;;;0;1;1;0;211;11000030
2017;1000000034;35;13;1;0;1;;00003717;00000002;00000006;00004623;1;0;1;0;;;;;;;;0;0;0;0;0;0;205;11000029
2017;1000000035;36;4;2;1;1;;00004298;00000002;;;1;0;0;;;;;;;;;;;0;1;0;0;44;11000006
2017;1000000036;37;13;2;1;1;;00003074;00000002;;00000299;1;0;0;;;;;;;;;;;0;1;0;0;215;11000030
2017;1000000037;38;10;1;3;1;;00005318;00000001;;;1;0;0;;;;0;;;;;;;0;1;0;0;203;11000028
2017;1000000038;39;19;1;1;1;;00002795;00000002;;;1;0;0;;;;;0;;;0;;;0;1;0;0;2;11000000
2017;1000000039;40;16;1;1;1;;00005220;00000001;00000007;00001237;1;0;0;;;1;;;0;;0;;;0;1;0;1;1;11000000
2017;1000000040;41;15;1;1;1;;00000283;00000002;00000027;;1;0;0;;;;;;;0;;;;0;1;;0;113;11000016
2017;1000000041;42;15;2;3;1;;00004935;00000002;;;1;0;0;;;;;0;0;;;;;0;0;0;0;195;11000027
2017;1000000042;43;13;2;1;1;;00004389;00000002;00000024;00001758;1;0;0;;0;;;;;;0;;;0;1;0;;64;11000009
2017;1000000043;44;36;1;3;1;;00001768;00000001;;;1;0;0;0;;;;;;;;;;0;1;0;;103;11000014
2017;1000000044;45;15;2;3;1;;00004131;00000002;00000008;00002044;1;0;1;;;;;0;;;;;;0;0;0;0;37;11000005
2017;1000000045;46;4;2;1;1;;00000535;00000001;;;1;0;0;;;;;;;;;;;0;1;0;0;93;11000013
2017;1000000046;47;4;1;0;1;;00004440;00000001;00000011;;1;0;0;;0;;0;;0;0;;0;;;1;0;0;57;11000008
2017;1000000047;48;6;2;1;1;;00002382;00000001;00000011;;1;0;1;;;1;;;;;0;;;;1;1;0;92;11000013
2017;1000000048;49;32;2;0;1;;00003120;00000002;;00000762;1;0;0;;;;0;;0;0;0;;;0;1;0;0;193;11000027
2017;1000000049;50;6;1;1;1;;00005271;00000002;00000006;00004258;1;0;0;;;;;0;;;0;;0;0;1;1;0;187;11000026
2017;1000000050;51;9;1;0;1;;00002515;00000001;00000007;;1;0;0;0;;;;;;;0;;;0;1;0;0;171;11000024
2017;1000000051;52;9;2;1;1;;00004514;00000001;;00001723;2;0;1;;0;1;;0;;;;;;0;1;0;0;188;11000026
2017;1000000052;53;15;2;0;1;;00004194;00000001;00000010;00001481;1;0;0;;;;;;0;;;;;0;1;;;217;11000030
2017;1000000053;54;17;1;0;1;;00001451;00000001;;00004551;2;0;1;0;;;;;;0;;0;;0;1;0;;120;11000017
2017;1000000054;55;13;1;0;1;;00003774;00000001;;00004097;1;0;0;;;;;;;;;;;0;;0;0;205;11000029
2017;1000000055;56;4;1;1;1;;00000013;00000001;;00001074;2;0;0;;;;;;;;;;;0;;0;0;37;11000005
2017;1000000056;57;5;1;0;1;;00003943;00000001;00000023;00004367;2;0;0;0;;;;;;;;0;0;0;1;0;0;10;11000001
2017;1000000057;58;14;2;3;1;;00000709;00000002;;00001939;2;0;0;;;;;0;;;;;;0;1;0;0;96;11000013
2017;1000000058;59;11;2;1;1;;00003728;00000001;;;2;0;0;0;0;;;0;;;;;;0;1;0;0;32;11000004
2017;1000000059;60;7;1;0;1;;00003688;00000002;00000021;00003960;1;0;0;;0;;;;0;;;;;0;1;0;0;138;11000019
2017;1000000060;61;5;1;1;1;;00005290;00000002;;;1;0;0;;;;;;;;;;0;0;1;0;0;93;11000013
2017;1000000061;62;40;2;0;1;;00002997;00000002;00000012;00004902;1;0;1;0;;;;;;;;;;0;;0;0;142;11000020
2017;1000000062;63;4;1;3;1;;00003501;00000002;00000027;00005372;1;0;0;;;1;;;;;;;;0;1;0;0;166;11000023
2017;1000000063;64;16;1;3;1;;00005472;00000001;;00004218;1;0;0;;;;;;;;;0;;0;0;0;0;77;11000010
2017;1000000064;65;4;1;3;1;;00005082;00000002;00000012;00004480;1;0;1;0;;;;;;0;0;;0;;1;0;0;179;11000025
2017;1000000065;66;14;1;3;1;;00003959;00000001;00000025;00004531;1;0;0;;0;;;;0;;;;;0;0;0;0;21;11000002
2017;1000000066;67;11;2;3;1;;00005391;00000001;;00001449;1;0;0;;;1;;0;;;;;0;0;1;0;0;68;11000009
2017;1000000067;68;4;1;3;1;;00003257;00000001;00000012;00003440;1;0;0;0;;;;;0;;;;;0;1;0;0;136;11000019
2017;1000000068;69;5;2;0;1;;00004560;00000001;00000021;00001614;1;0;0;;;1;;;;;0;0;;0;1;1;0;166;11000023
2017;1000000069;70;10;1;0;1;;00003351;00000001;00000024;00000202;1;0;0;;;;0;;;;;;;0;1;0;1;197;11000028
2017;1000000070;71;13;2;1;1;;00000584;00000001;00000014;;2;0;1;;0;;;0;;;;;;0;1;0;0;69;11000009
2017;1000000071;72;14;2;0;1;;00002567;00000001;;;1;0;0;0;1;0;;0;;;;;;0;0;0;;216;11000030
2017;1000000072;73;10;2;3;1;;00004247;00000002;00000026;00003665;1;0;0;;1;;0;;;;;;;0;1;0;;76;11000010
2017;1000000073;74;8;1;3;1;;00000087;00000001;;;2;0;0;;;;;;;;;;;0;1;0;0;89;11000012
2017;1000000074;75;10;2;0;1;;00004961;00000002;00000022;00002777;1;0;0;;;1;;;;;;;;0;1;0;0;30;11000004
2017;1000000075;76;5;2;2;1;;00004246;00000001;00000013;00003038;1;0;0;;;;0;;;;;0;;;1;0;0;204;11000029
2017;1000000076;77;13;2;0;1;;00004844;00000001;00000023;00005195;1;0;0;;;1;0;;;;;;;0;1;0;0;127;11000018
2017;1000000077;78;9;1;0;1;;00000761;00000001;00000025;;1;0;0;;;;;;;;;;;;1;0;0;78;11000011
2017;1000000078;79;7;1;0;1;;00004434;00000002;00000017;00000096;1;0;0;;;;;;;0;;;0;;1;0;0;31;11000004
2017;1000000079;80;13;2;0;1;;00002358;00000001;;00003692;2;0;1;0;;;;0;;;;;;;1;;;77;11000010
2017;1000000080;81;16;1;3;1;;00004886;00000001;;00001833;1;0;0;;;;;;;;0;;0;0;1;0;0;214;11000030
2017;1000000081;82;14;2;1;1;;00003793;00000002;;;1;0;0;;;;;;;;;;;0;1;0;0;140;11000019
2017;1000000082;83;9;2;3;1;;00004102;00000001;;00004347;1;0;0;;1;;;0;;;0;0;;0;1;0;0;97;11000013
2017;1000000083;84;6;2;0;1;;00001817;00000001;00000005;00002248;1;0;0;0;;;;;;;0;;;;0;0;;60;11000008
2017;1000000084;85;17;1;3;1;;00002358;00000001;;;1;0;0;;;;;0;;;;;;0;0;0;0;13;11000001
2017;1000000085;86;16;1;0;1;;00000945;00000002;00000007;00003559;1;0;0;;;1;;;;;;;;0;0;0;0;209;11000029
2017;1000000086;87;10;1;3;1;;00000911;00000002;00000026;00005240;1;0;0;;;;;;0;;;;;0;1;0;0;115;11000016
2017;1000000087;88;12;1;3;1;;00003948;00000002;;;1;0;0;;;;;0;;;;;;0;1;0;0;5;11000000
2017;1000000088;89;12;1;3;1;;00001430;00000001;;00000780;1;0;1;0;;;;;;0;;;;0;1;;0;173;11000024
2017;1000000089;90;11;2;3;1;;00005117;00000001;00000021;00003010;2;0;0;;;;;;;;;;0;0;1;0;0;215;11000030
2017;1000000090;91;6;1;3;1;;00003786;00000001;00000018;00004566;2;0;0;;;;;;;;;;;0;0;0;0;5;11000000
2017;1000000091;92;13;2;3;1;;00001655;00000001;00000003;00003100;2;0;0;0;0;;;;;;;;;0;1;1;;209;11000029
2017;1000000092;93;10;1;3;1;;00004566;00000001;00000014;00000076;1;0;1;0;;;;;;;;0;;0;0;0;1;81;11000011
2017;1000000093;94;20;1;3;1;;00004115;00000001;00000027;00005215;1;0;0;0;0;;;;;;;;;;1;0;0;170;11000024
2017;1000000094;95;4;2;3;1;;00004285;00000002;;00000329;1;0;0;;;;;0;;;0;;;0;1;0;0;122;11000017
2017;1000000095;96;4;2;1;1;;00001059;00000002;;00005503;2;0;0;;;;;;;;;;0;0;1;0;0;189;11000026
2017;1000000096;97;9;1;1;1;;00003863;00000002;;00002066;1;0;0;;;;;;;;;;0;0;1;0;0;205;11000029
2017;1000000097;98;7;1;0;1;;00002091;00000002;00000025;00001051;1;0;1;;;1;0;;;;;0;;0;1;0;0;22;11000003
2017;1000000098;99;4;1;1;1;;00001015;00000001;;00001324;1;0;0;;;;;0;;;;;;0;1;0;0;103;11000014
2017;1000000099;100;6;2;1;1;;00004050;00000001;00000010;00002344;2;0;0;;0;;;0;;;;;;0;1;0;0;80;11000011
2017;1000000100;101;6;2;0;1;;00004349;00000002;00000020;00000574;1;0;0;;;;;;;;;0;;0;1;;0;91;11000012
2017;1000000101;102;10;1;3;1;;00000006;00000001;;00003165;1;0;0;;;;0;;;;;0;;0;1;0;0;62;11000008
2017;1000000102;103;10;2;0;1;;00002947;00000001;;00000657;1;0;1;;;;;0;;;;;;0;0;0;0;149;11000021
2017;1000000103;104;15;1;1;1;;00004197;00000002;;;2;0;0;;;;;0;;0;;;;0;0;0;0;67;11000009
2017;1000000104;105;22;1;3;1;;00003118;00000002;00000001;;1;0;;0;;;;;;;;;;0;1;0;0;77;11000010
2017;1000000105;106;28;2;3;1;;00001875;00000002;00000002;;1;1;1;;;;;;;0;;;;0;1;0;0;94;11000013
2017;1000000106;107;4;1;1;1;;00004644;00000002;00000012;00002988;1;0;0;;;;;;;0;;;0;0;1;0;;212;11000030
2017;1000000107;108;4;2;0;1;;00001308;00000001;00000008;;1;0;0;;;;;;;;;;;;0;0;;30;11000004
2017;1000000108;109;7;1;5;1;;00004117;00000001;00000018;00001254;1;0;1;0;;;;;;;0;;;0;0;0;0;203;11000028
2017;1000000109;110;13;1;3;1;;00001554;00000001;00000012;;1;0;0;;;1;0;;;0;;;;0;1;0;0;59;11000008
2017;1000000110;111;16;1;3;1;;00001083;00000002;;00002424;2;0;0;;0;;;;;;0;0;0;0;1;0;0;164;11000023
2017;1000000111;112;4;1;1;1;;00000461;00000002;;00003109;1;0;0;;;;0;;;;;;0;0;;0;0;20;11000002
2017;1000000112;113;4;2;0;1;;00004351;00000001;00000016;00000030;2;0;0;;;;;0;;;0;0;;0;0;0;0;52;11000007
2017;1000000113;114;8;2;3;1;;00004900;00000001;00000007;00001511;1;0;0;;0;1;;;;;;;;0;1;0;0;132;11000018
2017;1000000114;115;7;1;3;1;;00000771;00000002;00000007;00003121;1;0;0;;;;;;;;;;;0;1;0;0;134;11000019
2017;1000000115;116;7;2;3;1;;00004165;00000002;;00000659;1;0;0;0;0;;;0;;;;;;0;1;1;0;195;11000027
2017;1000000116;117;13;1;0;1;;00003611;00000001;00000020;00003383;1;0;0;;;;;;;;;;;0;1;0;0;199;11000028
2017;1000000117;118;9;2;3;1;;00000616;00000001;00000005;;1;0;0;;0;;;;;;0;;;0;1;0;0;130;11000018
2017;1000000118;119;16;2;0;1;;00004553;00000001;;;2;0;0;;;;;0;;0;0;;;0;1;0;;92;11000013
2017;1000000119;120;4;1;1;1;;00002968;00000002;;00001375;1;0;0;;;;0;0;;;;;;0;1;1;0;73;11000010
2017;1000000120;121;9;2;3;1;;00004331;00000002;;00001455;1;0;0;;0;;;;;0;;;;0;1;0;;59;11000008
2017;1000000121;122;15;1;3;1;;00000564;00000001;;;1;0;0;;;;;;;;0;;;;1;0;0;160;11000022
2017;1000000122;123;16;1;0;1;;00000932;00000001;;00002567;1;0;0;;;;0;;0;;;;;0;1;0;0;122;11000017
2017;1000000123;124;16;2;1;1;;00001317;00000002;00000006;00001578;1;0;0;;;;0;0;0;;;;;0;1;0;0;16;11000002
2017;1000000124;125;5;1;0;1;;00000369;00000002;00000015;00004667;1;0;0;;0;;;;;;;;;0;1;0;0;30;11000004
2017;1000000125;126;15;1;1;1;;00000606;00000002;;;1;0;0;;;;;;;;;;;0;1;0;0;209;11000029
2017;1000000126;127;4;2;0;1;;00002616;00000001;00000005;00002467;2;0;0;;;;;;;;0;;;0;1;0;0;123;11000017
2017;1000000127;128;28;1;0;1;;00002700;00000002;;;2;0;0;;;1;;;;0;0;;;0;1;0;0;106;11000015
2017;1000000128;129;10;2;3;1;;00000004;00000002;00000001;00004795;2;0;0;;;;0;;;;0;;;0;1;0;0;61;11000008
2017;1000000129;130;4;2;1;1;;00001909;00000001;;00001024;2;0;0;;;;;;;;;0;;0;1;0;0;211;11000030
2017;1000000130;131;19;2;1;1;;00004003;00000002;00000014;00000221;1;0;0;0;;;;0;;;;;;0;1;0;0;47;11000006
2017;1000000131;132;16;2;3;1;;00002638;00000001;00000021;00004967;1;0;0;0;;1;;;;;;;0;0;1;0;0;193;11000027
2017;1000000132;133;6;1;0;1;;00002027;00000001;;00002526;1;0;0;;;;;1;;;0;;;0;1;0;0;151;11000021
2017;1000000133;134;21;1;2;1;;00001583;00000002;00000016;00001960;1;0;;;;;;;;;;;;0;1;0;0;174;11000024
2017;1000000134;135;4;2;1;1;;00005249;00000001;;00002856;1;0;0;;;;;;;;;0;;;1;0;0;80;11000011
2017;1000000135;136;16;1;0;1;;00001119;00000002;00000006;00002805;2;0;0;;;;;;0;0;;;;;1;0;0;182;11000025
2017;1000000136;137;17;1;3;1;;00001703;00000001;00000018;00001201;2;0;0;;;;;;;;;;;0;1;0;0;196;11000027
2017;1000000137;138;12;2;1;1;;00002536;00000002;00000002;00004758;1;0;0;;;;;;;;;;;0;1;0;;133;11000018
2017;1000000138;139;4;2;1;1;;00000870;00000001;;00005449;1;0;0;;0;;;;;;;;;0;;0;0;138;11000019
2017;1000000139;140;6;2;3;1;;00002957;00000001;00000006;00003713;1;0;0;;0;;;;;;;;;0;1;0;0;100;11000014
2017;1000000140;141;14;1;3;1;;00001696;00000001;;00002999;1;0;0;;;;;;0;;;;;0;1;1;0;146;11000020
2017;1000000141;142;12;1;1;1;;00000598;00000001;00000019;00002491;2;0;0;;;;;;;;0;;;0;1;0;0;187;11000026
2017;1000000142;143;8;1;3;1;;00001183;00000001;00000009;00000974;1;0;0;;;;;;;;;;;0;1;0;0;126;11000017
2017;1000000143;144;17;1;2;1;;00003736;00000001;;00000197;1;0;1;;;;;;;;;;;0;1;0;0;207;11000029
2017;1000000144;145;4;2;1;1;;00002368;00000002;;;1;0;1;;;;;;;;0;;;0;1;0;0;113;11000016
2017;1000000145;146;17;2;3;1;;00002599;00000001;00000012;00002976;1;0;0;;;;;;0;;;;;0;;0;0;177;11000025
2017;1000000146;147;14;2;0;1;;00003331;00000002;00000015;00002798;1;0;0;;;;;;;0;;;;0;1;0;0;63;11000008
2017;1000000147;148;22;2;1;1;;00004720;00000001;00000014;;2;0;0;;0;;;0;;;;;;;0;0;0;92;11000013
2017;1000000148;149;11;1;1;1;;00002448;00000002;00000002;;1;0;0;;0;;;;;0;0;;;0;1;0;0;204;11000029
2017;1000000149;150;14;2;1;1;;00005118;00000002;00000010;;1;0;0;;;;;;;;0;0;;0;1;0;0;118;11000016
2017;1000000150;151;5;2;0;1;;00003266;00000002;00000004;;1;0;0;0;;;;;;;;;0;0;1;0;0;204;11000029
2017;1000000151;152;9;2;1;1;;00003022;00000002;00000002;00004271;2;0;0;;;;0;;;;;;;0;1;0;0;147;11000020
2017;1000000152;153;17;1;3;1;;00002541;00000002;00000023;;1;0;0;;;;;;;0;0;0;;0;0;0;0;186;11000026
2017;1000000153;154;15;1;1;1;;00001436;00000001;00000002;00002830;1;0;0;;;;;;;;0;;;0;0;0;0;54;11000007
2017;1000000154;155;5;2;0;1;;00003594;00000002;;;1;0;0;;;;;;;;;0;;0;1;0;0;217;11000030
2017;1000000155;156;17;1;1;1;;00000991;00000001;;;1;0;0;;;;;;;0;;;;0;1;0;0;23;11000003
2017;1000000156;157;14;1;0;1;;00003600;00000001;00000014;;1;0;0;;;;;;;0;;;0;0;1;0;0;28;11000003
2017;1000000157;158;13;2;0;1;;00003922;00000002;00000012;;1;0;0;;;;;;;0;;;0;0;1;0;;166;11000023
2017;1000000158;159;14;2;0;1;;00002305;00000002;00000011;00000163;1;0;0;;;;;;0;;;;;0;1;0;0;33;11000004
2017;1000000159;160;5;1;3;1;;00002949;00000002;00000002;00001321;2;0;0;;;;;;0;;;;;0;1;0;0;63;11000008
2017;1000000160;161;20;1;1;1;;00005187;00000002;;;1;0;0;;;;;;;;;;;0;;1;0;30;11000004
2017;1000000161;162;7;2;0;1;;00004886;00000001;;00004170;1;0;0;0;;;;;0;;0;;;0;;0;0;83;11000011
2017;1000000162;163;16;1;0;1;;00004279;00000001;00000005;00004670;1;0;0;;;;;;;;;0;;0;1;0;0;9;11000001
2017;1000000163;164;10;1;1;1;;00001813;00000001;00000017;;1;0;0;;;;;;;;0;;;0;1;0;0;46;11000006
2017;1000000164;165;7;2;3;1;;00005055;00000001;00000012;;1;0;0;0;0;;;;;;;;;0;1;0;1;215;11000030
2017;1000000165;166;14;2;0;1;;00002701;00000002;;;2;0;0;;;;;;0;0;;;;0;1;1;;107;11000015
2017;1000000166;167;8;2;3;1;;00001582;00000002;00000009;00004786;1;0;0;;;;;;;0;;0;;0;1;0;0;76;11000010
2017;1000000167;168;11;1;3;1;;00004319;00000001;00000003;00001517;1;0;1;;0;;;;0;0;;;;0;1;0;0;137;11000019
2017;1000000168;169;12;1;3;1;;00002555;00000001;00000017;00001291;1;0;0;;;;;;;;0;;;0;1;0;0;82;11000011
2017;1000000169;170;14;1;1;1;;00004008;00000001;;;1;0;0;;;;;;;;;;;0;1;0;;53;11000007
2017;1000000170;171;4;1;1;1;;00004294;00000002;00000025;00000588;1;0;0;;;;;;;0;;;;0;0;0;0;10;11000001
2017;1000000171;172;15;1;0;1;;00003007;00000002;00000001;00005086;1;0;0;;;;;;;;;;;0;1;0;0;28;11000003
2017;1000000172;173;15;1;3;1;;00005480;00000002;;00001449;1;1;1;;0;;;;;;;;;0;1;0;0;101;11000014
2017;1000000173;174;8;2;0;1;;00001542;00000002;00000025;00004278;2;0;0;;;;;0;;0;;;;0;1;0;0;208;11000029
2017;1000000174;175;15;1;1;1;;00002367;00000001;00000001;;1;0;0;;;1;;;;;0;;;0;1;0;0;53;11000007
2017;1000000175;176;14;1;1;1;;00001557;00000002;00000012;00002642;1;0;0;;;;;;;0;;;;0;1;0;0;64;11000009
2017;1000000176;177;4;2;1;1;;00005505;00000002;00000023;00000261;1;0;0;;;;;;0;;;;;0;1;0;0;63;11000008
2017;1000000177;178;16;1;1;1;;00005032;00000001;00000002;00001944;2;0;0;;;;;;;;0;0;;0;1;0;0;203;11000028
2017;1000000178;179;17;2;0;1;;00004655;00000002;00000019;00003434;2;0;0;;;;;;;;;0;;0;0;0;0;194;11000027
2017;1000000179;180;4;1;0;1;;00004039;00000001;;00002590;1;0;0;;;;;;;;;;0;0;1;0;0;158;11000022
2017;1000000180;181;4;2;0;1;;00001787;00000001;00000009;00004669;1;0;1;;;;0;0;;;;;;0;1;0;0;90;11000012
2017;1000000181;182;18;2;1;1;;00001524;00000002;;00000439;1;0;0;;0;;0;0;;;;;;0;1;0;0;3;11000000
2017;1000000182;183;11;2;0;1;;00003145;00000002;00000003;00001247;1;0;1;;;;0;;;;;;;0;1;0;0;118;11000016
2017;1000000183;184;11;2;0;1;;00001992;00000001;00000023;00002969;1;0;0;;;;0;;0;;;;;0;0;0;;1;11000000
2017;1000000184;185;4;1;3;1;;00001720;00000001;00000023;;1;0;0;;;1;;;;;;0;;0;1;0;0;158;11000022
2017;1000000185;186;4;2;2;1;;00003866;00000002;00000020;;1;0;0;;;0;;;0;0;;;;0;0;0;0;60;11000008
2017;1000000186;187;4;1;0;1;;00000859;00000001;00000009;00000634;1;0;0;;;1;0;;;;;;;0;1;0;0;79;11000011
2017;1000000187;188;17;1;1;1;;00000143;00000002;00000007;;1;0;0;;;1;;;;;0;;;;0;0;0;158;11000022
2017;1000000188;189;14;2;1;1;;00003296;00000002;00000004;00000087;1;0;0;;;1;0;;;0;;;;0;;0;0;27;11000003
2017;1000000189;190;11;1;0;1;;00000628;00000002;00000010;;1;0;0;;0;;0;0;;0;;;;0;1;0;0;63;11000008
2017;1000000190;191;10;1;3;1;;00005334;00000001;00000021;00001166;1;0;0;0;;;;;;;;;;0;1;0;0;115;11000016
2017;1000000191;192;17;1;0;1;;00001626;00000001;00000027;;1;0;0;;;;0;;;;0;0;;0;1;0;0;93;11000013
2017;1000000192;193;14;1;1;1;;00003744;00000002;00000022;;1;0;0;;;;;;0;0;;;;0;1;0;0;28;11000003
2017;1000000193;194;14;2;0;1;;00002634;00000002;;00000789;1;0;0;0;;;;0;;;;;;0;1;0;0;175;11000024
2017;1000000194;195;12;1;3;1;;00002210;00000002;;;2;0;0;;;;;;;;;0;;0;1;0;0;82;11000011
2017;1000000195;196;13;1;0;1;;00001338;00000001;00000021;00001018;1;0;1;;;;0;;;;;;;0;0;0;0;133;11000018
2017;1000000196;197;7;2;3;1;;00001959;00000002;;00001984;1;0;1;;;;;;;;;;;;1;0;0;160;11000022
2017;1000000197;198;12;1;3;1;;00001950;00000001;00000017;00004756;1;0;0;;;;;;;;;0;;0;;0;0;189;11000026
2017;1000000198;199;4;1;3;1;;00002035;00000002;00000006;00002731;2;0;0;;;;;;;;;;;0;1;1;1;174;11000024
2017;1000000199;200;4;2;1;1;;00004640;00000001;00000020;00002636;1;0;0;;;0;;0;;;;;;0;0;0;0;151;11000021
2017;1000000200;201;4;2;3;1;;00000928;00000002;00000026;;1;0;0;;;;;;;;;0;;0;1;0;0;114;11000016
2017;1000000201;202;7;1;3;1;;00003098;00000001;00000017;;2;0;0;;;;;0;;;0;0;;0;1;0;0;149;11000021
2017;1000000202;203;4;2;0;1;;00004900;00000001;00000018;;1;0;0;;;;;0;;0;;;;0;1;0;;194;11000027
2017;1000000203;204;8;1;0;1;;00003342;00000001;00000017;;1;0;0;;0;;0;0;0;;0;;;0;1;0;0;15;11000002
2017;1000000204;205;14;2;1;1;;00001539;00000002;00000012;00003122;2;0;0;;;;0;;;;;;;0;1;0;0;15;11000002
2017;1000000205;206;8;1;3;1;;00004751;00000002;00000022;00001627;2;0;0;;;;;;0;0;;;;;1;0;0;3;11000000
2017;1000000206;207;30;1;3;1;;00001472;00000001;;00001295;1;0;1;;;;;;;0;;0;0;0;1;;0;83;11000011
2017;1000000207;208;8;1;0;1;;00001877;00000001;;00003321;1;0;0;;;1;;;;0;;;0;0;1;0;0;129;11000018
2017;1000000208;209;10;2;3;1;;00002365;00000002;00000015;00003575;2;0;0;0;;;0;0;;;;;;0;1;0;0;123;11000017
2017;1000000209;210;11;2;0;1;;00002116;00000002;00000026;00003803;1;0;0;;0;;0;;;;;;;0;1;0;0;62;11000008
2017;1000000210;211;7;2;3;1;;00005299;00000001;00000017;;1;0;0;;;;;0;;;;;;0;1;0;0;37;11000005
2017;1000000211;212;6;1;0;1;;00004110;00000001;00000025;00005121;1;0;0;0;;;;;;;;;;0;1;0;0;137;11000019
2017;1000000212;213;9;2;1;1;;00001971;00000001;;;1;0;1;;;;;0;;;;;0;0;1;0;0;132;11000018
2017;1000000213;214;13;1;1;1;;00003237;00000001;00000016;00004201;1;0;0;0;;1;0;;;;;;;0;0;0;1;189;11000026
2017;1000000214;215;8;1;0;1;;00003790;00000002;;;1;0;0;;1;;;;;;;;;0;1;0;0;63;11000008
2017;1000000215;216;4;1;3;1;;00000079;00000001;00000012;;2;0;0;0;;;;;;;;;;0;1;0;0;211;11000030
2017;1000000216;217;16;2;3;1;;00000176;00000001;00000005;00004778;1;0;0;;;;;;;;;0;0;0;1;0;0;132;11000018
2017;1000000217;218;9;2;3;1;;00003466;00000002;00000008;;2;0;0;;0;;;;;0;;;;0;1;0;0;124;11000017
2017;1000000218;219;7;2;1;1;;00002693;00000001;;;1;0;1;;0;;;;;;0;;;0;1;0;0;54;11000007
2017;1000000219;220;4;2;3;1;;00001152;00000001;00000023;00000346;1;0;0;0;;;;;0;;0;;;0;1;0;0;36;11000005
2017;1000000220;221;8;1;0;1;;00001841;00000001;;;1;0;0;;;0;;;;;0;0;;0;1;0;0;80;11000011
2017;1000000221;222;14;1;3;1;;00005097;00000002;;00001598;1;0;0;;0;;;;;;;;;0;1;0;0;38;11000005
2017;1000000222;223;7;2;3;1;;00001653;00000001;00000020;00005457;1;0;0;;;;0;;;;;;0;0;1;0;0;203;11000028
2017;1000000223;224;27;2;3;1;;00000436;00000001;00000004;00004388;1;0;1;;;;0;0;;;;;;0;1;0;0;94;11000013
2017;1000000224;225;11;2;1;1;;00003287;00000001;00000017;;1;0;0;;;;;;;;;;0;0;;;;48;11000006
2017;1000000225;226;17;1;0;1;;00000828;00000002;00000024;00001728;1;0;0;;;;;0;;;;;;0;1;0;0;75;11000010
2017;1000000226;227;11;2;1;1;;00001397;00000002;00000027;00000405;1;0;0;;;1;0;;;;;;0;;1;0;1;130;11000018
2017;1000000227;228;14;1;3;1;;00004129;00000002;;;2;0;1;;;1;;;;;;;;0;1;1;;189;11000026
2017;1000000228;229;13;2;3;1;;00004705;00000001;;00002332;1;0;0;;0;;0;;;0;;0;;0;0;0;0;64;11000009
2017;1000000229;230;10;2;0;1;;00000421;00000001;;;1;0;0;0;;1;0;0;;;;;0;0;1;0;0;190;11000027
2017;1000000230;231;9;1;3;1;;00002189;00000001;00000001;;1;0;0;;;1;;;;;;1;;0;1;0;0;70;11000009
2017;1000000231;232;14;2;3;1;;00003258;00000001;;;1;0;1;;;;;;;;;0;0;0;1;0;;106;11000015
2017;1000000232;233;11;2;1;1;;00001756;00000001;;;2;0;0;;;;;;;;;;;0;1;0;;26;11000003
2017;1000000233;234;13;1;0;1;;00005381;00000001;00000005;;1;0;0;;;1;;;;;0;0;;0;1;0;;213;11000030
2017;1000000234;235;57;1;3;1;;00004150;00000001;;00002274;1;0;0;0;;;;;;;0;;;;1;0;0;127;11000018
2017;1000000235;236;17;2;3;1;;00005235;00000002;;00005299;2;0;1;;;;;;;0;;0;;0;1;1;0;206;11000029
2017;1000000236;237;12;1;1;1;;00001165;00000001;00000001;00005397;1;0;0;;0;1;;;;;;;;0;1;0;0;148;11000021
2017;1000000237;238;18;1;2;1;;00004966;00000001;00000023;;1;0;0;;;;;;;;;0;;0;1;0;;190;11000027
2017;1000000238;239;7;2;3;1;;00001030;00000002;;00001444;1;0;0;;;;;;;;0;;;0;1;0;0;190;11000027
2017;1000000239;240;15;1;3;1;;00005142;00000001;;00003753;1;0;0;;0;;;;;;;;;0;1;0;0;36;11000005
2017;1000000240;241;12;2;1;1;;00000611;00000002;00000013;;1;0;0;;;;;;;;;;;0;1;0;0;68;11000009
2017;1000000241;242;16;2;3;1;;00002261;00000001;00000006;;1;0;0;;;;;;;;;0;;0;0;1;0;155;11000022
2017;1000000242;243;12;1;3;1;;00003522;00000002;;00002609;1;0;1;;;;0;0;;;0;;;0;;0;0;64;11000009
2017;1000000243;244;10;1;3;1;;00001450;00000002;00000015;00003616;1;0;0;;;;;;;;;;;;1;0;0;2;11000000
2017;1000000244;245;7;1;0;1;;00001903;00000001;;00002126;1;0;0;0;;;0;;;;;;;;1;0;0;13;11000001
2017;1000000245;246;8;1;3;1;;00004947;00000002;00000001;00003236;1;0;0;;;1;;;;0;;;;0;1;0;0;157;11000022
2017;1000000246;247;14;1;1;1;;00001084;00000002;00000003;00004473;1;0;0;;;;;;;;;;;0;1;0;0;102;11000014
2017;1000000247;248;14;1;0;1;;00003322;00000002;00000022;00002595;2;0;0;;;1;0;;0;0;0;;;0;1;0;0;190;11000027
2017;1000000248;249;7;2;3;1;;00003433;00000002;00000015;;1;0;0;;;;;;;;;;;0;1;0;0;169;11000024
2017;1000000249;250;21;2;0;1;;00005069;00000002;00000021;00000191;1;0;0;;0;1;;;;;;;;0;1;0;0;148;11000021
2017;1000000250;251;9;1;1;1;;00004256;00000001;00000025;00002971;1;0;0;0;;;;;;0;;0;;0;1;0;0;150;11000021
2017;1000000251;252;14;2;1;1;;00002368;00000002;00000019;00000943;1;1;0;;;;0;0;;;0;;0;0;1;0;0;153;11000021
2017;1000000252;253;11;2;0;1;;00004481;00000002;00000011;00005082;1;0;0;;;;;;;;;;;0;1;0;0;137;11000019
2017;1000000253;254;7;2;3;1;;00004955;00000001;00000018;00001984;1;0;0;;;;;;;;;;;0;1;0;0;28;11000003
2017;1000000254;255;13;2;0;1;;00002257;00000002;;00004172;1;0;0;;1;;;;;;;;;;1;;0;52;11000007
2017;1000000255;256;17;1;1;1;;00001163;00000002;00000026;;1;0;0;;;1;0;0;0;;;;;0;1;0;0;164;11000023
2017;1000000256;257;12;1;0;1;;00005073;00000002;;00004255;1;0;0;;;;;;;;;;;0;1;0;0;109;11000015
2017;1000000257;258;7;1;1;1;;00003556;00000002;;;2;0;1;0;;;0;;;;;;0;0;1;0;0;162;11000023
2017;1000000258;259;16;2;1;1;;00002259;00000002;00000012;00005239;1;0;0;;;;;;;;;;;0;0;0;0;138;11000019
2017;1000000259;260;6;1;1;1;;00004580;00000002;00000026;;1;0;0;;;;0;;;;;;;0;0;0;0;61;11000008
2017;1000000260;261;5;1;3;1;;00001417;00000001;00000023;00000336;2;0;0;;;;;;;;;;;0;1;0;0;78;11000011
2017;1000000261;262;12;2;0;1;;00003953;00000002;;;2;0;0;;;;;;;;0;0;;0;1;0;0;133;11000018
2017;1000000262;263;11;1;1;1;;00004771;00000002;00000007;;1;0;0;0;;;;;0;;;0;0;0;1;0;0;124;11000017
2017;1000000263;264;23;2;1;1;;00004036;00000001;00000025;00005092;1;0;0;;;1;;;;;;;;0;1;0;0;170;11000024
2017;1000000264;265;7;1;3;1;;00001976;00000001;00000012;00005048;1;0;0;;;;;0;;;;;;0;1;0;0;13;11000001
2017;1000000265;266;14;2;0;1;;00000740;00000001;00000022;00003478;1;0;0;;;;;;;0;;;;;1;0;0;185;11000026
2017;1000000266;267;18;2;1;1;;00003562;00000002;;;1;0;0;;;;;;;;;;;0;1;0;0;205;11000029
2017;1000000267;268;10;1;0;1;;00002669;00000001;;00004113;1;0;0;;0;;;;;;;;;0;1;0;0;112;11000015
2017;1000000268;269;4;2;3;1;;00002319;00000002;00000025;;1;0;0;;;;;0;;0;0;;;0;1;0;0;90;11000012
2017;1000000269;270;4;2;0;1;;00003209;00000002;00000024;00003345;1;0;1;;;1;;;;;;;;;1;0;0;165;11000023
2017;1000000270;271;14;2;1;1;;00000027;00000002;00000016;00004260;1;0;0;0;;;;;;;;;;0;1;0;0;38;11000005
2017;1000000271;272;17;2;0;1;;00004060;00000001;00000022;;1;0;1;;;;0;;;;;;;0;1;0;0;206;11000029
2017;1000000272;273;8;1;3;1;;00003118;00000001;00000017;00002089;1;0;0;0;;;;;;;;;;0;1;0;0;70;11000009
2017;1000000273;274;14;2;0;1;;00000831;00000001;00000009;00000778;1;0;0;0;;;;;;;;;;0;1;;0;213;11000030
2017;1000000274;275;4;1;1;1;;00003622;00000002;;00003909;1;0;0;0;;;0;;;0;0;;;0;1;0;1;10;11000001
2017;1000000275;276;9;1;0;1;;00002967;00000002;;;1;0;0;;0;;;;;0;;;0;0;1;;0;65;11000009
2017;1000000276;277;9;2;0;1;;00000067;00000001;00000013;00003705;1;0;0;0;;1;;;;0;;;0;0;1;;1;2;11000000
2017;1000000277;278;15;1;3;1;;00000568;00000002;00000023;;1;0;0;;;0;;0;;;;;;0;0;0;0;186;11000026
2017;1000000278;279;8;2;2;1;;00003764;00000002;00000001;;1;0;0;;1;;;;0;;0;;;0;1;0;0;201;11000028
2017;1000000279;280;9;2;1;1;;00002525;00000001;00000013;00000989;1;0;0;;0;;0;;;;0;0;;0;1;0;0;166;11000023
2017;1000000280;281;8;2;3;1;;00004730;00000002;00000011;00004111;2;0;0;;;;;;;0;;;;0;1;0;0;149;11000021
2017;1000000281;282;13;2;0;1;;00003015;00000002;00000025;;1;0;1;0;;0;;;;;;;;0;;0;0;76;11000010
2017;1000000282;283;14;1;3;1;;00005403;00000002;00000006;;1;0;0;;0;;;;;;;;0;0;1;0;1;26;11000003
2017;1000000283;284;40;2;3;1;;00003080;00000001;00000010;00004116;1;0;0;;;1;0;;;;;;;0;1;;0;140;11000019
2017;1000000284;285;9;1;3;1;;00005541;00000001;;;1;0;0;;;1;;0;;;0;;;0;1;0;0;148;11000021
2017;1000000285;286;14;2;2;1;;00000805;00000001;00000002;;1;0;0;;;;0;;0;;0;;;0;1;0;0;81;11000011
2017;1000000286;287;8;2;3;1;;00003148;00000002;00000001;00003072;1;0;0;;;;;;;;;;;0;1;0;0;216;11000030
2017;1000000287;288;13;1;1;1;;00004288;00000002;;00001750;1;0;0;;;;0;;0;;;;;0;1;0;1;209;11000029
2017;1000000288;289;9;2;2;1;;00004147;00000002;00000023;;1;0;0;;;;;;;0;;;;;1;;;103;11000014
2017;1000000289;290;13;1;3;1;;00004342;00000001;;;1;0;0;0;0;;;;;;;;;;1;0;0;179;11000025
2017;1000000290;291;18;2;0;1;;00005384;00000001;00000003;00005303;1;0;0;;;;0;;;0;;;;0;1;0;0;72;11000010
2017;1000000291;292;4;1;1;1;;00002625;00000002;;;1;0;1;;;;;;;;0;;;0;1;0;0;208;11000029
2017;1000000292;293;11;2;1;1;;00005505;00000002;00000016;00001619;1;0;1;0;;;;;0;;;;;0;1;0;0;40;11000005
2017;1000000293;294;15;1;0;1;;00003630;00000001;00000020;;1;0;1;0;;0;0;;;;;;0;0;1;0;0;83;11000011
2017;1000000294;295;9;1;0;1;;00005172;00000001;00000016;;1;1;0;;;;;;;;;;;0;;0;0;151;11000021
2017;1000000295;296;12;2;1;1;;00002376;00000002;00000016;00001600;1;0;0;;;;;;;;0;;;;1;0;0;153;11000021
2017;1000000296;297;4;1;2;1;;00004699;00000002;00000003;00003708;1;0;0;;;;;;;;;;0;0;1;0;0;201;11000028
2017;1000000297;298;16;1;1;1;;00005235;00000001;;;1;0;0;;;;;;;;;;;0;;0;0;83;11000011
2017;1000000298;299;14;1;0;1;;00004435;00000002;;00004441;1;0;0;;;;;;;;;0;0;0;1;0;0;180;11000025
2017;1000000299;300;13;1;0;1;;00000080;00000001;;00000619;1;0;0;;;;;;0;;;;0;0;1;0;0;206;11000029
2017;1000000300;301;8;2;2;1;;;00000001;00000016;00000109;1;0;;;;;;;;;;;;0;1;0;0;105;11000014
2017;1000000301;302;8;1;1;1;;00000996;00000001;;;2;0;0;;;;;0;;;;0;;0;1;1;0;10;11000001
2017;1000000302;303;13;1;3;1;;00000479;00000001;;00004175;2;0;0;0;;;;;;0;0;;;0;1;0;0;19;11000002
2017;1000000303;304;9;2;3;1;;00002501;00000002;;;1;0;0;;;;0;;;;0;;;0;0;0;0;152;11000021
2017;1000000304;305;18;1;3;1;;00000913;00000001;00000001;00003651;2;0;0;;0;;;;;;;;;0;0;0;0;131;11000018
2017;1000000305;306;20;1;1;1;;00002857;00000002;;00005112;1;0;0;;;0;;;;;;;;0;1;0;0;142;11000020
2017;1000000306;307;15;1;0;1;;00002031;00000002;00000006;;1;0;0;0;;;;;0;;;;;0;1;0;0;179;11000025
2017;1000000307;308;14;1;0;1;;00001784;00000001;;00003047;1;0;0;;;;0;1;;0;0;;;0;1;0;0;132;11000018
2017;1000000308;309;9;2;0;1;;00002192;00000001;00000016;00004099;1;0;0;;;0;;;;;;;0;0;1;0;0;112;11000015
2017;1000000309;310;11;1;1;1;;00001858;00000002;;00000709;1;0;0;;;;;;;0;;;0;0;1;0;0;39;11000005
2017;1000000310;311;12;1;0;1;;00002568;00000001;00000005;;1;0;0;0;;;;;0;;;;;0;1;0;0;156;11000022
2017;1000000311;312;35;1;0;1;;00005380;00000002;;;1;0;0;0;;;;;;;0;;;0;1;0;1;37;11000005
2017;1000000312;313;8;2;0;1;;00004911;00000002;00000007;;1;0;0;;;1;;;;;;;;0;1;0;0;69;11000009
2017;1000000313;314;12;1;5;1;;00004353;00000001;00000014;;1;0;0;;;;;;;;;;;0;1;0;0;9;11000001
2017;1000000314;315;10;2;3;1;;00003981;00000001;00000018;00001445;1;0;1;;;;;0;;;;0;;0;1;0;;194;11000027
2017;1000000315;316;20;2;1;1;;00005441;00000002;;00001678;1;0;0;;;;;;;0;;;;0;1;0;0;157;11000022
2017;1000000316;317;11;1;0;1;;00002531;00000002;;00001007;1;0;0;0;;;0;;0;;;;;0;1;0;0;80;11000011
2017;1000000317;318;6;1;3;1;;00002887;00000001;00000010;00002328;1;0;0;;;;;;;;0;;;0;1;0;0;151;11000021
2017;1000000318;319;4;1;2;1;;00001089;00000001;00000024;00004678;1;0;0;;;;;;0;;;;;0;1;0;0;51;11000007
2017;1000000319;320;47;2;0;1;;00000115;00000001;00000008;;1;0;0;;0;;;;;;0;0;0;0;;0;0;113;11000016
2017;1000000320;321;15;2;0;1;;00003948;00000001;00000025;00005504;2;0;1;;;0;;;0;;;;;0;1;1;0;203;11000028
2017;1000000321;322;15;1;3;1;;00000515;00000002;00000010;00001462;2;0;0;;0;;;;;;;;;;1;;0;151;11000021
2017;1000000322;323;14;2;3;1;;00000509;00000001;00000025;00004672;1;0;0;;0;;;0;;;;;;0;1;0;0;119;11000016
2017;1000000323;324;11;2;0;1;;00001418;00000001;;00000195;1;0;0;;;;;0;;;;;;0;1;0;0;174;11000024
2017;1000000324;325;16;2;0;1;;00004028;00000001;;;1;0;0;0;0;;0;;;;0;;;0;1;0;0;159;11000022
2017;1000000325;326;21;2;3;1;;00003330;00000001;00000022;00003628;1;0;0;;;;;0;0;;;;;0;1;0;0;106;11000015
2017;1000000326;327;9;2;1;1;;00001685;00000001;00000005;00001491;1;0;0;;;;;;;;0;;;0;;0;0;115;11000016
2017;1000000327;328;4;2;1;1;;00004634;00000002;;00000783;1;0;0;;;;;;0;;;;;0;1;;0;207;11000029
2017;1000000328;329;5;1;1;1;;00003090;00000002;00000025;00002352;1;1;0;;;1;;0;;;0;;;0;1;0;0;147;11000020
2017;1000000329;330;4;2;2;1;;00003792;00000001;00000003;;1;0;0;0;;;0;0;;;;;0;0;1;0;0;9;11000001
2017;1000000330;331;4;2;1;1;;00004173;00000002;00000020;00001192;1;0;1;0;0;;;;;;;;;0;1;0;0;187;11000026
2017;1000000331;332;13;2;3;1;;00004441;00000002;00000001;00003680;1;0;0;;;1;;;;;;;;0;;0;0;144;11000020
2017;1000000332;333;14;2;3;1;;00002755;00000001;;00002039;1;0;1;;;;0;;;;;;;0;1;0;0;214;11000030
2017;1000000333;334;15;1;1;1;;00005054;00000001;00000013;00005454;1;1;1;;;1;;;;;;;;0;;0;0;158;11000022
2017;1000000334;335;5;2;1;1;;00001259;00000002;00000026;;1;0;0;;0;;;0;;;;;0;0;1;;0;150;11000021
2017;1000000335;336;8;2;3;1;;00004457;00000001;;00005055;1;0;0;;;;;;;;;;;0;1;0;0;21;11000002
2017;1000000336;337;7;1;0;1;;00001174;00000001;;;2;0;0;;;1;;;;;;;;0;1;0;0;36;11000005
2017;1000000337;338;11;1;3;1;;00004172;00000002;00000006;00000137;1;0;1;;;;;;;0;;0;;0;1;0;0;88;11000012
2017;1000000338;339;17;1;0;1;;00004464;00000001;00000001;00002398;1;0;0;;;;0;;0;;;;;0;1;0;0;13;11000001
2017;1000000339;340;11;2;3;1;;00003767;00000002;00000024;;1;0;1;;1;;;;;;;;;;1;0;0;22;11000003
2017;1000000340;341;15;2;0;1;;00004294;00000001;00000002;;2;0;0;;;;0;;;;;0;;;1;0;0;6;11000000
2017;1000000341;342;12;1;0;1;;00003856;00000002;00000023;00000339;2;0;0;;;;;;;;;;;0;1;0;0;1;11000000
2017;1000000342;343;17;1;3;1;;00002271;00000001;00000006;00001139;1;0;0;0;;;;;;;;;0;0;1;0;0;29;11000004
2017;1000000343;344;9;2;3;1;;00005286;00000001;;00002209;1;0;1;;;;;;;;;;;0;1;0;;7;11000000
2017;1000000344;345;13;1;3;1;;00000075;00000001;00000015;00000204;1;0;0;;;;;0;;;;;;0;1;0;0;131;11000018
2017;1000000345;346;13;2;1;1;;00005273;00000002;00000015;00004039;1;1;0;;;;0;;;0;;;;0;1;0;0;74;11000010
2017;1000000346;347;25;2;3;1;;00000346;00000001;;00001044;1;0;0;;;;;;;;;0;;0;1;0;0;46;11000006
2017;1000000347;348;9;2;1;1;;00000083;00000002;00000025;;1;0;0;;;;0;;;0;;;;0;1;0;;21;11000002
2017;1000000348;349;17;1;0;1;;00002318;00000002;00000024;00000340;1;0;1;;;;;;0;;;;;0;1;0;0;10;11000001
2017;1000000349;350;19;2;1;1;;00000502;00000002;00000011;;1;0;0;;;;;;;;;;0;0;1;0;0;198;11000028
2017;1000000350;351;8;1;1;1;;00003419;00000001;00000010;;1;0;0;;;;0;;0;;;;;0;1;1;0;195;11000027
2017;1000000351;352;16;1;0;1;;00003322;00000001;;;1;0;0;;1;1;;;;;;;;0;1;0;0;53;11000007
2017;1000000352;353;12;1;4;1;;00005260;00000001;;00004719;1;0;0;;;;0;;;;;;;0;0;0;0;207;11000029
2017;1000000353;354;14;1;1;1;;00003000;00000001;00000010;;1;0;0;;;;;;;;0;;0;0;1;0;0;106;11000015
2017;1000000354;355;4;2;1;1;;00005036;00000002;00000021;;1;0;0;;0;;;;;;;;;;1;1;;67;11000009
2017;1000000355;356;8;1;1;1;;00005151;00000002;00000007;00002024;1;0;0;;;;0;;;;;;;0;1;0;0;181;11000025
2017;1000000356;357;5;1;1;1;;00004289;00000002;00000027;00002535;1;0;0;;;;;;;;;;;0;1;0;0;25;11000003
2017;1000000357;358;24;1;1;1;;00001282;00000002;;00000047;1;0;0;;;;;;;;;;;0;1;0;0;95;11000013
2017;1000000358;359;8;2;1;1;;00001624;00000001;00000017;00004581;1;0;0;;;;;;;0;;0;0;0;1;0;0;9;11000001
2017;1000000359;360;8;2;3;1;;00001117;00000001;;;1;0;0;;;;;;;;0;;;0;1;0;0;98;11000013
2017;1000000360;361;16;2;3;1;;00003480;00000001;00000010;00005244;1;0;0;;;0;0;0;;0;;;;;0;0;0;40;11000005
2017;1000000361;362;6;1;0;1;;00004622;00000001;00000009;00003975;1;0;1;;;;;0;;;;;0;0;1;0;0;129;11000018
2017;1000000362;363;11;1;0;1;;00003469;00000002;;;1;0;0;;;;0;;;;;;0;0;1;0;0;116;11000016
2017;1000000363;364;38;1;1;1;;00002847;00000001;00000025;00000279;1;0;0;;;0;;;0;;;;;0;1;;0;170;11000024
2017;1000000364;365;6;1;3;1;;00000046;00000001;00000006;00004962;1;0;0;0;;;;0;;0;;;;0;1;0;0;217;11000030
2017;1000000365;366;16;2;1;1;;00002473;00000001;00000001;;1;0;0;;;;;;;;;0;0;0;;0;0;59;11000008
2017;1000000366;367;6;2;1;1;;00000799;00000002;00000019;00004596;1;0;0;;;1;;;0;;;;0;0;1;0;0;78;11000011
2017;1000000367;368;4;2;1;1;;00004269;00000001;;00002438;1;0;0;;;;;;;;0;;;0;1;0;0;108;11000015
2017;1000000368;369;15;2;1;1;;00004401;00000001;00000026;00003862;2;0;0;;;;0;;;;;;;0;1;0;0;173;11000024
2017;1000000369;370;11;1;3;1;;00002532;00000001;;;2;0;0;;;;;;;;;;;;1;0;0;23;11000003
2017;1000000370;371;12;2;3;1;;00001844;00000002;00000003;;1;0;0;;0;;;;;;;;0;0;1;0;0;50;11000007
2017;1000000371;372;9;1;0;1;;00002794;00000002;00000008;00002864;1;1;0;0;;0;;;;;;;;0;1;0;1;128;11000018
2017;1000000372;373;4;1;0;1;;00003784;00000002;00000013;00001066;1;0;0;;;;;;;;;;;0;1;0;0;182;11000025
2017;1000000373;374;12;1;1;1;;00003784;00000002;;00004744;1;0;0;;;0;;;0;;;;;;1;0;0;94;11000013
2017;1000000374;375;5;2;1;1;;00004104;00000002;00000003;00003392;2;0;0;;;;;;;0;0;0;;0;0;0;0;36;11000005
2017;1000000375;376;30;1;3;1;;00004016;00000001;;00002247;1;0;1;0;0;;;;;;;;;0;1;0;1;175;11000024
2017;1000000376;377;10;2;3;1;;00001974;00000002;00000024;;1;0;0;;;;;;;;0;;;0;1;;0;118;11000016
2017;1000000377;378;12;1;0;1;;00002978;00000001;00000007;;2;0;0;;;1;;;0;;;;;0;1;0;0;202;11000028
2017;1000000378;379;13;2;0;1;;00003793;00000002;00000018;00000218;1;0;1;;;;;;;;;;;;0;0;0;151;11000021
2017;1000000379;380;4;2;0;3;;00003935;00000002;;00002771;2;0;0;;0;;;0;;;0;;;0;1;0;0;35;11000004
2017;1000000380;381;16;2;3;1;;00002838;00000002;;00001708;1;0;0;;;1;;;;;;;;0;1;0;0;11;11000001
2017;1000000381;382;8;2;1;1;;00004432;00000001;00000011;00005473;1;0;0;;;1;;;;;;;0;0;0;0;0;12;11000001
2017;1000000382;383;9;2;3;1;;00001421;00000002;00000011;00002645;1;0;0;0;;;;;;;;;;0;1;0;0;14;11000001
2017;1000000383;384;11;1;3;1;;00003950;00000002;00000026;00002724;1;0;0;;0;;;;;;0;;;0;1;0;0;213;11000030
2017;1000000384;385;16;2;3;1;;00003797;00000001;00000010;00001371;1;0;0;;;;;;;0;;;;0;1;;0;134;11000019
2017;1000000385;386;17;1;3;1;;00005191;00000002;;00005199;1;0;0;;;;;;;;;;;0;1;0;0;123;11000017
2017;1000000386;387;12;2;3;1;;;00000002;00000024;00003957;1;0;0;;;;;;;;;;;0;1;0;0;119;11000016
2017;1000000387;388;28;2;0;1;;00001453;00000001;00000001;00001639;1;0;0;;;0;;;;;;;;0;1;0;0;28;11000003
2017;1000000388;389;14;2;0;1;;00004851;00000002;;;1;0;0;;;;;;;;;;;0;0;0;0;208;11000029
2017;1000000389;390;12;2;1;1;;00000482;00000001;00000014;;1;0;0;0;;;;;;;0;;0;0;1;0;0;156;11000022
2017;1000000390;391;18;1;1;1;;00000824;00000001;00000004;;1;1;0;0;;;;;0;;;;;0;1;0;;137;11000019
2017;1000000391;392;7;2;3;1;;00001361;00000002;00000013;00004297;2;0;0;;;;;;;;;;;0;1;0;0;37;11000005
2017;1000000392;393;6;2;3;1;;00002031;00000001;;00000031;1;0;0;;;;;;;;;;;0;0;0;0;86;11000012
2017;1000000393;394;10;1;1;1;;00004268;00000001;00000026;00002317;1;1;0;;0;0;;;0;;;;;0;1;0;0;54;11000007
2017;1000000394;395;5;2;1;1;;00002812;00000001;00000002;00004036;2;0;0;;;;0;;;0;0;;;0;1;0;0;116;11000016
2017;1000000395;396;8;1;0;1;;00002626;00000002;;00003868;1;0;0;;;;;;;;;;;0;0;1;0;95;11000013
2017;1000000396;397;29;2;3;1;;00003244;00000001;;00003343;1;0;0;;;;;;0;;;;;0;1;0;0;93;11000013
2017;1000000397;398;19;2;1;1;;00000511;00000002;;00002463;1;0;0;;;1;;;;0;0;;0;0;0;0;0;51;11000007
2017;1000000398;399;7;1;1;1;;00003322;00000002;00000008;;1;0;1;;;;;;;;;;0;0;0;0;0;17;11000002
2017;1000000399;400;12;1;0;1;;00002391;00000002;00000010;00004233;2;0;0;0;;;;;;0;;;;0;1;0;0;56;11000007
2017;1000000400;401;13;2;1;1;;00003733;00000002;00000023;00003884;1;0;0;;0;;;;;;;;;0;1;0;0;133;11000018
2017;1000000401;402;7;2;2;1;;00002360;00000001;00000008;00001259;1;0;0;0;;;0;;;;;0;;0;1;0;0;198;11000028
2017;1000000402;403;6;1;1;1;;00004004;00000001;00000004;00005129;1;0;1;;;;;;0;;;0;0;0;1;0;0;70;11000009
2017;1000000403;404;15;1;0;1;;00003247;00000001;00000005;00001545;1;0;0;;0;1;;;;;0;;;0;1;0;0;157;11000022
2017;1000000404;405;18;1;1;1;;00000209;00000001;00000012;00001957;1;0;0;;;;;0;;;;;;0;0;0;0;128;11000018
2017;1000000405;406;12;2;3;1;;00005262;00000002;00000011;00000047;1;0;0;;;;;;;;;;;0;1;0;0;7;11000000
2017;1000000406;407;38;2;3;1;;00000740;00000002;00000002;00001845;1;0;0;;;;;;;;;;;0;1;0;0;7;11000000
2017;1000000407;408;11;2;0;1;;00002711;00000002;00000005;;1;1;0;;;;;;0;0;;;;0;1;;0;198;11000028
2017;1000000408;409;12;2;0;1;;00003026;00000001;;00002799;1;0;0;;0;;;;0;;;;;0;1;0;0;158;11000022
2017;1000000409;410;15;1;3;1;;00003943;00000002;00000009;00002411;1;0;0;;;;;;;;0;;;0;1;0;0;107;11000015
2017;1000000410;411;12;2;3;1;;00003123;00000002;;00003478;1;0;1;;;;;;;;;;;0;0;0;0;67;11000009
2017;1000000411;412;16;2;3;1;;00003491;00000001;00000006;;1;0;0;;1;;;;;;;;;1;1;0;0;13;11000001
2017;1000000412;413;10;2;2;1;;00001020;00000002;;00000045;1;0;1;;;;;0;;;;;0;0;1;0;0;158;11000022
2017;1000000413;414;5;1;1;1;;00001571;00000002;00000009;00000087;1;0;0;0;;;;0;;0;;;;0;1;0;0;182;11000025
2017;1000000414;415;14;2;0;1;;00005248;00000001;;00003827;1;0;0;;;1;;;;0;;;;0;1;;0;177;11000025
2017;1000000415;416;14;1;1;1;;00005074;00000001;00000008;;1;0;0;;;;;0;;0;;;0;0;0;0;0;201;11000028
2017;1000000416;417;11;1;0;1;;00003784;00000001;00000007;00001891;1;0;0;;;;;;;;;;;0;1;0;0;41;11000005
2017;1000000417;418;17;2;1;1;;00002861;00000002;00000026;00003303;1;0;1;;0;;;;;;;;;0;1;0;0;81;11000011
2017;1000000418;419;15;1;3;1;;00002869;00000001;00000020;00000453;1;0;0;;;;0;;;;;;;0;1;0;0;181;11000025
2017;1000000419;420;13;2;3;1;;00000635;00000001;;;1;0;0;;;;;;;;0;;;0;1;0;0;29;11000004
2017;1000000420;421;12;1;1;1;;00001555;00000001;00000014;00000038;1;0;0;0;;;;;;0;0;0;;0;1;0;0;86;11000012
2017;1000000421;422;8;1;0;1;;00003267;00000002;;00004806;2;0;0;;;;0;;0;;;;;0;1;0;0;76;11000010
2017;1000000422;423;35;1;3;1;;00005465;00000002;00000015;;1;0;0;;;1;;;;0;;;;0;;0;;14;11000001
2017;1000000423;424;17;1;1;1;;00002351;00000001;;00003506;1;0;1;;;;0;0;;0;;;0;0;0;1;0;61;11000008
2017;1000000424;425;7;2;1;1;;00000158;00000002;00000002;00003866;1;0;0;;;;0;;;;;0;;0;1;0;0;96;11000013
2017;1000000425;426;12;1;3;1;;00004770;00000001;00000014;;1;0;0;;0;;0;0;;;;;;;1;0;0;29;11000004
2017;1000000426;427;8;1;0;1;;00004415;00000002;00000014;00000714;1;0;0;;;;;;;;0;0;;0;1;0;0;39;11000005
2017;1000000427;428;9;2;3;1;;00005489;00000001;;00002625;1;0;0;0;;1;;;;;;;;0;1;0;0;118;11000016
2017;1000000428;429;5;2;0;1;;00000894;00000002;00000015;00001898;1;0;0;;1;;;;;;;0;;0;1;0;0;140;11000019
2017;1000000429;430;7;2;3;1;;00001870;00000001;;;1;0;0;;;;0;;;0;;;;0;1;0;0;133;11000018
2017;1000000430;431;7;2;1;1;;00003690;00000001;00000025;;1;0;0;;;1;;0;;0;;;;0;1;0;0;180;11000025
2017;1000000431;432;7;1;1;1;;00000087;00000002;00000007;;1;0;0;;;1;;;;;;;;0;1;0;0;50;11000007
2017;1000000432;433;8;2;1;1;;00001047;00000002;;;1;0;0;;;1;;0;;;;1;;0;1;0;0;124;11000017
2017;1000000433;434;12;1;0;1;;00001480;00000001;00000007;;2;0;0;0;;;;;;;;;;0;1;0;0;179;11000025
2017;1000000434;435;20;1;1;1;;00003304;00000002;00000016;00004401;2;0;0;0;;;;;;0;;;0;0;1;1;0;25;11000003
2017;1000000435;436;13;2;0;1;;00003064;00000002;00000008;;2;0;0;;;;;;;;0;;;0;1;0;0;110;11000015
2017;1000000436;437;15;1;3;1;;00005445;00000002;;00000498;1;0;0;;0;;;;0;;;;;0;0;;0;94;11000013
2017;1000000437;438;10;2;0;1;;00003913;00000001;00000006;00002072;2;0;0;;;1;;0;;0;;;;0;1;0;0;95;11000013
2017;1000000438;439;12;2;3;1;;00004187;00000002;;;1;0;0;;0;;0;1;;;;;0;;1;0;0;62;11000008
2017;1000000439;440;8;1;1;1;;00000312;00000002;00000015;00004088;1;0;1;;;;;;;0;;;;0;;0;0;71;11000010
2017;1000000440;441;6;1;2;1;;00000903;00000002;00000004;00003175;1;0;0;;;;0;;;;;;0;0;1;0;0;98;11000013
2017;1000000441;442;4;1;1;1;;00003680;00000002;00000011;;1;0;0;;;;;0;;;;;;0;1;0;0;57;11000008
2017;1000000442;443;9;2;3;1;;00000807;00000001;00000002;00000216;2;0;0;;;;;;;;;0;;0;1;0;0;144;11000020
2017;1000000443;444;4;2;0;1;;00000681;00000002;00000011;00002632;1;0;0;;;;;;;;;;;0;1;1;0;10;11000001
2017;1000000444;445;11;2;0;1;;00000304;00000002;00000019;00003007;1;0;0;;;;;0;;;;;;0;1;0;0;22;11000003
2017;1000000445;446;8;2;1;1;;00003431;00000002;;;1;0;0;;;;0;;;;;;;0;1;0;0;141;11000020
2017;1000000446;447;14;2;0;1;;00001593;00000002;00000024;00003030;1;0;0;;;;;;0;0;0;;;0;1;0;0;91;11000012
2017;1000000447;448;17;1;1;1;;00002180;00000002;;;1;0;0;;0;;;;0;;0;;;0;1;0;0;13;11000001
2017;1000000448;449;6;1;3;1;;00005285;00000002;00000027;00001821;1;0;1;;;;;;;;;;;0;1;0;0;81;11000011
2017;1000000449;450;13;2;1;1;;00003732;00000002;00000023;00004484;1;0;0;;1;;;;;0;;;;0;1;0;0;203;11000028
2017;1000000450;451;15;1;2;1;;00001685;00000002;00000007;00000756;1;0;0;;;;0;;;;;;0;0;1;0;0;160;11000022
2017;1000000451;452;15;2;3;1;;00005252;00000001;00000008;;1;0;0;;0;;0;;;0;;;0;0;1;0;0;83;11000011
2017;1000000452;453;5;1;1;1;;00004765;00000001;;00005245;1;0;0;;0;;;;;;;0;;0;1;0;0;121;11000017
2017;1000000453;454;6;2;4;1;;00002906;00000002;;00004163;1;0;0;;;;;;;;;;;0;0;0;0;82;11000011
2017;1000000454;455;15;2;2;1;;00004657;00000002;00000009;;2;0;1;0;;;;;;;;;;0;1;0;0;147;11000020
2017;1000000455;456;11;2;3;1;;00000016;00000001;00000011;;1;1;0;;;;;0;;;;;;0;0;0;0;138;11000019
2017;1000000456;457;10;2;1;1;;00004810;00000002;00000008;00000408;1;0;0;;;;0;;;;;;;0;0;0;0;2;11000000
2017;1000000457;458;5;1;0;1;;00001922;00000002;00000003;;1;0;1;;;1;;;;;;;;0;1;0;0;177;11000025
2017;1000000458;459;4;1;0;1;;00000141;00000001;00000009;;2;0;0;;;;;;;;;;0;0;1;0;0;1;11000000
2017;1000000459;460;4;2;5;1;;00001102;00000001;00000003;00003205;1;0;0;;;;;;;;;;;0;1;0;0;204;11000029
2017;1000000460;461;15;1;3;1;;00004511;00000002;;00003864;1;0;0;;0;;0;;;;0;1;;0;1;0;0;30;11000004
2017;1000000461;462;12;2;1;1;;00004750;00000001;00000008;00004936;1;0;0;;0;;;0;;0;0;;;;0;0;0;59;11000008
2017;1000000462;463;4;1;3;1;;00004122;00000002;00000025;;1;0;0;0;;1;;;;;;;;0;;0;0;75;11000010
2017;1000000463;464;12;1;0;1;;00000046;00000001;;00000966;1;0;0;;;;;;;0;;;;0;1;0;0;129;11000018
2017;1000000464;465;12;1;3;1;;00002884;00000002;;00004717;1;0;0;;;0;;;;;;;;0;1;;0;198;11000028
2017;1000000465;466;6;1;3;1;;00001682;00000002;;00001940;1;0;0;;1;;0;;;;0;;;0;1;0;0;11;11000001
2017;1000000466;467;9;1;3;1;;00005055;00000001;;00003822;1;0;0;;;;0;;;0;;;0;0;1;0;0;113;11000016
2017;1000000467;468;14;2;0;1;;00004159;00000002;00000001;00004865;2;0;0;;;;;;0;;0;;0;0;1;0;0;95;11000013
2017;1000000468;469;15;1;0;1;;00002507;00000002;;00002040;2;0;0;;;;;0;;;;;;0;1;1;;34;11000004
2017;1000000469;470;18;2;0;1;;00003516;00000002;00000007;00004711;1;0;0;;;;0;;;;;;;0;1;0;0;20;11000002
2017;1000000470;471;9;1;3;1;;00002785;00000001;;;2;0;0;;;;;;0;;;;;0;1;;0;214;11000030
2017;1000000471;472;13;2;3;1;;00000298;00000002;00000021;;1;0;0;;;;;;;;;;0;0;1;0;1;189;11000026
2017;1000000472;473;19;1;3;1;;00003160;00000002;00000018;00001185;1;0;0;;;;0;;0;;;0;;0;1;0;;57;11000008
2017;1000000473;474;24;2;3;1;;00004918;00000002;;;1;0;0;;;;;;;;;;;0;1;0;0;19;11000002
2017;1000000474;475;8;2;3;1;;00002326;00000001;;;1;0;1;;;0;;0;;;0;0;;0;1;0;0;149;11000021
2017;1000000475;476;8;2;1;1;;00001801;00000001;00000013;00000164;1;0;0;;;;;0;;;;;;0;1;0;0;90;11000012
2017;1000000476;477;16;2;1;1;;00004089;00000001;00000019;00005502;1;0;0;;;;;;;;;0;;0;1;0;0;16;11000002
2017;1000000477;478;19;1;3;1;;00003126;00000001;00000022;00002934;1;0;1;0;0;;0;;;0;;0;0;0;;0;0;181;11000025
2017;1000000478;479;14;1;3;1;;00003756;00000002;;;1;0;0;;;;;;0;0;;;;0;1;0;0;68;11000009
2017;1000000479;480;17;2;0;1;;00003438;00000001;00000010;00000377;2;0;0;;;;0;;0;;;0;0;0;1;0;0;89;11000012
2017;1000000480;481;10;1;0;1;;00001194;00000001;00000004;;1;0;0;;0;;;;;;0;;0;0;1;0;0;151;11000021
2017;1000000481;482;16;1;0;1;;00001451;00000002;00000001;;2;0;0;;;;;;;;;;;0;0;0;0;61;11000008
2017;1000000482;483;4;2;1;1;;00001933;00000002;00000021;00003895;1;1;0;;;;;;;0;;;;0;1;0;0;110;11000015
2017;1000000483;484;14;2;0;1;;00001858;00000002;00000008;00005344;2;0;0;0;;;;;;;;;;0;1;0;0;206;11000029
2017;1000000484;485;4;1;1;1;;00003869;00000001;;;1;0;0;;;;;;;0;;;;0;1;0;0;33;11000004
2017;1000000485;486;8;1;1;1;;00001853;00000002;00000012;00000014;1;0;0;;;;0;;0;0;0;;;0;1;0;0;140;11000019
2017;1000000486;487;4;1;3;1;;00002710;00000002;00000016;00002819;2;0;0;;;0;0;;0;;0;;;0;1;1;0;203;11000028
2017;1000000487;488;10;2;1;1;;00002700;00000002;00000004;00004921;1;0;0;;;1;;;;;;;;0;0;1;1;184;11000026
2017;1000000488;489;12;2;3;1;;00004672;00000002;00000007;00001097;1;0;0;;0;;0;;;;;;0;0;1;0;0;29;11000004
2017;1000000489;490;13;1;0;1;;00002624;00000002;00000002;00004688;1;0;0;;0;1;;;;;;;;0;1;0;0;182;11000025
2017;1000000490;491;38;1;1;1;;00000144;00000001;00000009;;1;0;0;;;;;;;;;;;0;1;0;0;211;11000030
2017;1000000491;492;8;2;1;1;;00004252;00000002;00000010;00000491;1;1;0;;;;;;;;;;;0;1;0;0;134;11000019
2017;1000000492;493;4;1;1;1;;00000967;00000002;00000010;00000979;1;0;0;;0;1;0;;;;;;;0;0;0;0;215;11000030
2017;1000000493;494;15;1;1;1;;00003531;00000001;00000025;;1;0;0;;;;;;0;;;;;0;;0;0;24;11000003
2017;1000000494;495;8;1;0;1;;00004894;00000001;00000006;;2;0;0;;;;;;;;0;0;;0;1;0;0;181;11000025
2017;1000000495;496;14;1;1;1;;00001561;00000001;00000016;00002439;1;0;0;0;0;;;;;0;;;;0;1;0;0;79;11000011
2017;1000000496;497;4;2;3;1;;00000217;00000001;00000011;00004156;1;0;0;;;;;;0;0;0;;0;0;1;0;0;85;11000012
2017;1000000497;498;11;2;0;1;;00003162;00000001;00000010;00000064;1;0;0;;0;;0;0;;0;0;;;;1;0;0;87;11000012
2017;1000000498;499;14;1;1;1;;00003926;00000002;;00001288;2;0;0;;0;1;;;;;;;;0;0;1;0;127;11000018
2017;1000000499;500;13;1;3;1;;00003909;00000001;00000004;00003684;1;0;1;;;0;;0;;;;;;0;1;;0;36;11000005
2017;1000000500;501;14;1;3;1;;00001785;00000001;00000014;00004711;2;0;0;;;;;;;;;;;0;1;0;0;90;11000012
2017;1000000501;502;14;2;3;1;;00004437;00000001;00000008;00003986;1;0;0;;1;;;;;;;;;0;1;0;0;81;11000011
2017;1000000502;503;7;1;0;1;;00004028;00000001;;;1;0;1;;;0;;0;;;;;;0;1;0;0;145;11000020
2017;1000000503;504;17;2;1;1;;00002649;00000001;;00000365;1;0;0;;;;;;;;0;0;;0;1;;0;108;11000015
2017;1000000504;505;12;1;1;1;;00002414;00000002;00000002;;1;0;1;;;;;;0;0;;;;0;1;0;0;142;11000020
2017;1000000505;506;4;1;3;1;;00001100;00000001;;00002348;2;0;0;;0;;;;;;0;;;0;1;0;0;136;11000019
2017;1000000506;507;16;2;3;1;;00005488;00000001;00000002;00004820;2;0;1;0;;;;0;;;;;;0;1;0;0;60;11000008
2017;1000000507;508;14;1;3;1;;00000288;00000001;;;1;0;0;;;;;;;;;;;0;1;0;;143;11000020
2017;1000000508;509;19;1;3;1;;00001502;00000002;00000002;00003224;1;0;1;;;;;;;0;;;;0;1;0;0;30;11000004
2017;1000000509;510;10;2;1;1;;00003706;00000001;00000017;;1;0;0;;0;;;;;;;0;;0;1;0;0;90;11000012
2017;1000000510;511;14;2;1;1;;00004860;00000001;00000009;00000654;2;0;0;;;;;0;0;;;;;0;1;0;0;146;11000020
2017;1000000511;512;4;2;3;1;;00004568;00000002;00000005;00001517;1;0;1;;0;;;;;;;;;0;1;0;0;186;11000026
2017;1000000512;513;10;1;1;1;;00003602;00000002;;00001036;2;0;0;0;;;;0;;;;;;0;1;1;0;204;11000029
2017;1000000513;514;11;2;0;1;;00003623;00000002;;00000672;1;0;0;;0;;;;;;;;0;;0;0;1;15;11000002
2017;1000000514;515;7;1;1;1;;00001734;00000002;00000023;00000168;1;0;1;;;;;;;;;;;0;1;0;0;208;11000029
2017;1000000515;516;9;1;1;1;;00000449;00000002;00000027;;2;0;0;0;0;;;;;;;;;0;1;0;0;162;11000023
2017;1000000516;517;14;2;1;1;;00004068;00000001;;00002391;1;0;0;;;;;;;;;;;0;1;;0;130;11000018
2017;1000000517;518;11;2;3;1;;00005341;00000002;;;2;0;0;0;;;;;0;;;;;0;;0;0;70;11000009
2017;1000000518;519;9;1;0;1;;00001191;00000002;00000001;00000687;1;0;0;;;;;;;;;;0;0;;1;0;175;11000024
2017;1000000519;520;16;2;0;1;;00004293;00000002;00000020;;1;0;0;;;;0;;;;;;;0;1;0;0;6;11000000
2017;1000000520;521;17;2;3;1;;00000309;00000001;;00003062;1;0;0;;;;;;;;;;;0;1;0;0;84;11000011
2017;1000000521;522;20;1;3;1;;00001768;00000002;00000019;00001151;1;0;0;;;;;;;;;;0;0;1;0;0;77;11000010
2017;1000000522;523;4;1;4;1;;00005235;00000002;;;1;0;1;;0;;;;;;;;;0;1;0;0;88;11000012
2017;1000000523;524;12;2;0;1;;00003856;00000001;00000012;;1;0;1;;;;0;;;;;;0;0;;0;1;155;11000022
2017;1000000524;525;6;2;1;1;;00002348;00000002;00000025;00002744;1;1;0;;;;;;;;;;;0;1;;0;46;11000006
2017;1000000525;526;5;1;1;1;;00003984;00000002;;;2;0;1;0;;;;;;;;0;;0;1;0;0;79;11000011
2017;1000000526;527;13;2;3;1;;00003015;00000001;00000010;;1;0;1;;;;;;;;;;;;1;0;0;130;11000018
2017;1000000527;528;4;2;1;1;;00002615;00000001;00000001;;2;0;0;;;0;;;;;;;;0;1;0;0;169;11000024
2017;1000000528;529;8;2;1;1;;00002053;00000002;;;1;0;0;;;;;;;;;;;0;1;0;0;154;11000021
2017;1000000529;530;11;1;3;1;;00000776;00000002;00000007;00003654;1;0;0;;;;;;;;;;;0;1;0;0;81;11000011
2017;1000000530;531;4;1;0;1;;00005141;00000001;00000014;00003730;1;0;0;;;;;;;;;0;;0;1;0;0;145;11000020
2017;1000000531;532;10;2;3;1;;00001341;00000001;00000007;;2;0;1;;;;;;;;;;;0;1;0;;112;11000015
2017;1000000532;533;17;2;0;1;;00002255;00000002;00000025;00004755;2;0;0;;;;;;;;0;;;0;1;0;0;214;11000030
2017;1000000533;534;6;1;3;1;;00004495;00000001;00000011;00003129;1;0;0;0;;0;;;;0;;;;0;1;0;0;5;11000000
2017;1000000534;535;15;2;3;1;;00001992;00000002;00000007;00003339;1;0;0;;;;;;;;0;;;0;1;0;0;18;11000002
2017;1000000535;536;12;2;3;1;;00002531;00000001;00000022;00004721;1;0;0;;;;;;0;;;;0;0;0;0;0;101;11000014
2017;1000000536;537;13;1;3;1;;00000622;00000002;;00000563;1;0;0;;;1;;;;;0;;;0;1;0;0;21;11000002
2017;1000000537;538;7;2;3;1;;00004253;00000001;;00005096;1;0;0;0;;1;0;0;;;;;;0;1;;0;192;11000027
2017;1000000538;539;7;2;1;1;;00000426;00000002;;00003794;1;0;0;;;;;0;;;;;;0;1;0;0;93;11000013
2017;1000000539;540;10;2;0;1;;00000172;00000001;00000015;;1;0;0;;;;0;;0;;;0;;0;1;0;0;53;11000007
2017;1000000540;541;5;1;0;1;;00001984;00000002;;00000839;1;0;0;;;;;;;;;;;0;1;0;0;21;11000002
2017;1000000541;542;27;2;3;1;;00000433;00000001;;00003780;1;0;0;;;;;;0;0;;;0;0;1;0;0;119;11000016
2017;1000000542;543;7;1;1;1;;00005208;00000002;00000008;00004333;1;0;0;;;;;;;;;0;;0;0;0;0;208;11000029
2017;1000000543;544;14;1;3;1;;00000182;00000001;00000013;00001320;1;0;0;;;1;;;;;;;;0;1;0;0;120;11000017
2017;1000000544;545;16;1;0;1;;00002236;00000002;;00003383;1;0;0;0;;;;;0;;;0;;0;1;0;0;33;11000004
2017;1000000545;546;4;1;3;1;;00002496;00000002;;;1;0;0;;;;;;;;0;;0;0;1;0;0;16;11000002
2017;1000000546;547;6;2;1;1;;00000671;00000001;;00000734;1;0;0;;;;;;;;;;;0;1;;0;175;11000024
2017;1000000547;548;10;1;1;1;;00000508;00000002;00000023;00003225;1;0;0;0;;;;;0;;;;;0;1;1;0;195;11000027
2017;1000000548;549;9;1;1;1;;00000486;00000002;00000024;00003220;1;0;0;;;;0;;;;;0;;;1;0;0;34;11000004
2017;1000000549;550;9;2;1;1;;00002127;00000001;;;2;0;0;;;;0;;;;;;;0;1;0;0;154;11000021
2017;1000000550;551;19;2;0;1;;00001474;00000001;00000007;00003694;1;0;1;;;;;0;;;;;;;0;0;0;140;11000019
2017;1000000551;552;10;1;3;1;;00003003;00000002;;00002166;1;0;0;0;;;;0;;;;;0;;1;0;0;58;11000008
2017;1000000552;553;5;1;3;1;;00005286;00000002;00000020;00004477;1;0;0;;;;0;;;;;;;0;1;0;0;177;11000025
2017;1000000553;554;14;2;3;1;;00001249;00000001;00000001;00003910;1;0;0;;0;;;;;;;;;0;1;0;0;177;11000025
2017;1000000554;555;12;1;3;1;;00005240;00000001;00000024;00004206;1;0;0;;;;;;0;0;0;;;0;1;0;0;9;11000001
2017;1000000555;556;12;1;1;1;;00004598;00000002;00000025;;1;0;0;;;;;;;0;;;;0;1;0;0;17;11000002
2017;1000000556;557;4;2;1;1;;00005561;00000002;00000021;00002781;1;0;0;0;;;;;;;;;;0;1;0;0;148;11000021
2017;1000000557;558;11;1;3;1;;00001559;00000002;00000017;00003827;1;0;0;;;;;0;;0;;0;0;0;0;0;0;155;11000022
2017;1000000558;559;4;1;1;1;;00005066;00000002;;00002133;1;0;1;;;;;;;;;;;0;1;0;0;3;11000000
2017;1000000559;560;4;2;1;1;;00003807;00000002;00000027;;1;0;0;;0;;;;;0;;;;0;1;0;0;112;11000015
2017;1000000560;561;17;2;3;1;;00002891;00000002;;;1;0;0;;;;;;;;;;;0;1;0;0;10;11000001
2017;1000000561;562;10;2;0;1;;00003204;00000002;;00001215;1;0;0;;;;;;;;0;;;0;1;;0;99;11000014
2017;1000000562;563;13;2;0;1;;00000597;00000001;;00001655;2;0;0;0;;;;0;;;;;;0;0;0;0;17;11000002
2017;1000000563;564;13;1;1;1;;00003351;00000002;;00001266;1;0;1;;;;;;;;;;0;0;1;0;0;119;11000016
2017;1000000564;565;11;2;3;1;;00002471;00000001;00000026;00000806;1;0;0;;0;;0;;;;0;;;0;0;0;0;138;11000019
2017;1000000565;566;9;1;1;1;;00000731;00000001;00000014;00001138;1;0;0;;0;;;;;;;0;;0;1;0;0;131;11000018
2017;1000000566;567;4;2;3;1;;00003418;00000001;00000003;00000972;1;0;0;;;;;;;;;;;;1;0;;176;11000025
2017;1000000567;568;10;2;0;1;;00001253;00000001;00000006;00000476;1;0;0;;0;;;;;;;;;0;0;0;0;31;11000004
2017;1000000568;569;7;1;2;1;;00004517;00000002;;00002544;1;0;0;;;;;;;;;;;0;1;0;0;111;11000015
2017;1000000569;570;4;2;3;1;;00002680;00000002;00000024;00004449;2;0;0;;;1;;;;;;;;0;;0;0;182;11000025
2017;1000000570;571;6;1;0;1;;00005290;00000001;;;1;0;0;;;;;0;;;;;;0;1;0;0;69;11000009
2017;1000000571;572;10;2;3;1;;00000252;00000002;00000023;00000180;1;0;0;;;;;;0;0;;0;0;0;1;0;0;147;11000020
2017;1000000572;573;51;1;3;1;;00001754;00000001;;;1;0;1;;;;;;0;;;;;0;1;0;;139;11000019
2017;1000000573;574;13;1;1;1;;00002516;00000001;00000019;;1;0;0;;;;;;;0;0;;0;0;1;0;0;136;11000019
2017;1000000574;575;10;1;0;1;;00004253;00000002;;00001968;1;0;0;;0;;;;;;;1;;0;1;0;0;85;11000012
2017;1000000575;576;6;1;3;1;;00000291;00000002;00000017;00004796;1;0;0;;;;;0;;0;;;0;0;1;0;0;96;11000013
2017;1000000576;577;13;1;3;1;;00000063;00000001;00000004;00005329;1;0;0;;;;;;0;;;;;0;1;0;0;93;11000013
2017;1000000577;578;13;2;3;1;;00004711;00000001;00000025;00005233;2;0;0;;;1;;0;;0;;;0;0;0;0;0;194;11000027
2017;1000000578;579;16;2;0;1;;00003542;00000002;00000027;00002055;1;0;0;;;;;;;0;;;;0;0;0;1;108;11000015
2017;1000000579;580;16;2;1;1;;00000056;00000001;00000026;00002752;1;0;0;;;;0;;;0;;;;0;1;1;0;168;11000023
2017;1000000580;581;10;2;0;1;;00001839;00000001;00000009;00005264;2;0;0;0;;;;0;;;0;;;0;1;0;0;42;11000005
2017;1000000581;582;4;1;3;1;;00003874;00000002;;00000286;2;0;0;;0;;;;;;;;;0;1;0;0;144;11000020
2017;1000000582;583;5;1;0;1;;00002416;00000001;;00002384;1;0;0;;;;;;;;;;;0;1;0;0;150;11000021
2017;1000000583;584;6;2;0;1;;00000706;00000002;00000025;00000617;1;0;0;;;;;;;;0;;;0;1;1;0;98;11000013
2017;1000000584;585;10;1;0;1;;00004098;00000001;;00004139;2;0;0;;;;;;0;;0;;0;0;;0;0;145;11000020
2017;1000000585;586;8;2;0;1;;00004152;00000001;;00000336;1;0;0;;;;;;;;;;;0;;0;0;214;11000030
2017;1000000586;587;43;1;1;1;;00003187;00000001;00000023;00004587;1;1;0;;;;;;;;;;;0;1;0;0;22;11000003
2017;1000000587;588;51;2;3;1;;00005569;00000002;;00001740;1;0;0;;0;;;;;;;;;0;1;0;0;139;11000019
2017;1000000588;589;8;2;3;1;;00002380;00000002;00000018;00002395;2;0;0;;;;;;;;;;;0;1;0;0;121;11000017
2017;1000000589;590;5;2;1;1;;00005244;00000001;00000008;00001654;1;0;0;;;;;;0;;;;;0;1;0;0;159;11000022
2017;1000000590;591;11;2;0;1;;00002372;00000001;00000012;00002410;1;0;1;;;;;;;;;;;0;1;0;0;104;11000014
2017;1000000591;592;4;1;3;1;;00002891;00000001;;00003416;1;0;0;;;;0;0;;;;;;0;1;1;0;30;11000004
2017;1000000592;593;15;1;1;1;;00002052;00000001;00000022;00001725;1;0;1;;;;0;;;0;;;;0;1;1;0;140;11000019
2017;1000000593;594;56;1;3;1;;00002696;00000001;;00004239;2;0;0;0;;;;;0;;;;;0;1;0;0;111;11000015
2017;1000000594;595;17;1;3;1;;00005528;00000002;00000022;00002993;1;0;1;;;;;;0;;;;;0;1;0;0;190;11000027
2017;1000000595;596;8;1;3;1;;00001979;00000001;00000017;00001963;1;0;0;;;1;;;;0;;;0;0;1;0;0;14;11000001
2017;1000000596;597;7;1;3;1;;00004903;00000002;00000006;00001943;2;0;0;0;;;;;0;;;;;0;1;0;0;206;11000029
2017;1000000597;598;9;2;0;1;;00001739;00000002;;00004615;1;0;1;;0;;;;;;;;0;0;1;0;0;143;11000020
2017;1000000598;599;13;1;0;1;;00003040;00000001;;00003508;2;0;0;;;;;;;;;;;0;1;0;0;162;11000023
2017;1000000599;600;8;2;1;1;;00001730;00000001;00000021;;1;0;0;;;;;;;;;0;0;0;1;0;0;217;11000030
2017;1000000600;601;8;1;0;1;;00001955;00000001;00000015;;1;0;0;0;;;;;;;0;;;0;1;0;0;89;11000012
2017;1000000601;602;11;2;1;1;;00001843;00000002;;00002992;1;0;1;0;;;;;;;;;;0;1;1;;12;11000001
2017;1000000602;603;17;1;0;1;;00004570;00000002;;;1;0;0;;0;;;;;;;;;0;1;0;0;44;11000006
2017;1000000603;604;11;2;3;1;;00002216;00000001;00000023;00000339;1;0;0;;1;;;;;;;;;0;0;0;0;40;11000005
2017;1000000604;605;7;1;3;1;;00005046;00000001;00000003;;1;0;0;;;;;;;;;;;0;1;0;0;48;11000006
2017;1000000605;606;8;1;1;1;;00000008;00000002;;00000429;1;0;0;;;;;;0;;;;;0;1;0;0;149;11000021
2017;1000000606;607;4;1;1;1;;00001014;00000001;;00001164;1;0;1;;;0;;;0;;;;;0;1;0;0;92;11000013
2017;1000000607;608;14;2;1;1;;00000414;00000002;00000009;;1;0;0;;0;;;;;;;;;0;1;0;0;51;11000007
2017;1000000608;609;8;1;3;1;;00003087;00000002;;;1;0;0;;;0;;;;;;;;0;1;0;0;202;11000028
2017;1000000609;610;7;1;0;1;;00005252;00000001;;00003054;1;0;0;;;1;;;;;;0;;0;1;0;0;153;11000021
2017;1000000610;611;8;1;1;1;;00002710;00000001;00000005;00003465;2;0;0;;;;;;;0;;;;0;1;0;0;16;11000002
2017;1000000611;612;7;2;3;1;;00000380;00000002;00000011;00002297;1;0;0;;;;;;;0;0;;;0;1;0;0;17;11000002
2017;1000000612;613;5;2;3;1;;00000870;00000002;00000021;00004072;1;0;1;;;;;;;;;;;0;1;0;0;158;11000022
2017;1000000613;614;9;2;1;1;;00003985;00000001;00000005;00002178;1;0;1;0;;;;;;;;;0;0;1;0;0;84;11000011
2017;1000000614;615;4;2;1;1;;00003643;00000001;00000020;00002216;2;0;0;;;1;;;;;0;;;0;;0;0;2;11000000
2017;1000000615;616;4;1;1;1;;00005159;00000001;00000015;00004386;2;0;1;;1;;0;0;;;;;;0;1;0;0;193;11000027
2017;1000000616;617;12;2;1;1;;00002873;00000001;00000007;00000364;1;0;1;;;;;;;;;;;0;1;0;0;14;11000001
2017;1000000617;618;10;2;3;1;;00001443;00000002;00000011;00002733;1;0;0;;0;;;;0;;;0;;0;1;0;0;44;11000006
2017;1000000618;619;8;2;0;1;;00002671;00000002;;00002717;1;0;0;;;;;;;;0;;;0;1;0;;53;11000007
2017;1000000619;620;9;2;3;1;;00000261;00000001;00000018;00002364;1;0;1;;0;;;;;0;;;;0;1;0;0;208;11000029
2017;1000000620;621;8;1;1;1;;00002553;00000001;00000026;00002342;1;0;0;;;;;;;;;;0;0;1;0;0;56;11000007
2017;1000000621;622;16;1;0;1;;00001273;00000002;00000018;00001888;1;0;0;;;1;;;0;;;;;0;1;0;0;155;11000022
2017;1000000622;623;10;2;3;1;;00002156;00000002;;;1;0;0;;0;;0;;0;;;;;0;1;0;0;180;11000025
2017;1000000623;624;4;1;0;1;;00001789;00000001;;;2;1;1;;;1;;;;;0;;;0;1;;0;164;11000023
2017;1000000624;625;14;2;3;1;;00004545;00000002;00000003;00003434;1;0;0;;;0;;;0;;;;;0;1;1;0;62;11000008
2017;1000000625;626;5;2;1;1;;00001425;00000001;00000010;00000745;1;0;1;;;;;;;;;;;0;1;0;0;30;11000004
2017;1000000626;627;11;2;3;1;;00001296;00000001;;00002565;1;0;1;;;;;;;;;0;;0;1;0;;110;11000015
2017;1000000627;628;15;1;0;1;;00005364;00000001;00000019;00001078;1;1;1;;;;;;0;;;;;0;1;0;0;153;11000021
2017;1000000628;629;5;2;3;1;;00001507;00000001;00000009;;1;0;0;0;;;;0;;;0;;;0;1;0;0;156;11000022
2017;1000000629;630;8;2;0;1;;00001077;00000001;00000005;00002263;1;0;1;;;;;;;;0;;;0;0;0;0;43;11000006
2017;1000000630;631;9;2;0;1;;00004303;00000001;00000012;;1;0;0;;;;;;;0;;;;0;1;0;0;89;11000012
2017;1000000631;632;10;1;0;1;;00004048;00000001;00000005;00003207;2;0;1;;0;1;;;;;;;;;1;0;0;173;11000024
2017;1000000632;633;10;2;1;1;;00003716;00000001;;;1;0;0;;;1;;;;;;;0;0;1;0;0;158;11000022
2017;1000000633;634;10;1;1;1;;00000648;00000001;00000006;00003635;2;0;0;;;;;;;;;;;0;1;0;0;112;11000015
2017;1000000634;635;16;1;3;1;;00003983;00000001;00000018;00000595;1;0;0;;;;;;;0;;0;;0;1;0;0;25;11000003
2017;1000000635;636;5;1;0;1;;00005275;00000001;00000002;00000856;1;0;0;;;0;;;;;;;;0;;0;0;18;11000002
2017;1000000636;637;12;1;1;1;;00000602;00000001;;00001533;2;0;0;;;;;0;;0;;;;0;0;0;0;47;11000006
2017;1000000637;638;7;1;3;1;;00002475;00000001;00000009;00000816;1;0;0;0;0;;;;;;;;;0;0;0;0;171;11000024
2017;1000000638;639;4;2;1;1;;00004769;00000001;00000020;00001659;1;0;0;;;;0;1;;;;0;;0;1;0;0;206;11000029
2017;1000000639;640;5;1;3;1;;00003431;00000001;;00001217;1;0;0;0;;1;;;;;;;;0;1;;0;21;11000002
2017;1000000640;641;11;2;1;1;;00001359;00000002;;;1;1;1;;;;0;;;;;0;;0;0;0;0;147;11000020
2017;1000000641;642;12;1;2;1;;00004707;00000001;00000015;00001620;2;0;0;;;1;;;;;;;;0;;0;;174;11000024
2017;1000000642;643;16;1;1;1;;00000293;00000002;00000002;;1;0;1;;0;1;0;;;0;;;;0;1;0;0;166;11000023
2017;1000000643;644;4;2;1;1;;00001447;00000002;;00002316;1;0;0;;;1;0;0;;;;;0;;1;0;0;217;11000030
2017;1000000644;645;7;1;0;1;;00000010;00000002;00000012;00004793;1;1;1;;;;;;;;;;;0;1;0;0;117;11000016
2017;1000000645;646;5;1;3;1;;00002904;00000001;;00003277;1;0;0;;;;;0;;;;;0;0;;0;0;22;11000003
2017;1000000646;647;7;1;0;1;;00004212;00000001;;00004789;1;0;0;;;1;;;;;;;;0;1;;0;61;11000008
2017;1000000647;648;9;2;1;1;;00001763;00000002;00000014;00004515;2;0;0;;;;;0;;;;;;0;;;1;196;11000027
2017;1000000648;649;29;2;3;1;;00004330;00000002;;;1;0;0;;0;;;;;;;;;0;1;0;0;61;11000008
2017;1000000649;650;4;2;3;1;;00005046;00000001;00000013;;1;0;0;;;;;0;;;;;0;0;1;0;0;3;11000000
2017;1000000650;651;10;1;0;1;;00004684;00000002;00000001;00001014;1;0;0;;0;;0;;;;;;;0;1;0;0;66;11000009
2017;1000000651;652;25;1;3;1;;00002919;00000002;00000005;00001293;1;0;0;;;;;;;;;;;1;1;0;0;208;11000029
2017;1000000652;653;18;1;3;1;;00002799;00000001;;00002525;1;0;1;;;;;;;0;;0;;0;1;0;0;171;11000024
2017;1000000653;654;5;2;1;1;;00003749;00000002;00000008;00004951;1;0;1;0;;1;;;;;;;;0;1;0;0;151;11000021
2017;1000000654;655;7;2;1;1;;00002990;00000001;;;2;0;0;;;;0;;;;;;;0;1;0;;30;11000004
2017;1000000655;656;8;1;0;1;;00003325;00000001;;;2;0;0;0;0;0;0;;;;0;;;0;1;0;0;180;11000025
2017;1000000656;657;10;1;0;1;;00004709;00000001;00000016;;1;0;0;;;;;;;;;;;;1;0;0;156;11000022
2017;1000000657;658;12;2;0;1;;00001162;00000002;;00005034;1;0;0;0;;;;;;;0;;;0;1;0;0;47;11000006
2017;1000000658;659;8;2;0;1;;00002324;00000001;00000012;00001888;1;0;0;;;;;0;;;;;0;0;1;0;0;207;11000029
2017;1000000659;660;11;1;1;1;;00001192;00000002;00000017;00000324;1;0;0;;;;;;;;;0;;0;1;0;0;61;11000008
2017;1000000660;661;4;1;1;1;;00002877;00000002;00000022;00000427;1;0;0;;;;;;;0;;0;0;0;1;0;0;216;11000030
2017;1000000661;662;4;2;2;1;;00000524;00000002;;00001260;2;0;0;;;;;;;;;;0;0;1;0;0;97;11000013
2017;1000000662;663;9;2;1;1;;00004002;00000002;;;1;0;1;0;;;;0;;;;;;0;0;0;0;32;11000004
2017;1000000663;664;4;2;1;1;;00004992;00000001;00000020;00003838;1;0;0;0;;;;0;;0;;;0;0;1;0;0;211;11000030
2017;1000000664;665;10;2;2;1;;00001895;00000002;;00004783;1;0;0;0;;;;;0;;;;0;0;0;0;0;201;11000028
2017;1000000665;666;4;1;3;1;;00002737;00000001;00000019;;2;0;0;;;;;;;;;;;0;;0;0;116;11000016
2017;1000000666;667;16;2;0;1;;00003435;00000001;;;1;0;1;0;;;;;;0;;;;;1;0;0;11;11000001
2017;1000000667;668;15;1;0;1;;00001270;00000001;00000007;00004331;1;0;0;;;;;;0;;;;;0;1;0;0;88;11000012
2017;1000000668;669;4;2;1;1;;00003879;00000001;00000015;00000912;1;0;0;;;;;0;;0;;0;;0;1;0;1;131;11000018
2017;1000000669;670;11;2;3;1;;00003272;00000001;00000026;;1;0;0;;;;;;;0;;;;0;1;0;0;74;11000010
2017;1000000670;671;8;1;1;1;;00003041;00000001;00000015;;1;0;0;0;;;;;;0;;;0;0;1;1;0;69;11000009
2017;1000000671;672;17;1;3;1;;00004215;00000001;00000003;00004842;1;0;0;0;0;;;;;;;;;0;1;1;0;48;11000006
2017;1000000672;673;12;2;2;1;;00000068;00000002;00000013;00004995;2;0;0;;;;;0;;;0;;;0;1;0;0;146;11000020
2017;1000000673;674;15;2;1;1;;00004027;00000002;00000021;00002085;1;0;1;;0;;0;;;;0;;;0;1;;;41;11000005
2017;1000000674;675;12;1;1;1;;00004704;00000002;;00004533;1;0;0;;1;;;;;;;;;0;1;0;0;184;11000026
2017;1000000675;676;14;2;3;1;;00000324;00000001;00000021;;1;0;0;;;;;;;0;;0;;0;1;0;1;109;11000015
2017;1000000676;677;10;1;1;1;;00002890;00000001;00000023;00001069;1;0;0;0;;0;;;;;;;;;1;0;0;150;11000021
2017;1000000677;678;11;2;3;1;;00004396;00000001;00000019;00003324;1;0;1;;0;;;;;;;;0;0;1;0;0;1;11000000
2017;1000000678;679;11;1;0;1;;00002231;00000001;00000003;00005341;2;0;0;;0;;;;;;;;0;0;1;0;0;106;11000015
2017;1000000679;680;9;2;1;1;;00005386;00000002;00000024;00000912;1;1;0;0;0;;;;0;;;;;0;;0;0;73;11000010
2017;1000000680;681;8;2;3;1;;00000285;00000002;;00001634;1;0;0;0;;;;;;;;;;0;1;0;0;94;11000013
2017;1000000681;682;18;1;3;1;;00004064;00000001;00000008;;1;0;0;;;;;;1;;;;;;;0;0;33;11000004
2017;1000000682;683;4;2;3;1;;00002507;00000001;;;1;0;0;;;;;;;;;;;0;1;0;0;83;11000011
2017;1000000683;684;4;2;1;1;;00002995;00000002;;;1;0;0;;;;;;0;0;;;;0;1;0;0;92;11000013
2017;1000000684;685;9;1;3;1;;00003378;00000001;;00000070;1;0;0;;;1;;;;;;;;0;1;0;0;113;11000016
2017;1000000685;686;4;1;0;1;;00003659;00000002;00000020;00000991;1;0;0;;;0;;;;;;;;0;1;0;0;34;11000004
2017;1000000686;687;14;2;1;1;;00004423;00000001;;00002910;1;0;0;;;0;;;0;;;;;0;1;0;0;134;11000019
2017;1000000687;688;12;2;1;1;;00001347;00000002;00000003;00002599;1;0;1;;;;;;;;;;;0;1;0;0;120;11000017
2017;1000000688;689;4;1;3;1;;00000186;00000001;00000008;00002847;1;0;0;;0;;;0;0;0;;;;0;1;;0;215;11000030
2017;1000000689;690;7;2;0;1;;00003463;00000002;00000010;00004492;1;0;0;;;;;;0;;;;;0;1;0;0;102;11000014
2017;1000000690;691;16;2;3;1;;00002842;00000001;00000023;00003839;1;0;0;;0;;0;;;;;;0;0;1;0;0;141;11000020
2017;1000000691;692;12;2;0;1;;00002412;00000002;00000025;00004043;2;0;0;;;;;;;0;;;;0;1;0;0;31;11000004
2017;1000000692;693;18;2;0;1;;00004370;00000001;00000002;;2;0;0;;0;;;;;;;;;0;1;;0;85;11000012
2017;1000000693;694;4;1;0;1;;00001530;00000002;00000019;00004574;1;0;0;0;;;0;;;;;;0;0;1;0;0;142;11000020
2017;1000000694;695;13;1;1;1;;00003737;00000002;;00004597;2;0;0;;;;;;0;;;;;0;1;0;1;13;11000001
2017;1000000695;696;5;1;0;1;;00004970;00000002;00000012;00001751;1;0;0;0;;0;;;;;;;;0;1;0;0;174;11000024
2017;1000000696;697;7;1;1;1;;00005424;00000001;;00004847;1;0;0;;;;;0;;;;0;;;1;0;0;53;11000007
2017;1000000697;698;23;2;3;1;;00000460;00000002;00000004;00002507;1;0;0;0;;1;;;;;;;;0;1;0;0;151;11000021
2017;1000000698;699;19;1;3;1;;00000511;00000002;00000009;00003648;2;0;0;;;0;;;;;;0;;0;1;0;0;154;11000021
2017;1000000699;700;8;2;1;1;;00004588;00000001;;00001317;1;0;1;;;;;;;;;;;0;1;0;0;1;11000000
2017;1000000700;701;4;1;1;1;;00005372;00000002;;00004422;1;0;0;0;;1;;;;;;;;0;1;0;0;139;11000019
2017;1000000701;702;7;2;1;1;;00002816;00000001;00000002;;2;0;0;;0;;;;;;;;;0;1;0;0;138;11000019
2017;1000000702;703;10;2;1;1;;00000428;00000002;;00003805;1;0;0;;;1;;;;;;;;;1;0;0;136;11000019
2017;1000000703;704;5;2;0;1;;00004895;00000002;00000021;00001663;1;0;1;;;;;;;;;;0;0;1;;0;9;11000001
2017;1000000704;705;4;2;1;1;;00005501;00000001;00000023;00002187;1;0;0;;;;;;;;;;;0;1;0;0;83;11000011
2017;1000000705;706;5;1;3;1;;00004107;00000002;00000016;;1;0;0;;;;0;1;;;;;;0;1;;0;200;11000028
2017;1000000706;707;14;2;0;1;;00004894;00000002;;;1;0;0;0;;1;;;0;0;;;;0;1;0;0;88;11000012
2017;1000000707;708;11;1;3;1;;00004387;00000001;;00002391;2;0;0;;;;0;;;;0;;;0;0;0;0;48;11000006
2017;1000000708;709;9;2;0;1;;00002393;00000001;;00003908;1;0;1;;0;0;0;0;;;;;;0;1;0;0;79;11000011
2017;1000000709;710;16;2;1;1;;00000632;00000002;00000022;00003872;1;0;0;;;;;;;0;;;0;0;1;0;0;52;11000007
2017;1000000710;711;4;2;1;1;;00001412;00000002;00000019;;2;0;0;;;;;;;;;;;0;1;1;;25;11000003
2017;1000000711;712;18;2;1;1;;00001148;00000001;00000014;00000162;1;0;0;;0;;;;;;;;;0;1;0;0;85;11000012
2017;1000000712;713;15;1;3;1;;00004239;00000002;;00001298;1;0;1;;;;0;0;;;;;;0;0;1;0;19;11000002
2017;1000000713;714;4;2;3;1;;00005300;00000001;00000010;00004173;1;0;0;0;;1;0;;;;;;;1;1;0;0;135;11000019
2017;1000000714;715;17;2;1;1;;00000181;00000001;00000016;00003732;1;0;1;;;;;;;;;;;0;1;0;0;41;11000005
2017;1000000715;716;4;1;1;1;;00005069;00000001;;00003524;2;0;0;;;;;;;;;;;0;1;0;0;55;11000007
2017;1000000716;717;15;2;0;1;;00003831;00000002;00000021;00003263;2;0;0;0;;;0;;;;;;0;;1;;0;200;11000028
2017;1000000717;718;11;2;0;1;;00005457;00000001;00000007;00000302;1;0;0;;;;0;1;;;;;;0;1;0;1;72;11000010
2017;1000000718;719;13;1;1;1;;00001491;00000002;;;1;0;0;;;;;;;;;;;0;1;0;0;111;11000015
2017;1000000719;720;5;2;1;1;;00005405;00000001;00000020;00000977;1;1;0;;;;;;;;;;;0;1;0;0;133;11000018
2017;1000000720;721;10;2;3;1;;00003610;00000001;00000019;;1;0;0;;;;;;;;;;;0;1;0;0;40;11000005
2017;1000000721;722;6;2;3;1;;00000816;00000001;00000009;;1;0;0;;;;;;;;;;;0;1;0;0;75;11000010
2017;1000000722;723;14;2;1;1;;00000563;00000001;00000025;;1;0;0;0;1;;0;;;;;;;0;1;0;0;129;11000018
2017;1000000723;724;9;1;0;3;;00003034;00000001;00000018;00004257;1;0;0;;;1;;;0;;;;;0;1;0;0;199;11000028
2017;1000000724;725;11;2;0;1;;00005557;00000001;;;1;0;0;;;;;;;0;0;0;0;0;1;;0;42;11000005
2017;1000000725;726;17;2;3;1;;00004241;00000001;00000009;00003796;1;0;1;;;;;;;;0;;;0;1;0;1;149;11000021
2017;1000000726;727;9;1;3;1;;00000374;00000001;00000026;00002777;1;0;1;;0;;;;;;;0;;0;1;0;0;27;11000003
2017;1000000727;728;8;2;1;1;;00000132;00000002;;;1;0;0;;;;;;;;;;;0;1;0;0;125;11000017
2017;1000000728;729;15;1;1;1;;00001920;00000002;00000004;;1;0;0;;;;;;;0;;;0;0;1;0;0;14;11000001
2017;1000000729;730;16;2;1;1;;00002251;00000001;00000006;00005349;2;0;0;0;;;0;;;0;;;0;0;1;0;0;124;11000017
2017;1000000730;731;15;1;3;3;;00001745;00000002;;00005157;1;0;0;;0;;;;;;;;;0;1;0;0;158;11000022
2017;1000000731;732;26;1;2;1;;00000431;00000001;00000006;00005119;1;1;0;;;;;1;;;;;;0;1;0;0;156;11000022
2017;1000000732;733;32;2;2;1;;00000508;00000002;;00000387;1;0;0;;;;;;0;;0;;;0;1;0;0;32;11000004
2017;1000000733;734;19;1;3;1;;00000822;00000002;;00005041;2;0;1;;0;;;;;;;;;0;1;0;0;5;11000000
2017;1000000734;735;12;1;3;1;;00000264;00000002;00000024;00001733;1;0;0;;;;;;;;;;;0;1;1;0;158;11000022
2017;1000000735;736;8;1;1;1;;00003925;00000002;;;1;0;1;;;;;;;;;;;0;1;0;1;31;11000004
2017;1000000736;737;9;2;0;1;;00001076;00000001;00000005;00004886;1;0;0;;;;;;;;;0;;0;1;0;0;64;11000009
2017;1000000737;738;5;2;1;1;;00005291;00000002;00000026;;1;0;0;0;;;;;;;;0;;0;1;0;0;152;11000021
2017;1000000738;739;6;2;1;1;;00003998;00000002;00000007;00002882;1;0;1;;;;;;;;;;;0;1;0;0;205;11000029
2017;1000000739;740;18;1;1;1;;00001350;00000002;;;1;0;0;0;;;0;;0;;;;;0;0;0;0;155;11000022
2017;1000000740;741;23;2;1;1;;00001122;00000001;;00005407;1;0;0;;0;;;;;;;;;0;1;0;0;47;11000006
2017;1000000741;742;16;2;0;1;;00000810;00000001;00000012;00002208;1;1;0;;0;0;;0;;;;;0;0;1;0;0;88;11000012
2017;1000000742;743;7;2;3;1;;00001377;00000002;00000012;00004643;1;0;0;;;;;;;;0;;;0;1;0;0;53;11000007
2017;1000000743;744;22;2;3;1;;00002882;00000002;00000012;00003944;1;1;0;;;;;;;;;;;0;1;0;0;8;11000001
2017;1000000744;745;4;1;3;1;;00001773;00000001;00000007;;2;0;0;;;;;;0;0;0;;;0;0;0;0;6;11000000
2017;1000000745;746;15;2;1;1;;00003358;00000002;00000024;;1;0;0;;;;;;0;;;;;;;0;0;210;11000029
2017;1000000746;747;13;1;0;1;;00005057;00000002;00000014;;1;0;0;;;;;;;;;;0;0;1;0;1;11;11000001
2017;1000000747;748;17;1;0;1;;00003254;00000001;00000027;;1;0;0;;;;;0;;0;;;;0;0;0;;75;11000010
2017;1000000748;749;4;1;0;1;;00004658;00000002;00000026;00004110;1;0;0;0;;;;;;;0;;;0;1;0;0;155;11000022
2017;1000000749;750;9;1;1;1;;00001117;00000001;;00003891;2;1;0;;0;;0;;;0;;0;;0;1;0;0;161;11000022
2017;1000000750;751;10;2;1;1;;00001976;00000001;00000004;00004269;1;0;0;0;0;1;;;;;;;;0;1;0;0;142;11000020
2017;1000000751;752;12;1;1;1;;00005439;00000001;00000001;00005337;1;0;0;;;;;;;;;;;0;;0;0;52;11000007
2017;1000000752;753;15;1;3;1;;00000757;00000001;00000002;00000269;1;0;0;;;;;;;;;;;0;1;;0;132;11000018
2017;1000000753;754;14;2;1;1;;00002575;00000001;00000026;00004726;1;0;0;;;1;;;0;;;0;;0;0;1;0;106;11000015
2017;1000000754;755;14;1;3;1;;00002569;00000002;00000014;00002663;2;0;0;;;;0;;;;0;;0;0;1;0;0;82;11000011
2017;1000000755;756;11;1;0;1;;00005445;00000001;;00003858;1;0;0;;;;;0;;;;;;0;1;1;0;190;11000027
2017;1000000756;757;7;2;0;1;;00002862;00000001;00000025;;1;0;1;0;;0;;;;;;;;0;1;0;0;119;11000016
2017;1000000757;758;14;2;1;1;;00002172;00000001;00000007;00003591;1;0;0;;;1;;;;;;;;;1;0;0;167;11000023
2017;1000000758;759;28;2;3;1;;00000201;00000002;00000004;;1;0;0;;;;;;;;;;;0;1;0;0;182;11000025
2017;1000000759;760;22;1;3;1;;00005219;00000001;00000010;00003440;1;0;1;;;;;;;;0;;0;0;1;0;0;60;11000008
2017;1000000760;761;49;2;3;1;;00001992;00000002;00000006;00003541;1;0;0;0;;;;0;;0;0;;0;0;1;0;0;67;11000009
2017;1000000761;762;5;1;3;1;;00004242;00000002;00000014;;1;0;0;;0;;;;;0;;0;;0;1;0;0;103;11000014
2017;1000000762;763;14;2;0;1;;00005475;00000001;00000001;00000912;1;0;1;;;1;;;;;;;;0;1;0;0;155;11000022
2017;1000000763;764;13;2;1;1;;00003359;00000002;;00002508;1;0;0;0;0;;;0;;;;;;0;1;0;0;12;11000001
2017;1000000764;765;5;2;1;1;;00005145;00000001;00000023;00003786;1;0;0;;;;;;;;;0;;0;1;0;0;195;11000027
2017;1000000765;766;5;2;3;1;;00005291;00000001;00000014;00003051;1;0;0;;;0;;;0;;;;;0;1;0;0;46;11000006
2017;1000000766;767;4;2;3;1;;00000065;00000002;00000027;00001865;1;0;0;;;0;;;;;0;;0;0;1;0;0;98;11000013
2017;1000000767;768;15;1;1;1;;00004636;00000001;00000014;00001417;1;0;0;0;;;;;;;;;;0;1;0;0;60;11000008
2017;1000000768;769;15;1;0;1;;00004599;00000002;00000019;00000556;1;0;0;0;;;;;1;;;;;;1;0;0;20;11000002
2017;1000000769;770;7;2;3;1;;00001779;00000001;;;1;0;0;;;0;;;;;;;;0;1;0;0;159;11000022
2017;1000000770;771;15;2;3;1;;00002977;00000001;00000026;;2;0;1;;;;0;;;;;;;0;0;0;0;185;11000026
2017;1000000771;772;12;1;1;1;;00002962;00000002;;00003557;1;0;0;0;;;;;;;0;;;0;1;;0;5;11000000
2017;1000000772;773;15;1;0;1;;00002932;00000001;00000019;00001461;2;0;0;;0;;;0;;;;;;0;1;0;0;44;11000006
2017;1000000773;774;10;1;2;1;;00004234;00000002;;;1;0;0;;;;;;0;;0;;;;1;0;0;72;11000010
2017;1000000774;775;4;2;0;1;;00002273;00000002;;;1;0;1;;0;;0;;;;0;;;0;1;0;0;106;11000015
2017;1000000775;776;13;1;5;2;;00002631;00000002;00000013;00003246;1;0;1;;;;;;0;;0;;;0;1;0;0;165;11000023
2017;1000000776;777;4;2;3;1;;00000057;00000001;;;1;0;0;;;;0;;;;0;;;0;1;0;0;5;11000000
2017;1000000777;778;4;1;1;1;;00003915;00000002;00000015;00004529;1;0;0;;0;;;;;;;;0;0;1;0;0;2;11000000
2017;1000000778;779;4;1;1;1;;00000512;00000001;;;1;0;0;;;;;;0;0;;1;;0;1;0;0;42;11000005
2017;1000000779;780;24;1;3;1;;00004353;00000002;00000026;;1;0;0;;;0;;;;0;;0;0;0;1;0;0;137;11000019
2017;1000000780;781;6;1;0;1;;00001388;00000002;00000006;00002686;1;0;0;;;;;;;;;;;0;1;0;0;99;11000014
2017;1000000781;782;6;2;0;1;;00004201;00000002;00000003;00000343;1;1;0;;;;;;0;;;0;;0;1;1;0;187;11000026
2017;1000000782;783;15;1;3;1;;00004567;00000001;;00001947;1;0;0;0;;;0;;;;0;;;0;1;0;0;180;11000025
2017;1000000783;784;12;1;5;1;;00002660;00000001;;00004810;1;0;0;;;;;;;;;;;0;;0;0;128;11000018
2017;1000000784;785;5;2;1;1;;00003960;00000002;;;1;0;0;;;;0;;;;;;;0;1;0;0;153;11000021
2017;1000000785;786;12;2;1;1;;00001866;00000002;00000027;00003606;2;1;0;0;;1;;;;;;;;0;1;0;0;72;11000010
2017;1000000786;787;11;1;3;1;;00004290;00000001;;;1;0;0;;;;;;;;;;0;;;0;0;29;11000004
2017;1000000787;788;6;1;2;1;;00004993;00000001;;00001280;1;0;0;;;;0;;;;0;;;0;0;0;0;107;11000015
2017;1000000788;789;15;1;3;1;;00001848;00000002;00000027;00002502;2;0;0;0;;0;;0;;;;;;0;1;;0;159;11000022
2017;1000000789;790;12;1;0;1;;00000465;00000002;;00001055;1;0;1;;;;;;;;;;;0;1;0;0;15;11000002
2017;1000000790;791;18;1;1;1;;00002349;00000002;;00001210;1;0;0;;;;;0;;;0;;;0;1;0;0;146;11000020
2017;1000000791;792;15;2;3;1;;00001068;00000001;00000027;00001492;1;0;0;;;;;0;0;;;;;0;1;0;0;190;11000027
2017;1000000792;793;6;1;1;1;;00001473;00000001;;00005246;1;0;0;;;;;0;;;;;0;0;1;0;1;68;11000009
2017;1000000793;794;13;2;3;1;;00000509;00000001;00000015;;1;0;0;;;;;;;;0;;;0;1;0;0;206;11000029
2017;1000000794;795;16;1;1;1;;00000338;00000002;00000012;00003664;1;0;0;;;;;;0;;;;;0;;0;;167;11000023
2017;1000000795;796;11;1;0;1;;00002072;00000002;;00003935;2;0;0;0;;;;;;;;0;;;1;0;0;96;11000013
2017;1000000796;797;15;1;3;1;;00003961;00000002;00000021;;1;0;0;;;;;;;;;;;0;1;0;0;185;11000026
2017;1000000797;798;14;1;0;1;;00005335;00000002;;00001496;1;0;0;;;;;;;;;;;0;0;0;0;11;11000001
2017;1000000798;799;4;2;0;1;;00000890;00000001;00000014;;2;0;0;0;;;;;;0;;;;;0;0;0;90;11000012
2017;1000000799;800;14;1;1;1;;00003154;00000002;;00001020;1;0;0;;;;0;;;;;;;0;1;0;0;129;11000018
2017;1000000800;801;19;2;0;1;;00004868;00000002;;;1;0;0;;;;;;;;;;;0;1;0;0;67;11000009
2017;1000000801;802;4;1;3;1;;00005243;00000001;00000002;;1;0;0;;;0;;;;;;;;0;1;0;0;128;11000018
2017;1000000802;803;14;2;3;1;;00001430;00000001;00000009;;1;0;1;;;;;0;;;;;;0;1;0;0;217;11000030
2017;1000000803;804;7;2;1;1;;00001425;00000001;;00000180;1;0;0;0;;;;;0;;;;;0;1;0;0;84;11000011
2017;1000000804;805;7;2;1;1;;00004018;00000001;00000025;00002006;1;0;0;;;;;;;;0;;0;0;1;1;0;11;11000001
2017;1000000805;806;14;1;1;1;;00005199;00000001;00000009;00000365;1;0;0;0;;;;;;;;0;;0;1;0;0;69;11000009
2017;1000000806;807;7;2;3;1;;00003121;00000001;00000026;00004177;1;0;0;;0;1;;;;0;;;;0;1;0;0;137;11000019
2017;1000000807;808;10;2;3;1;;00000876;00000002;;00003826;2;0;0;;;;;;;;0;;;0;;0;0;129;11000018
2017;1000000808;809;11;1;1;1;;00003779;00000001;;;1;0;0;;;;;;;;;;;0;1;0;0;171;11000024
2017;1000000809;810;7;1;1;1;;00000557;00000002;;;1;0;0;;0;1;;;;;;;;;1;0;0;183;11000026
2017;1000000810;811;14;2;1;1;;00003397;00000002;00000012;00004349;1;0;0;;;;;;;;0;;;0;1;0;0;147;11000020
2017;1000000811;812;4;1;0;1;;00002917;00000002;00000023;;1;0;0;;;;;;0;;;;0;0;1;1;0;177;11000025
2017;1000000812;813;8;1;1;1;;00002809;00000002;00000003;00000429;2;0;0;;;;0;;0;;;0;0;0;1;0;0;107;11000015
2017;1000000813;814;6;1;3;1;;00001398;00000002;;00004751;1;0;0;0;;;;;0;;;;;0;1;;0;46;11000006
2017;1000000814;815;4;1;3;1;;00003708;00000001;;00001731;1;0;0;;0;;;0;;;;0;0;0;1;0;0;74;11000010
2017;1000000815;816;6;1;1;1;;00002967;00000002;;;2;0;0;;;;;0;;;;0;;0;1;0;0;160;11000022
2017;1000000816;817;20;1;3;1;;00001561;00000002;;00003292;1;0;0;;0;;;;;;;;;0;0;0;0;6;11000000
2017;1000000817;818;12;2;0;1;;00000631;00000002;00000010;00000526;1;0;1;;;;;;;;;;0;0;1;;0;205;11000029
2017;1000000818;819;13;2;1;1;;00002906;00000001;;00000632;1;0;0;0;0;;0;;;;;0;;0;1;0;0;183;11000026
2017;1000000819;820;7;1;0;1;;00001017;00000002;00000003;00005076;2;0;0;0;;;;;;;;0;;0;1;0;0;167;11000023
2017;1000000820;821;10;2;1;1;;00002225;00000001;00000015;00005200;1;0;1;;;;;;;;0;;;0;1;0;;113;11000016
2017;1000000821;822;6;2;3;1;;00002223;00000002;;;2;0;0;;;;;;;;;;;0;;0;0;145;11000020
2017;1000000822;823;9;1;3;1;;00003535;00000002;00000022;00002346;1;0;1;;;;;;;0;;0;0;0;1;0;0;7;11000000
2017;1000000823;824;13;1;0;1;;00001048;00000002;;;2;0;0;;;;;;;;;;;0;1;0;0;217;11000030
2017;1000000824;825;13;2;1;1;;00001034;00000001;00000022;00001918;1;0;0;;;;;;;;0;;;0;1;0;1;62;11000008
2017;1000000825;826;28;2;1;1;;00000996;00000002;;;1;1;1;;;;;;;;;;;0;1;0;0;105;11000014
2017;1000000826;827;10;2;1;1;;00004755;00000001;00000023;;1;0;0;0;;;;;;;;;;0;1;0;0;157;11000022
2017;1000000827;828;13;1;3;1;;00003826;00000002;00000006;;1;0;0;;;1;;;;;;;;0;0;0;0;130;11000018
2017;1000000828;829;10;1;1;1;;00003775;00000002;00000007;;1;0;0;0;;1;;;;;;0;0;0;1;0;0;173;11000024
2017;1000000829;830;13;2;2;1;;00004009;00000001;00000005;00002487;1;0;0;;;;0;;;;;;;0;;0;0;4;11000000
2017;1000000830;831;10;1;3;1;;00001371;00000002;00000007;00004756;1;0;1;;;;0;;;;;0;;0;1;0;0;10;11000001
2017;1000000831;832;15;2;0;1;;00001467;00000001;00000013;00003740;1;0;0;;;;;0;;;;0;;0;1;0;0;135;11000019
2017;1000000832;833;13;1;1;1;;00000105;00000002;00000022;00005205;1;0;0;;;;;0;;;0;;;0;1;0;0;52;11000007
2017;1000000833;834;9;1;0;1;;00001994;00000002;00000015;;1;0;0;;;0;;;;;;0;;0;1;0;0;61;11000008
2017;1000000834;835;16;1;1;1;;00003470;00000001;;00004420;2;0;1;;;1;;;;;;;;;1;0;0;23;11000003
2017;1000000835;836;16;2;3;1;;00003555;00000002;;00000938;1;0;0;0;;1;;;;0;;;0;0;1;0;0;106;11000015
2017;1000000836;837;11;2;1;1;;00005367;00000002;00000006;00001915;1;0;0;;1;;;;;;;;;0;1;0;0;215;11000030
2017;1000000837;838;5;1;3;1;;00001906;00000002;00000017;00002439;1;0;0;;0;;;;0;;;;;0;1;0;0;22;11000003
2017;1000000838;839;21;2;0;1;;00000879;00000001;00000014;00005040;1;0;0;;;;;;;;;;;0;1;0;0;73;11000010
2017;1000000839;840;13;2;3;1;;00000606;00000001;;00005039;1;0;1;;0;;;;;;;;;0;1;0;0;23;11000003
2017;1000000840;841;17;2;0;1;;00003894;00000001;00000026;00000424;2;0;0;;;;;0;;;;;;0;1;0;0;63;11000008
2017;1000000841;842;17;1;0;1;;00003614;00000002;;;1;0;0;;;;;;;;0;;;;1;0;1;114;11000016
2017;1000000842;843;12;2;1;1;;00001050;00000002;00000003;00000929;1;0;0;;0;;;;0;;;0;0;1;;0;0;81;11000011
2017;1000000843;844;16;2;0;1;;00004720;00000002;00000002;00000425;1;0;0;;;;;;;;0;;0;0;1;0;0;132;11000018
2017;1000000844;845;7;1;0;1;;00003863;00000002;00000024;;1;0;1;;0;0;;;;0;0;0;0;;1;0;0;41;11000005
2017;1000000845;846;14;1;2;1;;00005267;00000001;;;2;0;0;;;;;;;0;;0;;0;1;0;0;189;11000026
2017;1000000846;847;11;1;0;1;;00001865;00000002;00000002;;2;0;0;;;;;;;;;;;0;1;0;0;186;11000026
2017;1000000847;848;9;2;3;1;;00004178;00000002;00000001;;2;0;0;;;;;0;;;0;0;;;1;0;0;87;11000012
2017;1000000848;849;17;1;0;1;;00002454;00000001;00000026;00001571;1;0;0;;;;;;;;;;0;0;1;1;0;15;11000002
2017;1000000849;850;14;2;1;1;;00003481;00000001;;00002846;2;0;0;;;;;;;;;;;0;1;;0;53;11000007
2017;1000000850;851;7;2;3;1;;00004920;00000001;;;1;0;1;;;;;;;;;;;;1;1;;87;11000012
2017;1000000851;852;4;2;1;1;;00005335;00000002;00000018;;1;0;0;;;;;;;;0;0;;0;1;;0;193;11000027
2017;1000000852;853;11;1;3;1;;00001048;00000001;00000013;00000587;2;0;0;;0;;;;;;;;;0;0;0;0;53;11000007
2017;1000000853;854;15;1;1;1;;00002776;00000002;;00001768;1;0;0;;;;0;;;0;0;;;0;1;0;0;134;11000019
2017;1000000854;855;6;2;1;1;;00005338;00000002;;00004700;2;0;0;;;;;;;;0;;;0;0;1;0;156;11000022
2017;1000000855;856;13;2;1;1;;00000796;00000002;;00000800;1;0;0;;0;;0;;;;;;;0;0;;1;44;11000006
2017;1000000856;857;16;1;0;1;;00000327;00000001;;;1;0;1;;;;;;;;;0;;0;1;0;0;108;11000015
2017;1000000857;858;20;1;0;1;;00005199;00000001;00000015;00004199;2;0;0;;0;;0;;;;;0;;0;1;0;0;89;11000012
2017;1000000858;859;15;2;0;1;;00001613;00000002;00000011;;1;0;0;;;;;0;0;0;0;;;0;1;0;0;103;11000014
2017;1000000859;860;21;2;0;1;;00003463;00000002;;;1;0;0;;;;;;0;;;;;0;1;0;0;39;11000005
2017;1000000860;861;35;1;0;1;;00002098;00000001;00000015;;1;0;0;;;1;;;;;;0;;0;1;1;0;73;11000010
2017;1000000861;862;5;2;0;1;;00002744;00000001;;;1;0;0;;;;0;0;;0;;;;0;1;0;0;75;11000010
2017;1000000862;863;11;1;1;1;;00003024;00000001;00000008;00002954;1;0;0;;;;;;;;;;;0;1;0;0;97;11000013
2017;1000000863;864;10;2;1;1;;00003453;00000001;00000025;00002619;1;0;0;;;;;;;;0;;;0;1;1;0;82;11000011
2017;1000000864;865;9;1;1;1;;00003536;00000001;00000019;00001015;1;0;0;;0;;0;;;;0;;;0;1;0;0;210;11000029
2017;1000000865;866;4;1;0;1;;00005238;00000001;00000021;;1;0;0;;;;;;;;;0;;0;1;0;0;153;11000021
2017;1000000866;867;13;1;3;1;;00001034;00000002;;;1;1;0;;;1;;;;;;;;0;1;0;;170;11000024
2017;1000000867;868;14;2;1;1;;00004216;00000001;;00005156;1;0;0;0;;;;;;;;;;0;1;0;0;141;11000020
2017;1000000868;869;8;1;3;1;;00002004;00000002;00000015;;1;0;1;0;;1;;;;;;;;0;1;0;0;156;11000022
2017;1000000869;870;9;1;3;1;;00002158;00000001;;;1;0;0;;0;;;;0;;0;;0;0;1;0;0;51;11000007
2017;1000000870;871;17;2;2;1;;00001394;00000001;00000022;;1;0;0;;0;;;;;;;;0;0;1;0;;25;11000003
2017;1000000871;872;18;1;1;1;;00005178;00000001;00000003;00003050;1;0;1;;;;;;;;;;;0;1;0;0;26;11000003
2017;1000000872;873;13;1;1;1;;00005250;00000001;00000019;;1;0;1;;;;;;;;;;;0;1;0;;79;11000011
2017;1000000873;874;4;2;1;1;;00003272;00000002;00000015;00004554;1;0;0;;0;;0;;0;;;;;0;1;0;;196;11000027
2017;1000000874;875;15;1;0;1;;00004205;00000001;00000017;;1;0;0;;;;;;0;;;0;;0;1;0;0;184;11000026
2017;1000000875;876;5;2;3;1;;00005056;00000002;;00005478;1;0;1;;;;;;;;;0;;;1;0;0;185;11000026
2017;1000000876;877;12;2;0;1;;00004225;00000002;00000015;00000305;1;0;0;;;1;;;0;;0;;;0;1;0;0;25;11000003
2017;1000000877;878;8;2;1;1;;00004110;00000002;00000023;00000499;1;0;0;;;;;;;;;;;0;1;0;0;23;11000003
2017;1000000878;879;4;1;0;1;;00005295;00000002;00000007;;1;0;0;;;;;;;;0;;;0;1;0;0;41;11000005
2017;1000000879;880;16;1;1;1;;00001132;00000001;;;1;0;0;;;;0;;;;;;;0;1;0;0;204;11000029
2017;1000000880;881;19;1;0;1;;00002004;00000002;00000020;00000180;1;0;0;;0;;;;0;0;;0;;0;1;0;0;116;11000016
2017;1000000881;882;4;2;0;1;;00002742;00000001;00000025;00003109;2;0;0;;;;;;;;;0;;;1;0;;114;11000016
2017;1000000882;883;6;1;1;1;;00003983;00000001;00000002;;1;0;1;;;;;;0;;;;;0;1;0;0;11;11000001
2017;1000000883;884;17;2;1;1;;00000678;00000001;00000023;00001847;1;0;0;0;;1;;0;;;;0;0;0;;0;0;26;11000003
2017;1000000884;885;4;1;0;1;;00001267;00000002;00000015;00005379;1;0;1;;;0;;;;;;0;;0;1;0;0;110;11000015
2017;1000000885;886;14;1;3;1;;00004085;00000002;;00002148;2;0;1;;0;;;;;0;0;;;0;1;0;0;189;11000026
2017;1000000886;887;10;1;1;1;;00003273;00000002;;00002287;2;0;0;;1;;0;;0;;;;;0;1;0;0;45;11000006
2017;1000000887;888;12;2;1;1;;00005380;00000002;00000005;00000954;1;0;0;;;;;;;;;;;0;1;0;0;96;11000013
2017;1000000888;889;4;1;3;1;;00000478;00000001;00000001;00002083;1;0;1;;;;;;;;;0;;0;1;0;0;185;11000026
2017;1000000889;890;17;2;3;1;;00001358;00000002;00000011;00001096;1;0;0;;;0;0;;0;;0;;0;;1;0;0;11;11000001
2017;1000000890;891;11;1;0;1;;00005011;00000002;00000009;;1;0;0;;0;;0;0;;;;;;0;0;0;0;38;11000005
2017;1000000891;892;8;2;3;1;;00001988;00000001;00000001;;1;0;1;;;;;;;;;;0;0;1;0;0;177;11000025
2017;1000000892;893;6;1;1;1;;00000702;00000002;00000008;00004721;1;0;1;0;;;;0;;;;;;0;0;;0;19;11000002
2017;1000000893;894;9;2;1;1;;00004813;00000002;00000012;;1;0;0;;;;0;;;;;;;0;1;0;0;105;11000014
2017;1000000894;895;15;1;1;1;;00005317;00000001;;00002903;1;0;0;;;;0;;1;;;0;;0;0;0;0;45;11000006
2017;1000000895;896;19;2;3;1;;00002162;00000002;00000015;00001890;1;0;0;;;;;;;;;;;;;0;0;182;11000025
2017;1000000896;897;15;2;3;1;;00004432;00000001;;;1;0;0;;;;;;;;;;;0;1;0;0;31;11000004
2017;1000000897;898;12;2;1;1;;00000056;00000001;;00000426;1;0;1;;1;;0;;;;;;;0;1;0;0;88;11000012
2017;1000000898;899;5;1;0;1;;00003675;00000001;00000019;00003810;1;0;0;0;;;0;;0;;0;;;0;1;;0;121;11000017
2017;1000000899;900;5;2;1;1;;00004201;00000001;00000023;00004433;1;0;0;;;;;;;0;0;;;0;1;1;0;179;11000025
2017;1000000900;901;12;2;3;1;;00002366;00000001;00000019;00001801;1;1;1;0;;1;;;;0;;;;0;1;0;0;27;11000003
2017;1000000901;902;13;1;2;1;;00005256;00000002;00000022;00003137;1;0;0;;0;1;0;;;;;;;;1;0;;98;11000013
2017;1000000902;903;15;1;1;1;;00000502;00000001;00000014;;1;0;0;;;0;;;;;;;;0;0;0;0;65;11000009
2017;1000000903;904;13;2;1;1;;00004774;00000002;00000004;00001948;1;0;0;;;;;;;;;0;;0;1;0;0;187;11000026
2017;1000000904;905;16;2;1;1;;00003649;00000001;00000020;00002733;1;0;0;0;;;0;;;;;0;;0;1;;0;49;11000006
2017;1000000905;906;22;2;0;1;;00000654;00000002;;00000974;1;0;0;;;;;;;;;;;0;1;0;0;79;11000011
2017;1000000906;907;9;1;1;1;;00001940;00000001;00000002;00004295;1;0;1;;;;;0;;;;0;;0;1;0;0;46;11000006
2017;1000000907;908;10;2;0;1;;00003312;00000002;;;1;0;1;;0;;;0;;;;;;0;1;0;1;95;11000013
2017;1000000908;909;7;2;0;1;;00005540;00000002;00000025;;1;0;0;;;;0;;;;0;0;;0;0;0;0;204;11000029
2017;1000000909;910;12;1;0;1;;00005025;00000001;00000020;00003193;2;0;0;;;;;0;;;;;;0;1;1;1;164;11000023
2017;1000000910;911;9;1;0;1;;00004865;00000002;00000023;;1;0;1;;;1;0;;;;;0;;0;1;0;0;14;11000001
2017;1000000911;912;9;2;1;1;;00003087;00000001;00000004;;2;0;0;;0;;;;;;;;;0;1;0;0;147;11000020
2017;1000000912;913;23;2;0;1;;00000331;00000002;00000021;00000962;1;0;1;;;;;;;;;;;0;1;1;;91;11000012
2017;1000000913;914;19;1;1;1;;00003487;00000002;00000008;;1;0;0;;;;;;;;;0;;0;1;0;0;100;11000014
2017;1000000914;915;4;2;3;1;;00001074;00000002;00000014;00004024;1;0;0;;;1;;;;;;0;;;0;0;0;162;11000023
2017;1000000915;916;4;2;1;1;;00003039;00000002;;00005448;1;0;1;;1;;;;;0;;;;0;1;0;0;207;11000029
2017;1000000916;917;65;2;3;1;;00005337;00000002;00000003;00003721;1;0;0;;;;;;;;;0;;0;1;0;0;165;11000023
2017;1000000917;918;16;2;1;1;;00000699;00000001;00000008;00004963;1;0;0;;;;;;;;;;;0;1;0;0;183;11000026
2017;1000000918;919;10;1;3;1;;00001130;00000001;00000018;00003481;1;0;0;;;1;0;;;;;0;;0;1;0;0;157;11000022
2017;1000000919;920;14;1;1;1;;00001010;00000002;00000014;00003878;1;0;0;;0;;;;;;;;;0;1;0;0;150;11000021
2017;1000000920;921;17;2;1;1;;00003682;00000002;;;2;1;0;;;;0;;;;;;;0;1;1;0;159;11000022
2017;1000000921;922;39;2;3;1;;00001715;00000001;00000011;;1;0;0;;;;;;0;0;;;;0;1;0;0;178;11000025
2017;1000000922;923;39;2;1;1;;00001394;00000001;;;1;0;0;;;;;;;;;;;;;0;;51;11000007
2017;1000000923;924;12;2;0;1;;00000816;00000001;;00002668;1;0;1;;;;;;;;;;;0;1;0;0;83;11000011
2017;1000000924;925;6;1;3;1;;00002563;00000001;00000006;00002558;2;0;0;;;;;0;;0;;0;;;1;0;0;198;11000028
2017;1000000925;926;18;1;3;1;;00004277;00000002;00000002;;2;0;0;0;;;;;;;;;;0;1;0;0;145;11000020
2017;1000000926;927;14;1;3;1;;00002246;00000001;;;1;0;0;;;;0;;;;;;;0;;;0;160;11000022
2017;1000000927;928;9;1;1;1;;00003146;00000002;00000016;00000124;1;0;0;;;;;;0;;;;0;0;1;0;0;87;11000012
2017;1000000928;929;14;1;3;1;;00005289;00000002;00000027;00001470;1;0;1;;;;;;;;0;;;0;1;0;0;202;11000028
2017;1000000929;930;8;2;3;1;;00000647;00000002;00000018;00001946;1;0;0;;;;;;;;;;;0;1;0;0;138;11000019
2017;1000000930;931;8;2;5;1;;00001355;00000001;;00004946;2;0;0;;;;;;;0;;;0;0;0;0;0;111;11000015
2017;1000000931;932;24;2;0;1;;00002030;00000001;00000017;00004139;1;0;1;;;;;;;;0;;;0;1;0;0;216;11000030
2017;1000000932;933;19;2;0;1;;00000493;00000002;;;1;0;0;;;;0;;;;;;;0;1;0;0;101;11000014
2017;1000000933;934;21;1;0;1;;00000821;00000002;;;1;0;1;;;1;0;;;;;;;0;1;0;0;164;11000023
2017;1000000934;935;4;2;1;1;;00004717;00000002;00000016;00000241;1;0;0;;;;;;;0;;0;0;0;1;0;0;134;11000019
2017;1000000935;936;12;1;1;1;;00002523;00000002;00000019;00004849;1;0;0;0;;0;;;;;;;0;0;1;0;0;210;11000029
2017;1000000936;937;13;2;3;1;;00004850;00000002;00000001;00003310;1;0;1;;;;;0;;;;;;0;1;0;0;126;11000017
2017;1000000937;938;9;2;3;1;;00004106;00000002;00000018;00000528;2;0;1;;;;;;;;;;0;0;1;0;0;4;11000000
2017;1000000938;939;10;2;1;1;;00004305;00000002;;00002943;1;0;0;;;;;;;;;;0;;1;0;0;41;11000005
2017;1000000939;940;17;2;3;1;;00000530;00000002;00000021;00003601;1;0;0;;;;;;;0;;;;0;1;0;0;178;11000025
2017;1000000940;941;8;2;0;1;;00000416;00000001;00000006;;1;0;1;;;;;;;;;;;0;1;0;0;24;11000003
2017;1000000941;942;7;2;1;1;;00005405;00000001;;00003878;1;0;0;0;;;;1;0;;;;0;0;1;0;0;202;11000028
2017;1000000942;943;12;2;0;1;;00004758;00000001;;;1;0;0;;;;;;0;;;0;0;0;1;0;0;69;11000009
2017;1000000943;944;9;1;0;1;;00000021;00000002;00000022;00001844;1;0;0;;;1;;;;;0;;;0;1;0;0;64;11000009
2017;1000000944;945;4;2;1;1;;00002039;00000001;00000012;00002610;1;0;0;;;;;;;;;;0;0;0;1;0;95;11000013
2017;1000000945;946;15;1;1;1;;00002461;00000001;00000006;;1;0;0;0;;;;;;;;;;0;;0;0;46;11000006
2017;1000000946;947;13;2;0;1;;00002435;00000002;00000011;;2;0;0;;;1;;0;;;;0;;0;1;0;0;118;11000016
2017;1000000947;948;5;1;0;1;;00001743;00000001;00000027;;1;0;0;0;;;;;;0;;0;0;0;1;0;0;1;11000000
2017;1000000948;949;7;2;3;1;;00004471;00000002;00000025;;1;0;1;;;;;;;;0;;;0;1;0;0;41;11000005
2017;1000000949;950;12;2;2;1;;00003078;00000001;;00002805;2;0;1;;0;;;0;;;;0;0;0;1;0;0;111;11000015
2017;1000000950;951;9;1;3;1;;00000317;00000001;00000024;;1;0;0;0;;;;;0;;;;;0;1;0;0;57;11000008
2017;1000000951;952;15;2;3;1;;00002672;00000002;00000023;00002782;1;1;0;;;;;0;;0;;;;0;1;0;0;136;11000019
2017;1000000952;953;11;2;1;1;;00004801;00000002;;00003457;1;0;0;;0;;;;;;;;0;0;;0;0;209;11000029
2017;1000000953;954;4;1;0;1;;00001751;00000002;00000017;;1;0;0;;;1;;;;;;;;0;1;0;0;81;11000011
2017;1000000954;955;15;2;1;1;;00003165;00000002;;00001711;1;0;1;;;;;;0;;0;;;0;1;0;0;190;11000027
2017;1000000955;956;6;2;0;1;;00003039;00000002;;00003389;1;0;0;;;;;;;;;;0;0;0;0;0;210;11000029
2017;1000000956;957;6;1;3;1;;00002581;00000001;00000001;;1;0;0;;;;;0;;;;;;0;0;;0;72;11000010
2017;1000000957;958;17;1;3;1;;00000769;00000002;00000018;;1;0;1;;;;;1;;;;;;0;1;0;0;92;11000013
2017;1000000958;959;6;1;0;1;;00004583;00000001;;00004809;1;0;1;;0;;;1;;0;0;;;0;1;0;0;22;11000003
2017;1000000959;960;5;1;0;1;;00004323;00000002;00000011;;1;0;0;;;1;;;0;;0;0;;0;;0;;47;11000006
2017;1000000960;961;15;1;3;1;;00003231;00000001;00000013;;2;0;0;;;0;;;;;;;;0;1;0;;203;11000028
2017;1000000961;962;6;1;3;1;;00000098;00000002;;;1;0;0;;;;;;;;;;;0;1;1;0;65;11000009
2017;1000000962;963;13;2;3;1;;00003722;00000001;;00000806;1;0;0;;;;;;;0;;;;0;1;0;0;196;11000027
2017;1000000963;964;17;2;0;1;;00003641;00000001;;;1;0;0;;;;;0;0;;;;;0;1;;0;122;11000017
2017;1000000964;965;12;2;0;1;;00000429;00000001;00000009;00003658;1;0;0;0;;;;;;;;0;;0;;0;0;134;11000019
2017;1000000965;966;4;1;1;1;;00002402;00000001;00000004;00002208;1;0;0;;;1;;0;;0;;;;0;1;0;0;41;11000005
2017;1000000966;967;12;1;0;1;;00003632;00000001;00000023;;1;0;1;;;1;0;;;;0;;;;;0;0;171;11000024
2017;1000000967;968;14;2;3;1;;00000152;00000002;;00002680;2;0;0;;;;;;;;;;;0;1;0;0;182;11000025
2017;1000000968;969;17;2;3;1;;00001583;00000002;00000025;00003202;1;0;0;0;;0;;;;;;0;;0;;0;0;11;11000001
2017;1000000969;970;10;1;3;1;;00003655;00000002;00000008;;1;0;0;;1;;;;;0;0;;0;0;1;0;0;105;11000014
2017;1000000970;971;15;2;0;1;;00000685;00000002;00000020;00002274;1;0;0;;0;;;;;;;;0;0;0;0;0;127;11000018
2017;1000000971;972;8;2;5;1;;00003871;00000002;00000013;;1;0;1;;0;;;;0;0;;;;0;1;1;0;41;11000005
2017;1000000972;973;16;1;1;1;;00004189;00000001;00000014;;1;0;0;;;0;;;;;;0;;0;1;0;0;178;11000025
2017;1000000973;974;16;2;1;1;;00000217;00000001;;00001245;1;0;0;;;1;0;;;;;;;0;;0;0;127;11000018
2017;1000000974;975;13;1;3;1;;00000028;00000001;;;1;0;1;;;;;0;;;;;0;0;1;0;0;85;11000012
2017;1000000975;976;14;2;3;1;;00005543;00000002;00000019;;1;0;0;;;;0;;0;;;;;0;1;0;0;82;11000011
2017;1000000976;977;11;1;1;1;;00001879;00000001;00000010;;1;0;0;;;;;;;;0;0;0;0;1;0;0;135;11000019
2017;1000000977;978;9;2;2;1;;00000669;00000002;00000010;00005293;1;0;0;;;;;;;0;;;;0;1;0;0;38;11000005
2017;1000000978;979;5;2;0;1;;00001944;00000001;;00001469;1;0;0;0;;;;;;;;;;0;1;0;1;9;11000001
2017;1000000979;980;12;2;0;1;;00004879;00000002;;00001483;2;0;0;;;;;;;;;;;0;1;0;0;27;11000003
2017;1000000980;981;15;1;3;1;;00004547;00000002;;00003069;1;0;0;;;;0;;;0;0;0;;0;;0;0;46;11000006
2017;1000000981;982;13;2;1;1;;00000304;00000002;00000027;00003908;1;0;;;;;;;;;;;;0;1;0;0;74;11000010
2017;1000000982;983;8;1;0;1;;00003959;00000002;;;1;0;1;;0;;0;;0;;;;;0;1;0;0;149;11000021
2017;1000000983;984;17;1;0;1;;00000832;00000002;00000015;00004561;1;1;0;0;;;;0;;0;;;;0;1;0;0;29;11000004
2017;1000000984;985;8;2;3;1;;00002883;00000001;;00004068;1;0;1;;;;0;0;;;;;0;;1;0;0;84;11000011
2017;1000000985;986;10;1;1;1;;00004419;00000002;00000016;;1;0;0;;;;;;0;;0;0;;0;;0;0;112;11000015
2017;1000000986;987;4;2;0;1;;00002016;00000001;00000023;00001315;1;0;0;;;;;0;0;;0;;0;0;1;;0;71;11000010
2017;1000000987;988;12;1;3;1;;00004525;00000002;00000014;;2;0;0;;;1;;;;;;;;0;1;;0;109;11000015
2017;1000000988;989;11;1;3;1;;00001790;00000001;00000002;00001471;1;0;0;0;;;;;;;;;;0;1;0;0;179;11000025
2017;1000000989;990;4;1;3;1;;00003738;00000001;00000027;;1;0;1;;0;;;;;;;;;0;1;0;0;17;11000002
2017;1000000990;991;4;1;3;1;;00003929;00000002;00000004;00005454;1;0;0;;;;;;;;;;;;1;0;0;25;11000003
2017;1000000991;992;12;2;1;1;;00004136;00000002;;;1;0;0;;0;;0;;;;;;;0;1;0;0;49;11000006
2017;1000000992;993;17;2;3;1;;00004965;00000001;00000011;;1;1;1;;;;;;0;;;;;0;1;1;0;5;11000000
2017;1000000993;994;18;1;3;1;;00001557;00000002;;;1;0;0;;;;;0;;;;;0;0;;;1;71;11000010
2017;1000000994;995;12;1;0;1;;00002042;00000002;;00002346;1;0;0;;;;0;;0;;;;;0;1;0;;141;11000020
2017;1000000995;996;14;1;1;1;;00001365;00000002;;00001238;2;0;0;;;;;;;;;;;0;1;1;0;55;11000007
2017;1000000996;997;7;2;1;1;;00004057;00000001;00000007;;1;0;0;;;0;;;;;;;;0;1;0;1;96;11000013
2017;1000000997;998;13;2;5;1;;00001863;00000002;00000009;00001313;1;0;0;0;;;;;;;;;0;;;0;0;191;11000027
2017;1000000998;999;8;2;0;1;;00003373;00000001;;00004399;2;0;0;;;1;0;;;;;0;;0;1;;0;9;11000001
2017;1000000999;1000;13;1;3;1;;00003833;00000001;00000027;00002075;1;0;0;;0;0;;0;;;;;0;0;1;0;0;158;11000022
